# Blender 3.4.1
# www.blender.org
mtllib truck.mtl
o Head
v -6.500000 2.000000 -1.000000
v -6.500000 0.000000 -1.000000
v -6.500000 2.000000 1.000000
v -6.500000 0.000000 1.000000
v 3.500000 2.000000 -1.000000
v 3.500000 0.000000 -1.000000
v 3.500000 2.000000 1.000000
v 3.500000 0.000000 1.000000
vn -0.0000 1.0000 -0.0000
vn -0.0000 -0.0000 1.0000
vn 1.0000 -0.0000 -0.0000
vn -0.0000 -1.0000 -0.0000
vn -1.0000 -0.0000 -0.0000
vn -0.0000 -0.0000 -1.0000
vt 0.625000 0.500000
vt 0.375000 0.500000
vt 0.625000 0.750000
vt 0.375000 0.750000
vt 0.875000 0.500000
vt 0.625000 0.250000
vt 0.125000 0.500000
vt 0.375000 0.250000
vt 0.875000 0.750000
vt 0.625000 1.000000
vt 0.625000 0.000000
vt 0.375000 1.000000
vt 0.375000 0.000000
vt 0.125000 0.750000
s 0
usemtl Material
f 1/1/1 3/3/1 7/9/1 5/5/1
f 4/4/2 8/12/2 7/10/2 3/3/2
f 8/13/3 6/8/3 5/6/3 7/11/3
f 6/7/4 8/14/4 4/4/4 2/2/4
f 2/2/5 4/4/5 3/3/5 1/1/5
f 6/8/6 2/2/6 1/1/6 5/6/6
o Load
v 3.500000 0.000000 1.000000
v 3.500000 1.700000 1.000000
v 3.500000 0.000000 -1.000000
v 3.500000 1.700000 -1.000000
v 5.500000 0.000000 1.000000
v 4.943590 1.108770 1.000000
v 5.500000 0.000000 -1.000000
v 4.943590 1.108770 -1.000000
vn -1.0000 -0.0000 -0.0000
vn -0.0000 -0.0000 -1.0000
vn 0.8938 0.4485 -0.0000
vn -0.0000 -0.0000 1.0000
vn -0.0000 -1.0000 -0.0000
vn 0.3790 0.9254 -0.0000
vt 0.375000 0.000000
vt 0.375000 1.000000
vt 0.125000 0.750000
vt 0.625000 0.000000
vt 0.625000 1.000000
vt 0.875000 0.750000
vt 0.375000 0.250000
vt 0.125000 0.500000
vt 0.625000 0.250000
vt 0.875000 0.500000
vt 0.375000 0.750000
vt 0.625000 0.750000
vt 0.375000 0.500000
vt 0.625000 0.500000
s 0
f 9/15/7 10/18/7 12/23/7 11/21/7
f 11/21/8 12/23/8 16/28/8 15/27/8
f 15/27/9 16/28/9 14/26/9 13/25/9
f 13/25/10 14/26/10 10/19/10 9/16/10
f 11/22/11 15/27/11 13/25/11 9/17/11
f 16/28/12 12/24/12 10/20/12 14/26/12
g Tire_005
o Tire.005
v 2.531287 -0.119396 0.500000
v 2.412179 -0.005852 0.571551
v 2.650395 -0.005851 0.571551
v 2.531287 -0.119396 1.100000
v 2.650395 -0.005852 1.028449
v 2.412179 -0.005851 1.028449
v 2.568593 -0.121229 0.500000
v 2.461187 0.003444 0.571551
v 2.698257 -0.019906 0.571551
v 2.568593 -0.121229 1.100000
v 2.698257 -0.019906 1.028449
v 2.461187 0.003444 1.028449
v 2.605539 -0.126709 0.500000
v 2.510871 0.007891 0.571551
v 2.744510 -0.038583 0.571551
v 2.605539 -0.126709 1.100000
v 2.744510 -0.038583 1.028449
v 2.510871 0.007891 1.028449
v 2.641771 -0.135785 0.500000
v 2.560751 0.007446 0.571551
v 2.788710 -0.061705 0.571551
v 2.641771 -0.135785 1.100000
v 2.788710 -0.061705 1.028449
v 2.560751 0.007446 1.028449
v 2.676938 -0.148368 0.500000
v 2.610348 0.002115 0.571551
v 2.830431 -0.089047 0.571551
v 2.676938 -0.148368 1.100000
v 2.830431 -0.089047 1.028449
v 2.610348 0.002115 1.028449
v 2.710702 -0.164337 0.500000
v 2.659183 -0.008052 0.571551
v 2.869271 -0.120347 0.571551
v 2.710702 -0.164337 1.100000
v 2.869271 -0.120347 1.028449
v 2.659183 -0.008052 1.028449
v 2.742739 -0.183539 0.500000
v 2.706786 -0.022957 0.571551
v 2.904856 -0.155304 0.571551
v 2.742739 -0.183539 1.100000
v 2.904856 -0.155304 1.028449
v 2.706786 -0.022957 1.028449
v 2.772740 -0.205789 0.500000
v 2.752699 -0.042456 0.571551
v 2.936844 -0.193580 0.571551
v 2.772740 -0.205789 1.100000
v 2.936844 -0.193580 1.028449
v 2.752699 -0.042456 1.028449
v 2.800415 -0.230872 0.500000
v 2.796480 -0.066362 0.571551
v 2.964925 -0.234807 0.571551
v 2.800415 -0.230872 1.100000
v 2.964925 -0.234807 1.028449
v 2.796480 -0.066362 1.028449
v 2.825498 -0.258547 0.500000
v 2.837707 -0.094443 0.571551
v 2.988831 -0.278588 0.571551
v 2.825498 -0.258547 1.100000
v 2.988831 -0.278588 1.028449
v 2.837707 -0.094443 1.028449
v 2.847748 -0.288548 0.500000
v 2.875983 -0.126431 0.571551
v 3.008330 -0.324501 0.571551
v 2.847748 -0.288548 1.100000
v 3.008330 -0.324501 1.028449
v 2.875983 -0.126431 1.028449
v 2.866950 -0.320584 0.500000
v 2.910940 -0.162016 0.571551
v 3.023234 -0.372104 0.571551
v 2.866950 -0.320584 1.100000
v 3.023234 -0.372104 1.028449
v 2.910940 -0.162016 1.028449
v 2.882919 -0.354349 0.500000
v 2.942240 -0.200856 0.571551
v 3.033401 -0.420939 0.571551
v 2.882919 -0.354349 1.100000
v 3.033401 -0.420939 1.028449
v 2.942240 -0.200856 1.028449
v 2.895502 -0.389516 0.500000
v 2.969582 -0.242577 0.571551
v 3.038733 -0.470536 0.571551
v 2.895502 -0.389516 1.100000
v 3.038733 -0.470536 1.028449
v 2.969582 -0.242577 1.028449
v 2.904578 -0.425748 0.500000
v 2.992704 -0.286776 0.571551
v 3.039177 -0.520416 0.571551
v 2.904578 -0.425748 1.100000
v 3.039177 -0.520416 1.028449
v 2.992704 -0.286777 1.028449
v 2.910058 -0.462694 0.500000
v 3.011381 -0.333030 0.571551
v 3.034731 -0.570100 0.571551
v 2.910058 -0.462695 1.100000
v 3.034731 -0.570100 1.028449
v 3.011381 -0.333030 1.028449
v 2.911891 -0.500000 0.500000
v 3.025435 -0.380892 0.571551
v 3.025435 -0.619108 0.571551
v 2.911891 -0.500000 1.100000
v 3.025435 -0.619108 1.028449
v 3.025435 -0.380892 1.028449
v 2.910058 -0.537305 0.500000
v 3.034731 -0.429900 0.571551
v 3.011381 -0.666970 0.571551
v 2.910058 -0.537305 1.100000
v 3.011381 -0.666970 1.028449
v 3.034731 -0.429900 1.028449
v 2.904578 -0.574252 0.500000
v 3.039177 -0.479584 0.571551
v 2.992704 -0.713223 0.571551
v 2.904578 -0.574252 1.100000
v 2.992704 -0.713224 1.028449
v 3.039177 -0.479584 1.028449
v 2.895502 -0.610484 0.500000
v 3.038733 -0.529464 0.571551
v 2.969582 -0.757423 0.571551
v 2.895502 -0.610484 1.100000
v 2.969582 -0.757423 1.028449
v 3.038733 -0.529464 1.028449
v 2.882919 -0.645651 0.500000
v 3.033401 -0.579061 0.571551
v 2.942240 -0.799144 0.571551
v 2.882919 -0.645651 1.100000
v 2.942240 -0.799144 1.028449
v 3.033401 -0.579061 1.028449
v 2.866950 -0.679416 0.500000
v 3.023234 -0.627896 0.571551
v 2.910940 -0.837984 0.571551
v 2.866950 -0.679416 1.100000
v 2.910940 -0.837984 1.028449
v 3.023234 -0.627896 1.028449
v 2.847748 -0.711452 0.500000
v 3.008330 -0.675499 0.571551
v 2.875983 -0.873569 0.571551
v 2.847748 -0.711452 1.100000
v 2.875983 -0.873569 1.028449
v 3.008330 -0.675499 1.028449
v 2.825498 -0.741453 0.500000
v 2.988831 -0.721412 0.571551
v 2.837707 -0.905557 0.571551
v 2.825498 -0.741453 1.100000
v 2.837707 -0.905557 1.028449
v 2.988831 -0.721412 1.028449
v 2.800415 -0.769128 0.500000
v 2.964925 -0.765193 0.571551
v 2.796480 -0.933638 0.571551
v 2.800415 -0.769128 1.100000
v 2.796480 -0.933638 1.028449
v 2.964925 -0.765193 1.028449
v 2.772740 -0.794211 0.500000
v 2.936844 -0.806420 0.571551
v 2.752699 -0.957544 0.571551
v 2.772740 -0.794211 1.100000
v 2.752699 -0.957544 1.028449
v 2.936844 -0.806420 1.028449
v 2.742739 -0.816461 0.500000
v 2.904856 -0.844696 0.571551
v 2.706786 -0.977043 0.571551
v 2.742739 -0.816461 1.100000
v 2.706786 -0.977043 1.028449
v 2.904856 -0.844696 1.028449
v 2.710702 -0.835663 0.500000
v 2.869271 -0.879653 0.571551
v 2.659183 -0.991948 0.571551
v 2.710702 -0.835663 1.100000
v 2.659183 -0.991948 1.028449
v 2.869271 -0.879653 1.028449
v 2.676938 -0.851632 0.500000
v 2.830431 -0.910953 0.571551
v 2.610348 -1.002115 0.571551
v 2.676938 -0.851632 1.100000
v 2.610348 -1.002115 1.028449
v 2.830431 -0.910953 1.028449
v 2.641771 -0.864215 0.500000
v 2.788710 -0.938295 0.571551
v 2.560751 -1.007446 0.571551
v 2.641771 -0.864215 1.100000
v 2.560751 -1.007446 1.028449
v 2.788710 -0.938295 1.028449
v 2.605539 -0.873291 0.500000
v 2.744510 -0.961417 0.571551
v 2.510871 -1.007891 0.571551
v 2.605539 -0.873291 1.100000
v 2.510871 -1.007891 1.028449
v 2.744510 -0.961417 1.028449
v 2.568593 -0.878771 0.500000
v 2.698257 -0.980094 0.571551
v 2.461187 -1.003444 0.571551
v 2.568593 -0.878771 1.100000
v 2.461187 -1.003444 1.028449
v 2.698257 -0.980094 1.028449
v 2.531287 -0.880604 0.500000
v 2.650395 -0.994148 0.571551
v 2.412179 -0.994149 0.571551
v 2.531287 -0.880604 1.100000
v 2.412179 -0.994148 1.028449
v 2.650395 -0.994149 1.028449
v 2.493981 -0.878771 0.500000
v 2.601387 -1.003444 0.571551
v 2.364317 -0.980094 0.571551
v 2.493981 -0.878771 1.100000
v 2.364317 -0.980094 1.028449
v 2.601387 -1.003444 1.028449
v 2.457035 -0.873291 0.500000
v 2.551703 -1.007891 0.571551
v 2.318063 -0.961417 0.571551
v 2.457035 -0.873291 1.100000
v 2.318063 -0.961417 1.028449
v 2.551703 -1.007891 1.028449
v 2.420803 -0.864215 0.500000
v 2.501823 -1.007446 0.571551
v 2.273864 -0.938295 0.571551
v 2.420803 -0.864215 1.100000
v 2.273864 -0.938295 1.028449
v 2.501823 -1.007446 1.028449
v 2.385636 -0.851632 0.500000
v 2.452226 -1.002115 0.571551
v 2.232142 -0.910953 0.571551
v 2.385636 -0.851632 1.100000
v 2.232142 -0.910953 1.028449
v 2.452226 -1.002115 1.028449
v 2.351871 -0.835663 0.500000
v 2.403391 -0.991948 0.571551
v 2.193303 -0.879653 0.571551
v 2.351871 -0.835663 1.100000
v 2.193303 -0.879653 1.028449
v 2.403391 -0.991948 1.028449
v 2.319834 -0.816461 0.500000
v 2.355788 -0.977043 0.571551
v 2.157718 -0.844696 0.571551
v 2.319834 -0.816461 1.100000
v 2.157718 -0.844696 1.028449
v 2.355788 -0.977043 1.028449
v 2.289834 -0.794211 0.500000
v 2.309875 -0.957544 0.571551
v 2.125730 -0.806420 0.571551
v 2.289834 -0.794211 1.100000
v 2.125730 -0.806420 1.028449
v 2.309875 -0.957544 1.028449
v 2.262159 -0.769128 0.500000
v 2.266093 -0.933638 0.571551
v 2.097649 -0.765193 0.571551
v 2.262159 -0.769128 1.100000
v 2.097649 -0.765193 1.028449
v 2.266093 -0.933638 1.028449
v 2.237076 -0.741453 0.500000
v 2.224867 -0.905557 0.571551
v 2.073743 -0.721412 0.571551
v 2.237076 -0.741453 1.100000
v 2.073743 -0.721412 1.028449
v 2.224867 -0.905557 1.028449
v 2.214826 -0.711452 0.500000
v 2.186591 -0.873569 0.571551
v 2.054244 -0.675499 0.571551
v 2.214826 -0.711452 1.100000
v 2.054244 -0.675499 1.028449
v 2.186591 -0.873569 1.028449
v 2.195624 -0.679416 0.500000
v 2.151634 -0.837984 0.571551
v 2.039340 -0.627896 0.571551
v 2.195624 -0.679416 1.100000
v 2.039340 -0.627896 1.028449
v 2.151634 -0.837984 1.028449
v 2.179655 -0.645651 0.500000
v 2.120334 -0.799144 0.571551
v 2.029172 -0.579061 0.571551
v 2.179655 -0.645651 1.100000
v 2.029172 -0.579061 1.028449
v 2.120334 -0.799144 1.028449
v 2.167072 -0.610484 0.500000
v 2.092992 -0.757423 0.571551
v 2.023841 -0.529464 0.571551
v 2.167072 -0.610484 1.100000
v 2.023841 -0.529464 1.028449
v 2.092992 -0.757423 1.028449
v 2.157996 -0.574252 0.500000
v 2.069870 -0.713223 0.571551
v 2.023396 -0.479584 0.571551
v 2.157996 -0.574252 1.100000
v 2.023396 -0.479584 1.028449
v 2.069870 -0.713224 1.028449
v 2.152516 -0.537305 0.500000
v 2.051193 -0.666970 0.571551
v 2.027843 -0.429900 0.571551
v 2.152516 -0.537305 1.100000
v 2.027843 -0.429900 1.028449
v 2.051193 -0.666970 1.028449
v 2.150683 -0.500000 0.500000
v 2.037138 -0.619108 0.571551
v 2.037138 -0.380892 0.571551
v 2.150683 -0.500000 1.100000
v 2.037138 -0.380892 1.028449
v 2.037138 -0.619108 1.028449
v 2.152516 -0.462694 0.500000
v 2.027843 -0.570100 0.571551
v 2.051193 -0.333030 0.571551
v 2.152516 -0.462695 1.100000
v 2.051193 -0.333030 1.028449
v 2.027843 -0.570100 1.028449
v 2.157996 -0.425748 0.500000
v 2.023396 -0.520416 0.571551
v 2.069870 -0.286776 0.571551
v 2.157996 -0.425748 1.100000
v 2.069870 -0.286777 1.028449
v 2.023396 -0.520416 1.028449
v 2.167072 -0.389516 0.500000
v 2.023841 -0.470536 0.571551
v 2.092992 -0.242577 0.571551
v 2.167072 -0.389516 1.100000
v 2.092992 -0.242577 1.028449
v 2.023841 -0.470536 1.028449
v 2.179655 -0.354349 0.500000
v 2.029172 -0.420939 0.571551
v 2.120334 -0.200856 0.571551
v 2.179655 -0.354349 1.100000
v 2.120334 -0.200856 1.028449
v 2.029172 -0.420939 1.028449
v 2.195624 -0.320584 0.500000
v 2.039340 -0.372104 0.571551
v 2.151634 -0.162016 0.571551
v 2.195624 -0.320584 1.100000
v 2.151634 -0.162016 1.028449
v 2.039340 -0.372104 1.028449
v 2.214826 -0.288548 0.500000
v 2.054244 -0.324501 0.571551
v 2.186591 -0.126431 0.571551
v 2.214826 -0.288548 1.100000
v 2.186591 -0.126431 1.028449
v 2.054244 -0.324501 1.028449
v 2.237076 -0.258547 0.500000
v 2.073743 -0.278588 0.571551
v 2.224867 -0.094443 0.571551
v 2.237076 -0.258547 1.100000
v 2.224867 -0.094443 1.028449
v 2.073743 -0.278588 1.028449
v 2.262159 -0.230872 0.500000
v 2.097649 -0.234807 0.571551
v 2.266093 -0.066362 0.571551
v 2.262159 -0.230872 1.100000
v 2.266093 -0.066362 1.028449
v 2.097649 -0.234807 1.028449
v 2.289834 -0.205789 0.500000
v 2.125730 -0.193580 0.571551
v 2.309875 -0.042456 0.571551
v 2.289834 -0.205789 1.100000
v 2.309875 -0.042456 1.028449
v 2.125730 -0.193580 1.028449
v 2.319834 -0.183539 0.500000
v 2.157718 -0.155304 0.571551
v 2.355788 -0.022957 0.571551
v 2.319834 -0.183539 1.100000
v 2.355788 -0.022957 1.028449
v 2.157718 -0.155304 1.028449
v 2.351871 -0.164337 0.500000
v 2.193303 -0.120347 0.571551
v 2.403391 -0.008052 0.571551
v 2.351871 -0.164337 1.100000
v 2.403391 -0.008052 1.028449
v 2.193303 -0.120347 1.028449
v 2.385636 -0.148368 0.500000
v 2.232142 -0.089047 0.571551
v 2.452226 0.002115 0.571551
v 2.385636 -0.148368 1.100000
v 2.452226 0.002115 1.028449
v 2.232142 -0.089047 1.028449
v 2.420803 -0.135785 0.500000
v 2.273864 -0.061705 0.571551
v 2.501823 0.007446 0.571551
v 2.420803 -0.135785 1.100000
v 2.501823 0.007446 1.028449
v 2.273864 -0.061705 1.028449
v 2.457035 -0.126709 0.500000
v 2.318063 -0.038583 0.571551
v 2.551703 0.007891 0.571551
v 2.457035 -0.126709 1.100000
v 2.551703 0.007891 1.028449
v 2.318063 -0.038583 1.028449
v 2.493981 -0.121229 0.500000
v 2.364317 -0.019906 0.571551
v 2.601387 0.003444 0.571551
v 2.493981 -0.121229 1.100000
v 2.601387 0.003444 1.028449
v 2.364317 -0.019906 1.028449
v 2.531287 -0.119396 1.048686
v 2.531287 -0.200636 1.000000
v 2.560629 -0.202078 1.000000
v 2.568593 -0.121229 1.048686
v 2.589690 -0.206389 1.000000
v 2.605539 -0.126709 1.048686
v 2.618188 -0.213527 1.000000
v 2.641771 -0.135785 1.048686
v 2.645849 -0.223424 1.000000
v 2.676938 -0.148368 1.048686
v 2.672406 -0.235985 1.000000
v 2.710702 -0.164337 1.048686
v 2.697605 -0.251088 1.000000
v 2.742739 -0.183539 1.048686
v 2.721201 -0.268589 1.000000
v 2.772740 -0.205789 1.048686
v 2.742969 -0.288318 1.000000
v 2.800415 -0.230872 1.048686
v 2.762698 -0.310086 1.000000
v 2.825498 -0.258547 1.048686
v 2.780199 -0.333682 1.000000
v 2.847748 -0.288548 1.048686
v 2.795302 -0.358881 1.000000
v 2.866950 -0.320584 1.048686
v 2.807863 -0.385439 1.000000
v 2.882919 -0.354349 1.048686
v 2.817760 -0.413099 1.000000
v 2.895502 -0.389516 1.048686
v 2.824898 -0.441597 1.000000
v 2.904578 -0.425748 1.048686
v 2.829209 -0.470657 1.000000
v 2.910058 -0.462695 1.048686
v 2.830651 -0.500000 1.000000
v 2.911891 -0.500000 1.048686
v 2.829209 -0.529343 1.000000
v 2.910058 -0.537305 1.048686
v 2.824898 -0.558403 1.000000
v 2.904578 -0.574252 1.048686
v 2.817760 -0.586901 1.000000
v 2.895502 -0.610484 1.048686
v 2.807863 -0.614562 1.000000
v 2.882919 -0.645651 1.048686
v 2.795302 -0.641119 1.000000
v 2.866950 -0.679416 1.048686
v 2.780199 -0.666318 1.000000
v 2.847748 -0.711452 1.048686
v 2.762698 -0.689914 1.000000
v 2.825498 -0.741453 1.048686
v 2.742969 -0.711682 1.000000
v 2.800415 -0.769128 1.048686
v 2.721201 -0.731411 1.000000
v 2.772740 -0.794211 1.048686
v 2.697605 -0.748912 1.000000
v 2.742739 -0.816461 1.048686
v 2.672406 -0.764015 1.000000
v 2.710702 -0.835663 1.048686
v 2.645849 -0.776576 1.000000
v 2.676938 -0.851632 1.048686
v 2.618188 -0.786473 1.000000
v 2.641771 -0.864215 1.048686
v 2.589690 -0.793611 1.000000
v 2.605539 -0.873291 1.048686
v 2.560629 -0.797922 1.000000
v 2.568593 -0.878771 1.048686
v 2.531287 -0.799364 1.000000
v 2.531287 -0.880604 1.048686
v 2.501945 -0.797922 1.000000
v 2.493981 -0.878771 1.048686
v 2.472884 -0.793611 1.000000
v 2.457035 -0.873291 1.048686
v 2.444386 -0.786473 1.000000
v 2.420803 -0.864215 1.048686
v 2.416725 -0.776576 1.000000
v 2.385636 -0.851632 1.048686
v 2.390168 -0.764015 1.000000
v 2.351871 -0.835663 1.048686
v 2.364969 -0.748912 1.000000
v 2.319834 -0.816461 1.048686
v 2.341373 -0.731411 1.000000
v 2.289834 -0.794211 1.048686
v 2.319605 -0.711682 1.000000
v 2.262159 -0.769128 1.048686
v 2.299876 -0.689914 1.000000
v 2.237076 -0.741453 1.048686
v 2.282375 -0.666318 1.000000
v 2.214826 -0.711452 1.048686
v 2.267272 -0.641119 1.000000
v 2.195624 -0.679416 1.048686
v 2.254711 -0.614562 1.000000
v 2.179655 -0.645651 1.048686
v 2.244814 -0.586901 1.000000
v 2.167072 -0.610484 1.048686
v 2.237675 -0.558403 1.000000
v 2.157996 -0.574252 1.048686
v 2.233365 -0.529343 1.000000
v 2.152516 -0.537305 1.048686
v 2.231923 -0.500000 1.000000
v 2.150683 -0.500000 1.048686
v 2.233365 -0.470657 1.000000
v 2.152516 -0.462695 1.048686
v 2.237675 -0.441597 1.000000
v 2.157996 -0.425748 1.048686
v 2.244814 -0.413099 1.000000
v 2.167072 -0.389516 1.048686
v 2.254711 -0.385439 1.000000
v 2.179655 -0.354349 1.048686
v 2.267272 -0.358881 1.000000
v 2.195624 -0.320584 1.048686
v 2.282375 -0.333682 1.000000
v 2.214826 -0.288548 1.048686
v 2.299875 -0.310086 1.000000
v 2.237076 -0.258547 1.048686
v 2.319605 -0.288318 1.000000
v 2.262159 -0.230872 1.048686
v 2.341372 -0.268589 1.000000
v 2.289834 -0.205789 1.048686
v 2.364969 -0.251088 1.000000
v 2.319834 -0.183539 1.048686
v 2.390168 -0.235985 1.000000
v 2.351871 -0.164337 1.048686
v 2.416725 -0.223424 1.000000
v 2.385636 -0.148368 1.048686
v 2.444386 -0.213527 1.000000
v 2.420803 -0.135785 1.048686
v 2.472884 -0.206389 1.000000
v 2.457035 -0.126709 1.048686
v 2.501945 -0.202078 1.000000
v 2.493981 -0.121229 1.048686
vn -0.8439 -0.1244 0.5220
vn -0.8439 -0.1244 -0.5220
vn 0.8520 -0.0410 -0.5220
vn 0.8520 -0.0410 0.5220
vn -0.8436 0.1260 0.5220
vn -0.8436 0.1260 -0.5220
vn 0.8034 -0.2866 -0.5220
vn 0.8034 -0.2866 0.5220
vn -0.8272 0.2080 0.5220
vn -0.8272 0.2080 -0.5220
vn 0.7714 -0.3640 -0.5220
vn 0.7714 -0.3640 0.5220
vn -0.8028 0.2881 0.5220
vn -0.8028 0.2881 -0.5220
vn 0.7320 -0.4378 -0.5220
vn 0.7320 -0.4378 0.5220
vn -0.7707 0.3654 0.5220
vn -0.7707 0.3654 -0.5220
vn 0.6856 -0.5075 -0.5220
vn 0.6856 -0.5075 0.5220
vn -0.7312 0.4392 0.5220
vn -0.7312 0.4392 -0.5220
vn 0.6325 -0.5722 -0.5220
vn 0.6325 -0.5722 0.5220
vn -0.6846 0.5088 0.5220
vn -0.6846 0.5088 -0.5220
vn 0.5734 -0.6315 -0.5220
vn 0.5734 -0.6315 0.5220
vn -0.6315 0.5734 0.5220
vn -0.6315 0.5734 -0.5220
vn 0.5088 -0.6846 -0.5220
vn 0.5088 -0.6846 0.5220
vn -0.5722 0.6325 0.5220
vn -0.5722 0.6325 -0.5220
vn 0.4392 -0.7312 -0.5220
vn 0.4392 -0.7312 0.5220
vn -0.5075 0.6856 0.5220
vn -0.5075 0.6856 -0.5220
vn 0.3654 -0.7707 -0.5220
vn 0.3654 -0.7707 0.5220
vn -0.4378 0.7320 0.5220
vn -0.4378 0.7320 -0.5220
vn 0.2881 -0.8028 -0.5220
vn 0.2881 -0.8028 0.5220
vn -0.3640 0.7714 0.5220
vn -0.3640 0.7714 -0.5220
vn 0.2080 -0.8272 -0.5220
vn 0.2080 -0.8272 0.5220
vn -0.2866 0.8034 0.5220
vn -0.2866 0.8034 -0.5220
vn 0.1260 -0.8436 -0.5220
vn 0.1260 -0.8436 0.5220
vn -0.2065 0.8276 0.5220
vn -0.2065 0.8276 -0.5220
vn 0.0427 -0.8519 -0.5220
vn 0.0427 -0.8519 0.5220
vn -0.1244 0.8438 0.5220
vn -0.1244 0.8439 -0.5220
vn -0.0410 -0.8520 -0.5220
vn -0.0410 -0.8520 0.5220
vn -0.0410 0.8520 0.5220
vn -0.0410 0.8520 -0.5220
vn -0.1244 -0.8438 -0.5220
vn -0.1244 -0.8439 0.5220
vn 0.0427 0.8519 0.5220
vn 0.0427 0.8519 -0.5220
vn -0.2065 -0.8276 -0.5220
vn -0.2065 -0.8276 0.5220
vn 0.1260 0.8436 0.5220
vn 0.1260 0.8436 -0.5220
vn -0.2866 -0.8034 -0.5220
vn -0.2866 -0.8034 0.5220
vn 0.2080 0.8272 0.5220
vn 0.2080 0.8272 -0.5220
vn -0.3640 -0.7714 -0.5220
vn -0.3640 -0.7714 0.5220
vn 0.2881 0.8028 0.5220
vn 0.2881 0.8028 -0.5220
vn -0.4378 -0.7320 -0.5220
vn -0.4378 -0.7320 0.5220
vn 0.3654 0.7707 0.5220
vn 0.3654 0.7707 -0.5220
vn -0.5075 -0.6856 -0.5220
vn -0.5075 -0.6856 0.5220
vn 0.4392 0.7312 0.5220
vn 0.4392 0.7312 -0.5220
vn -0.5722 -0.6325 -0.5220
vn -0.5722 -0.6325 0.5220
vn 0.5088 0.6846 0.5220
vn 0.5088 0.6846 -0.5220
vn -0.6315 -0.5734 -0.5220
vn -0.6315 -0.5734 0.5220
vn 0.5734 0.6315 0.5220
vn 0.5734 0.6315 -0.5220
vn -0.6846 -0.5088 -0.5220
vn -0.6846 -0.5088 0.5220
vn 0.6325 0.5722 0.5220
vn 0.6325 0.5722 -0.5220
vn -0.7312 -0.4392 -0.5220
vn -0.7312 -0.4392 0.5220
vn 0.6856 0.5075 0.5220
vn 0.6856 0.5075 -0.5220
vn -0.7707 -0.3654 -0.5220
vn -0.7707 -0.3654 0.5220
vn 0.7320 0.4378 0.5220
vn 0.7320 0.4378 -0.5220
vn -0.8028 -0.2881 -0.5220
vn -0.8028 -0.2881 0.5220
vn 0.7714 0.3640 0.5220
vn 0.7714 0.3640 -0.5220
vn -0.8272 -0.2080 -0.5220
vn -0.8272 -0.2080 0.5220
vn 0.8034 0.2866 0.5220
vn 0.8034 0.2866 -0.5220
vn -0.8436 -0.1260 -0.5220
vn -0.8436 -0.1260 0.5220
vn 0.8276 0.2065 0.5220
vn 0.8276 0.2065 -0.5220
vn -0.8519 -0.0427 -0.5220
vn -0.8519 -0.0427 0.5220
vn 0.8439 0.1244 0.5220
vn 0.8439 0.1244 -0.5220
vn -0.8520 0.0410 -0.5220
vn -0.8520 0.0410 0.5220
vn 0.8520 0.0410 0.5220
vn 0.8520 0.0410 -0.5220
vn -0.8439 0.1244 -0.5220
vn -0.8439 0.1244 0.5220
vn 0.8519 -0.0427 0.5220
vn 0.8519 -0.0427 -0.5220
vn -0.8276 0.2065 -0.5220
vn -0.8276 0.2065 0.5220
vn 0.8436 -0.1260 0.5220
vn 0.8436 -0.1260 -0.5220
vn -0.8034 0.2866 -0.5220
vn -0.8034 0.2866 0.5220
vn 0.8272 -0.2080 0.5220
vn 0.8272 -0.2080 -0.5220
vn -0.7714 0.3640 -0.5220
vn -0.7714 0.3640 0.5220
vn 0.8028 -0.2881 0.5220
vn 0.8028 -0.2881 -0.5220
vn -0.7320 0.4378 -0.5220
vn -0.7320 0.4378 0.5220
vn 0.7707 -0.3654 0.5220
vn 0.7707 -0.3654 -0.5220
vn -0.6856 0.5075 -0.5220
vn -0.6856 0.5075 0.5220
vn 0.7312 -0.4392 0.5220
vn 0.7312 -0.4392 -0.5220
vn -0.6325 0.5722 -0.5220
vn -0.6325 0.5722 0.5220
vn 0.6846 -0.5088 0.5220
vn 0.6846 -0.5088 -0.5220
vn -0.5734 0.6315 -0.5220
vn -0.5734 0.6315 0.5220
vn 0.6315 -0.5734 0.5220
vn 0.6315 -0.5734 -0.5220
vn -0.5088 0.6846 -0.5220
vn -0.5088 0.6846 0.5220
vn 0.5722 -0.6325 0.5220
vn 0.5722 -0.6325 -0.5220
vn -0.4392 0.7312 -0.5220
vn -0.4392 0.7312 0.5220
vn 0.5075 -0.6856 0.5220
vn 0.5075 -0.6856 -0.5220
vn -0.3654 0.7707 -0.5220
vn -0.3654 0.7707 0.5220
vn 0.4378 -0.7320 0.5220
vn 0.4378 -0.7320 -0.5220
vn -0.2881 0.8028 -0.5220
vn -0.2881 0.8028 0.5220
vn 0.3640 -0.7714 0.5220
vn 0.3640 -0.7714 -0.5220
vn -0.2080 0.8272 -0.5220
vn -0.2080 0.8272 0.5220
vn 0.2866 -0.8034 0.5220
vn 0.2866 -0.8034 -0.5220
vn -0.1260 0.8436 -0.5220
vn -0.1260 0.8436 0.5220
vn 0.2065 -0.8276 0.5220
vn 0.2065 -0.8276 -0.5220
vn -0.0427 0.8519 -0.5220
vn -0.0427 0.8519 0.5220
vn 0.1244 -0.8438 0.5220
vn 0.1244 -0.8439 -0.5220
vn 0.0410 0.8520 -0.5220
vn 0.0410 0.8520 0.5220
vn 0.0410 -0.8520 0.5220
vn 0.0410 -0.8520 -0.5220
vn 0.1244 0.8438 -0.5220
vn 0.1244 0.8439 0.5220
vn -0.0427 -0.8519 0.5220
vn -0.0427 -0.8519 -0.5220
vn 0.2065 0.8276 -0.5220
vn 0.2065 0.8276 0.5220
vn -0.1260 -0.8436 0.5220
vn -0.1260 -0.8436 -0.5220
vn 0.2866 0.8034 -0.5220
vn 0.2866 0.8034 0.5220
vn -0.2080 -0.8272 0.5220
vn -0.2080 -0.8272 -0.5220
vn 0.3640 0.7714 -0.5220
vn 0.3640 0.7714 0.5220
vn -0.2881 -0.8028 0.5220
vn -0.2881 -0.8028 -0.5220
vn 0.4378 0.7320 -0.5220
vn 0.4378 0.7320 0.5220
vn -0.3654 -0.7707 0.5220
vn -0.3654 -0.7707 -0.5220
vn 0.5075 0.6856 -0.5220
vn 0.5075 0.6856 0.5220
vn -0.4392 -0.7312 0.5220
vn -0.4392 -0.7312 -0.5220
vn 0.5722 0.6325 -0.5220
vn 0.5722 0.6325 0.5220
vn -0.5088 -0.6846 0.5220
vn -0.5088 -0.6846 -0.5220
vn 0.6315 0.5734 -0.5220
vn 0.6315 0.5734 0.5220
vn -0.5734 -0.6315 0.5220
vn -0.5734 -0.6315 -0.5220
vn 0.6846 0.5088 -0.5220
vn 0.6846 0.5088 0.5220
vn -0.6325 -0.5722 0.5220
vn -0.6325 -0.5722 -0.5220
vn 0.7312 0.4392 -0.5220
vn 0.7312 0.4392 0.5220
vn -0.6856 -0.5075 0.5220
vn -0.6856 -0.5075 -0.5220
vn 0.7707 0.3654 -0.5220
vn 0.7707 0.3654 0.5220
vn -0.7320 -0.4378 0.5220
vn -0.7320 -0.4378 -0.5220
vn 0.8028 0.2881 -0.5220
vn 0.8028 0.2881 0.5220
vn -0.7714 -0.3640 0.5220
vn -0.7714 -0.3640 -0.5220
vn 0.8272 0.2080 -0.5220
vn 0.8272 0.2080 0.5220
vn -0.8034 -0.2866 0.5220
vn -0.8034 -0.2866 -0.5220
vn 0.8436 0.1260 -0.5220
vn 0.8436 0.1260 0.5220
vn -0.8276 -0.2065 0.5220
vn -0.8276 -0.2065 -0.5220
vn 0.8519 0.0427 -0.5220
vn 0.8519 0.0427 0.5220
vn -0.8519 0.0427 0.5220
vn -0.8519 0.0427 -0.5220
vn 0.8276 -0.2065 -0.5220
vn 0.8276 -0.2065 0.5220
vn -0.3721 -0.8983 -0.2335
vn -0.2823 -0.9305 -0.2335
vn -0.2398 -0.7905 0.5635
vn -0.3161 -0.7632 0.5635
vn -0.8520 -0.0410 0.5220
vn -0.8520 -0.0410 -0.5220
vn 0.8439 -0.1244 -0.5220
vn 0.8439 -0.1244 0.5220
vn -0.0000 -0.1124 -0.9937
vn -0.0000 -0.9724 -0.2335
vn -0.0110 -0.1119 -0.9937
vn -0.0953 -0.9677 -0.2335
vn -0.0219 -0.1102 -0.9937
vn -0.1897 -0.9537 -0.2335
vn -0.0326 -0.1076 -0.9937
vn -0.0430 -0.1038 -0.9937
vn -0.0530 -0.0991 -0.9937
vn -0.4584 -0.8575 -0.2335
vn -0.0624 -0.0935 -0.9937
vn -0.5402 -0.8085 -0.2335
vn -0.0713 -0.0869 -0.9937
vn -0.6169 -0.7516 -0.2335
vn -0.0795 -0.0795 -0.9937
vn -0.6876 -0.6876 -0.2335
vn -0.0869 -0.0713 -0.9937
vn -0.7516 -0.6169 -0.2335
vn -0.0935 -0.0624 -0.9937
vn -0.8085 -0.5402 -0.2335
vn -0.0991 -0.0530 -0.9937
vn -0.8575 -0.4584 -0.2335
vn -0.1038 -0.0430 -0.9937
vn -0.8983 -0.3721 -0.2335
vn -0.1076 -0.0326 -0.9937
vn -0.9305 -0.2823 -0.2335
vn -0.1102 -0.0219 -0.9937
vn -0.9537 -0.1897 -0.2335
vn -0.1119 -0.0110 -0.9937
vn -0.9677 -0.0953 -0.2335
vn -0.1124 -0.0000 -0.9937
vn -0.9724 -0.0000 -0.2335
vn -0.1119 0.0110 -0.9937
vn -0.9677 0.0953 -0.2335
vn -0.1102 0.0219 -0.9937
vn -0.9537 0.1897 -0.2335
vn -0.1076 0.0326 -0.9937
vn -0.9305 0.2823 -0.2335
vn -0.1038 0.0430 -0.9937
vn -0.8983 0.3721 -0.2335
vn -0.0991 0.0530 -0.9937
vn -0.8575 0.4584 -0.2335
vn -0.0935 0.0624 -0.9937
vn -0.8085 0.5402 -0.2335
vn -0.0869 0.0713 -0.9937
vn -0.7516 0.6169 -0.2335
vn -0.0795 0.0795 -0.9937
vn -0.6876 0.6876 -0.2335
vn -0.0713 0.0869 -0.9937
vn -0.6169 0.7516 -0.2335
vn -0.0624 0.0935 -0.9937
vn -0.5402 0.8085 -0.2335
vn -0.0530 0.0991 -0.9937
vn -0.4584 0.8575 -0.2335
vn -0.0430 0.1038 -0.9937
vn -0.3721 0.8983 -0.2335
vn -0.0326 0.1076 -0.9937
vn -0.2823 0.9305 -0.2335
vn -0.0219 0.1102 -0.9937
vn -0.1897 0.9537 -0.2335
vn -0.0110 0.1119 -0.9937
vn -0.0953 0.9677 -0.2335
vn -0.0000 0.1124 -0.9937
vn -0.0000 0.9724 -0.2335
vn 0.0110 0.1119 -0.9937
vn 0.0953 0.9677 -0.2335
vn 0.0219 0.1102 -0.9937
vn 0.1897 0.9537 -0.2335
vn 0.0326 0.1076 -0.9937
vn 0.2823 0.9305 -0.2335
vn 0.0430 0.1038 -0.9937
vn 0.3721 0.8983 -0.2335
vn 0.0530 0.0991 -0.9937
vn 0.4584 0.8575 -0.2335
vn 0.0624 0.0935 -0.9937
vn 0.5402 0.8085 -0.2335
vn 0.0713 0.0869 -0.9937
vn 0.6169 0.7516 -0.2335
vn 0.0795 0.0795 -0.9937
vn 0.6876 0.6876 -0.2335
vn 0.0869 0.0713 -0.9937
vn 0.7516 0.6169 -0.2335
vn 0.0935 0.0624 -0.9937
vn 0.8085 0.5402 -0.2335
vn 0.0991 0.0530 -0.9937
vn 0.8575 0.4584 -0.2335
vn 0.1038 0.0430 -0.9937
vn 0.8983 0.3721 -0.2335
vn 0.1076 0.0326 -0.9937
vn 0.9305 0.2823 -0.2335
vn 0.1102 0.0219 -0.9937
vn 0.9537 0.1897 -0.2335
vn 0.1119 0.0110 -0.9937
vn 0.9677 0.0953 -0.2335
vn 0.1124 -0.0000 -0.9937
vn 0.9724 -0.0000 -0.2335
vn 0.1119 -0.0110 -0.9937
vn 0.9677 -0.0953 -0.2335
vn 0.1102 -0.0219 -0.9937
vn 0.9537 -0.1897 -0.2335
vn 0.1076 -0.0326 -0.9937
vn 0.9305 -0.2823 -0.2335
vn 0.1038 -0.0430 -0.9937
vn 0.8983 -0.3721 -0.2335
vn 0.0991 -0.0530 -0.9937
vn 0.8575 -0.4584 -0.2335
vn 0.0935 -0.0624 -0.9937
vn 0.8085 -0.5402 -0.2335
vn 0.0869 -0.0713 -0.9937
vn 0.7516 -0.6169 -0.2335
vn 0.0795 -0.0795 -0.9937
vn 0.6876 -0.6876 -0.2335
vn 0.0713 -0.0869 -0.9937
vn 0.6169 -0.7516 -0.2335
vn 0.0624 -0.0935 -0.9937
vn 0.5402 -0.8085 -0.2335
vn 0.0530 -0.0991 -0.9937
vn 0.4584 -0.8575 -0.2335
vn 0.0430 -0.1038 -0.9937
vn 0.3721 -0.8983 -0.2335
vn 0.0326 -0.1076 -0.9937
vn 0.2823 -0.9305 -0.2335
vn 0.0219 -0.1102 -0.9937
vn 0.1897 -0.9537 -0.2335
vn 0.0110 -0.1119 -0.9937
vn 0.0953 -0.9677 -0.2335
vn 0.0810 -0.8221 0.5635
vn -0.0000 -0.8261 0.5635
vn 0.4590 0.6869 0.5635
vn 0.5241 0.6386 0.5635
vn -0.5241 0.6386 0.5635
vn -0.4590 0.6869 0.5635
vn 0.3161 -0.7632 0.5635
vn 0.2398 -0.7905 0.5635
vn -0.7632 -0.3161 0.5635
vn -0.7905 -0.2398 0.5635
vn 0.8221 0.0810 0.5635
vn 0.8261 -0.0000 0.5635
vn 0.1612 0.8102 0.5635
vn 0.2398 0.7905 0.5635
vn -0.7286 0.3894 0.5635
vn -0.6869 0.4590 0.5635
vn 0.5841 -0.5841 0.5635
vn 0.5241 -0.6386 0.5635
vn -0.5841 -0.5841 0.5635
vn -0.6386 -0.5241 0.5635
vn 0.7286 0.3894 0.5635
vn 0.7632 0.3161 0.5635
vn -0.1612 0.8102 0.5635
vn -0.0810 0.8221 0.5635
vn -0.8221 0.0810 0.5635
vn -0.8102 0.1612 0.5635
vn 0.7632 -0.3161 0.5635
vn 0.7286 -0.3894 0.5635
vn -0.3894 -0.7286 0.5635
vn 0.5841 0.5841 0.5635
vn -0.3894 0.7286 0.5635
vn 0.1612 -0.8102 0.5635
vn -0.8102 -0.1612 0.5635
vn 0.8221 -0.0810 0.5635
vn 0.3161 0.7632 0.5635
vn -0.6386 0.5241 0.5635
vn 0.4590 -0.6869 0.5635
vn -0.6869 -0.4590 0.5635
vn 0.7905 0.2398 0.5635
vn -0.0000 0.8261 0.5635
vn -0.7905 0.2398 0.5635
vn 0.6869 -0.4590 0.5635
vn -0.4590 -0.6869 0.5635
vn -0.0243 -0.2469 0.9687
vn -0.0000 -0.2481 0.9687
vn 0.0243 -0.2469 0.9687
vn 0.0484 -0.2433 0.9687
vn 0.0720 -0.2374 0.9687
vn 0.0949 -0.2292 0.9687
vn 0.1169 -0.2188 0.9687
vn 0.1378 -0.2063 0.9687
vn 0.1574 -0.1917 0.9687
vn 0.1754 -0.1754 0.9687
vn 0.1917 -0.1574 0.9687
vn 0.2063 -0.1378 0.9687
vn 0.2188 -0.1169 0.9687
vn 0.2292 -0.0949 0.9687
vn 0.2374 -0.0720 0.9687
vn 0.2433 -0.0484 0.9687
vn 0.2469 -0.0243 0.9687
vn 0.2481 -0.0000 0.9687
vn 0.2469 0.0243 0.9687
vn 0.2433 0.0484 0.9687
vn 0.2374 0.0720 0.9687
vn 0.2292 0.0949 0.9687
vn 0.2188 0.1169 0.9687
vn 0.2063 0.1378 0.9687
vn 0.1917 0.1574 0.9687
vn 0.1754 0.1754 0.9687
vn 0.1574 0.1917 0.9687
vn 0.1378 0.2063 0.9687
vn 0.1169 0.2188 0.9687
vn 0.0949 0.2292 0.9687
vn 0.0720 0.2374 0.9687
vn 0.0484 0.2433 0.9687
vn 0.0243 0.2469 0.9687
vn -0.0000 0.2481 0.9687
vn -0.0243 0.2469 0.9687
vn -0.0484 0.2433 0.9687
vn -0.0720 0.2374 0.9687
vn -0.0949 0.2292 0.9687
vn -0.1169 0.2188 0.9687
vn -0.1378 0.2063 0.9687
vn -0.1574 0.1917 0.9687
vn -0.1754 0.1754 0.9687
vn -0.1917 0.1574 0.9687
vn -0.2063 0.1378 0.9687
vn -0.2188 0.1169 0.9687
vn -0.2292 0.0949 0.9687
vn -0.2374 0.0720 0.9687
vn -0.2433 0.0484 0.9687
vn -0.2469 0.0243 0.9687
vn -0.2481 -0.0000 0.9687
vn -0.2469 -0.0243 0.9687
vn -0.2433 -0.0484 0.9687
vn -0.2374 -0.0720 0.9687
vn -0.2292 -0.0949 0.9687
vn -0.2188 -0.1169 0.9687
vn -0.2063 -0.1378 0.9687
vn -0.1917 -0.1574 0.9687
vn -0.1754 -0.1754 0.9687
vn -0.1574 -0.1917 0.9687
vn -0.1378 -0.2063 0.9687
vn -0.1169 -0.2188 0.9687
vn -0.0949 -0.2292 0.9687
vn -0.0720 -0.2374 0.9687
vn -0.0484 -0.2433 0.9687
vn 0.6386 0.5241 0.5635
vn -0.3161 0.7632 0.5635
vn -0.8221 -0.0810 0.5635
vn 0.8102 -0.1612 0.5635
vn 0.3894 0.7286 0.5635
vn -0.5841 0.5841 0.5635
vn 0.3894 -0.7286 0.5635
vn -0.7286 -0.3894 0.5635
vn 0.8102 0.1612 0.5635
vn 0.0810 0.8221 0.5635
vn -0.7632 0.3161 0.5635
vn 0.6386 -0.5241 0.5635
vn -0.5241 -0.6386 0.5635
vn 0.6869 0.4590 0.5635
vn -0.2398 0.7905 0.5635
vn -0.8261 -0.0000 0.5635
vn 0.7905 -0.2398 0.5635
vn -0.1612 -0.8102 0.5635
vn -0.0810 -0.8221 0.5635
vt 0.750000 0.432690
vt 0.037974 0.559626
vt 0.726476 0.488844
vt 0.962026 0.559626
vt 0.773524 0.488844
vt 0.000000 0.559626
vt 0.250000 0.432690
vt 0.962025 0.940374
vt 0.273524 0.488844
vt 0.000000 0.940374
vt 0.037974 0.940374
vt 0.226476 0.488844
vt 0.767906 0.431810
vt 0.750000 0.490000
vt 1.022349 0.559626
vt 0.946401 0.559626
vt 0.796822 0.485388
vt 0.267907 0.431810
vt 0.946401 0.940374
vt 0.296822 0.485388
vt 0.250000 0.490000
vt 1.022349 0.940374
vt 0.785641 0.429179
vt 0.773524 0.488844
vt 1.006724 0.559626
vt 0.930776 0.559626
vt 0.819668 0.479666
vt 0.285641 0.429180
vt 0.930776 0.940374
vt 0.319668 0.479666
vt 0.273524 0.488844
vt 1.006724 0.940374
vt 0.803032 0.424823
vt 0.796822 0.485388
vt 0.991099 0.559626
vt 0.915151 0.559626
vt 0.841844 0.471731
vt 0.303032 0.424823
vt 0.915151 0.940374
vt 0.341844 0.471731
vt 0.296822 0.485388
vt 0.991099 0.940374
vt 0.819912 0.418783
vt 0.819668 0.479666
vt 0.975474 0.559626
vt 0.899526 0.559626
vt 0.863135 0.461661
vt 0.319912 0.418784
vt 0.899526 0.940374
vt 0.363135 0.461661
vt 0.319668 0.479666
vt 0.975474 0.940374
vt 0.836120 0.411118
vt 0.841844 0.471731
vt 0.959849 0.559626
vt 0.883901 0.559626
vt 0.883337 0.449553
vt 0.336119 0.411118
vt 0.883901 0.940374
vt 0.383337 0.449553
vt 0.341844 0.471731
vt 0.959849 0.940374
vt 0.851497 0.401901
vt 0.863135 0.461661
vt 0.944224 0.559626
vt 0.868276 0.559626
vt 0.902254 0.435522
vt 0.351497 0.401901
vt 0.868276 0.940374
vt 0.402254 0.435522
vt 0.363135 0.461661
vt 0.944224 0.940374
vt 0.865897 0.391221
vt 0.883337 0.449553
vt 0.928599 0.559626
vt 0.852651 0.559626
vt 0.919706 0.419706
vt 0.365897 0.391221
vt 0.852651 0.940374
vt 0.419706 0.419706
vt 0.383337 0.449553
vt 0.928599 0.940374
vt 0.879181 0.379181
vt 0.902254 0.435522
vt 0.912974 0.559626
vt 0.837026 0.559626
vt 0.935522 0.402254
vt 0.379181 0.379181
vt 0.837026 0.940374
vt 0.435522 0.402254
vt 0.402254 0.435522
vt 0.912974 0.940374
vt 0.891221 0.365897
vt 0.919706 0.419706
vt 0.897349 0.559626
vt 0.821401 0.559626
vt 0.949553 0.383337
vt 0.391221 0.365897
vt 0.821401 0.940374
vt 0.449553 0.383337
vt 0.419706 0.419706
vt 0.897350 0.940374
vt 0.901901 0.351497
vt 0.935522 0.402254
vt 0.881724 0.559626
vt 0.805776 0.559626
vt 0.961661 0.363135
vt 0.401901 0.351497
vt 0.805776 0.940374
vt 0.461661 0.363135
vt 0.435522 0.402254
vt 0.881724 0.940374
vt 0.911118 0.336120
vt 0.949553 0.383337
vt 0.866099 0.559626
vt 0.790151 0.559626
vt 0.971731 0.341844
vt 0.411118 0.336120
vt 0.790151 0.940374
vt 0.471731 0.341844
vt 0.449553 0.383337
vt 0.866099 0.940374
vt 0.918783 0.319912
vt 0.961661 0.363135
vt 0.850474 0.559626
vt 0.774526 0.559626
vt 0.979666 0.319668
vt 0.418784 0.319912
vt 0.774526 0.940374
vt 0.479666 0.319668
vt 0.461661 0.363135
vt 0.850474 0.940374
vt 0.924823 0.303032
vt 0.971731 0.341844
vt 0.834849 0.559626
vt 0.758901 0.559626
vt 0.985388 0.296822
vt 0.424823 0.303032
vt 0.758901 0.940374
vt 0.485388 0.296822
vt 0.471731 0.341844
vt 0.834849 0.940374
vt 0.929180 0.285641
vt 0.979666 0.319668
vt 0.819224 0.559626
vt 0.743276 0.559626
vt 0.988844 0.273524
vt 0.429180 0.285641
vt 0.743276 0.940374
vt 0.488844 0.273524
vt 0.479666 0.319668
vt 0.819224 0.940374
vt 0.931810 0.267907
vt 0.985388 0.296822
vt 0.803599 0.559626
vt 0.727651 0.559626
vt 0.990000 0.250000
vt 0.431810 0.267907
vt 0.727651 0.940374
vt 0.490000 0.250000
vt 0.485388 0.296822
vt 0.803599 0.940374
vt 0.932690 0.250000
vt 0.988844 0.273524
vt 0.787974 0.559626
vt 0.712026 0.559626
vt 0.988844 0.226476
vt 0.432690 0.250000
vt 0.712026 0.940374
vt 0.488844 0.226476
vt 0.488844 0.273524
vt 0.787975 0.940374
vt 0.931810 0.232093
vt 0.990000 0.250000
vt 0.772349 0.559626
vt 0.696401 0.559626
vt 0.985388 0.203178
vt 0.431810 0.232093
vt 0.696401 0.940374
vt 0.485388 0.203178
vt 0.490000 0.250000
vt 0.772349 0.940374
vt 0.929180 0.214359
vt 0.988844 0.226476
vt 0.756724 0.559626
vt 0.680776 0.559626
vt 0.979666 0.180332
vt 0.429180 0.214359
vt 0.680776 0.940374
vt 0.479666 0.180332
vt 0.488844 0.226476
vt 0.756724 0.940374
vt 0.924823 0.196968
vt 0.985388 0.203178
vt 0.741099 0.559626
vt 0.665151 0.559626
vt 0.971731 0.158156
vt 0.424823 0.196968
vt 0.665151 0.940374
vt 0.471731 0.158156
vt 0.485388 0.203178
vt 0.741099 0.940374
vt 0.918783 0.180088
vt 0.979666 0.180332
vt 0.725474 0.559626
vt 0.649526 0.559626
vt 0.961661 0.136865
vt 0.418784 0.180088
vt 0.649526 0.940374
vt 0.461661 0.136865
vt 0.479666 0.180332
vt 0.725474 0.940374
vt 0.911118 0.163880
vt 0.971731 0.158156
vt 0.709849 0.559626
vt 0.633901 0.559626
vt 0.949553 0.116663
vt 0.411118 0.163881
vt 0.633901 0.940374
vt 0.449553 0.116663
vt 0.471731 0.158156
vt 0.709849 0.940374
vt 0.901901 0.148503
vt 0.961661 0.136865
vt 0.694224 0.559626
vt 0.618276 0.559626
vt 0.935522 0.097746
vt 0.401901 0.148503
vt 0.618276 0.940374
vt 0.435522 0.097746
vt 0.461661 0.136865
vt 0.694224 0.940374
vt 0.891221 0.134103
vt 0.949553 0.116663
vt 0.678599 0.559626
vt 0.602651 0.559626
vt 0.919706 0.080294
vt 0.391221 0.134103
vt 0.602651 0.940374
vt 0.419706 0.080294
vt 0.449553 0.116663
vt 0.678599 0.940374
vt 0.879181 0.120819
vt 0.935522 0.097746
vt 0.662974 0.559626
vt 0.587026 0.559626
vt 0.902254 0.064478
vt 0.379181 0.120819
vt 0.587026 0.940374
vt 0.402254 0.064478
vt 0.435522 0.097746
vt 0.662974 0.940374
vt 0.865897 0.108779
vt 0.919706 0.080294
vt 0.647349 0.559626
vt 0.571401 0.559626
vt 0.883337 0.050447
vt 0.365897 0.108779
vt 0.571401 0.940374
vt 0.383337 0.050447
vt 0.419706 0.080294
vt 0.647349 0.940374
vt 0.851497 0.098099
vt 0.902254 0.064478
vt 0.631724 0.559626
vt 0.555776 0.559626
vt 0.863135 0.038339
vt 0.351497 0.098099
vt 0.555776 0.940374
vt 0.363135 0.038339
vt 0.402254 0.064478
vt 0.631724 0.940374
vt 0.836120 0.088882
vt 0.883337 0.050447
vt 0.616099 0.559626
vt 0.540151 0.559626
vt 0.841844 0.028269
vt 0.336120 0.088882
vt 0.540151 0.940374
vt 0.341844 0.028269
vt 0.383337 0.050447
vt 0.616099 0.940374
vt 0.819913 0.081217
vt 0.863135 0.038339
vt 0.600474 0.559626
vt 0.524526 0.559626
vt 0.819668 0.020334
vt 0.319912 0.081217
vt 0.524526 0.940374
vt 0.319668 0.020334
vt 0.363135 0.038339
vt 0.600474 0.940374
vt 0.803032 0.075177
vt 0.841844 0.028269
vt 0.584849 0.559626
vt 0.508901 0.559626
vt 0.796822 0.014612
vt 0.303032 0.075177
vt 0.508901 0.940374
vt 0.296822 0.014612
vt 0.341844 0.028269
vt 0.584849 0.940374
vt 0.785641 0.070820
vt 0.819668 0.020334
vt 0.569224 0.559626
vt 0.493276 0.559626
vt 0.773524 0.011156
vt 0.285641 0.070820
vt 0.493276 0.940374
vt 0.273524 0.011156
vt 0.319668 0.020334
vt 0.569224 0.940374
vt 0.767907 0.068190
vt 0.796822 0.014612
vt 0.553599 0.559626
vt 0.477651 0.559626
vt 0.750000 0.010000
vt 0.267907 0.068190
vt 0.477651 0.940374
vt 0.250000 0.010000
vt 0.296822 0.014612
vt 0.553599 0.940374
vt 0.750000 0.067310
vt 0.773524 0.011156
vt 0.537974 0.559626
vt 0.462026 0.559626
vt 0.726476 0.011156
vt 0.250000 0.067310
vt 0.462026 0.940374
vt 0.226476 0.011156
vt 0.273524 0.011156
vt 0.537974 0.940374
vt 0.732093 0.068190
vt 0.750000 0.010000
vt 0.522349 0.559626
vt 0.446401 0.559626
vt 0.703178 0.014612
vt 0.232093 0.068190
vt 0.446401 0.940374
vt 0.203178 0.014612
vt 0.250000 0.010000
vt 0.522349 0.940374
vt 0.714359 0.070820
vt 0.726476 0.011156
vt 0.506724 0.559626
vt 0.430776 0.559626
vt 0.680332 0.020334
vt 0.214359 0.070820
vt 0.430776 0.940374
vt 0.180332 0.020334
vt 0.226476 0.011156
vt 0.506724 0.940374
vt 0.696968 0.075177
vt 0.703178 0.014612
vt 0.491099 0.559626
vt 0.415151 0.559626
vt 0.658156 0.028269
vt 0.196968 0.075177
vt 0.415151 0.940374
vt 0.158156 0.028269
vt 0.203178 0.014612
vt 0.491099 0.940374
vt 0.680088 0.081217
vt 0.680332 0.020334
vt 0.475474 0.559626
vt 0.399526 0.559626
vt 0.636865 0.038339
vt 0.180088 0.081217
vt 0.399526 0.940374
vt 0.136865 0.038339
vt 0.180332 0.020334
vt 0.475474 0.940374
vt 0.663880 0.088882
vt 0.658156 0.028269
vt 0.459849 0.559626
vt 0.383901 0.559626
vt 0.616663 0.050447
vt 0.163880 0.088882
vt 0.383901 0.940374
vt 0.116663 0.050447
vt 0.158156 0.028269
vt 0.459849 0.940374
vt 0.648503 0.098099
vt 0.636865 0.038339
vt 0.444224 0.559626
vt 0.368276 0.559626
vt 0.597746 0.064478
vt 0.148503 0.098099
vt 0.368276 0.940374
vt 0.097746 0.064478
vt 0.136865 0.038339
vt 0.444224 0.940374
vt 0.634103 0.108779
vt 0.616663 0.050447
vt 0.428599 0.559626
vt 0.352651 0.559626
vt 0.580294 0.080294
vt 0.134103 0.108779
vt 0.352651 0.940374
vt 0.080294 0.080294
vt 0.116663 0.050447
vt 0.428599 0.940374
vt 0.620819 0.120819
vt 0.597746 0.064478
vt 0.412974 0.559626
vt 0.337026 0.559626
vt 0.564478 0.097746
vt 0.120819 0.120819
vt 0.337026 0.940374
vt 0.064478 0.097746
vt 0.097746 0.064478
vt 0.412974 0.940374
vt 0.608779 0.134103
vt 0.580294 0.080294
vt 0.397349 0.559626
vt 0.321401 0.559626
vt 0.550447 0.116663
vt 0.108779 0.134103
vt 0.321401 0.940374
vt 0.050447 0.116663
vt 0.080294 0.080294
vt 0.397349 0.940374
vt 0.598099 0.148503
vt 0.564478 0.097746
vt 0.381724 0.559626
vt 0.305776 0.559626
vt 0.538339 0.136865
vt 0.098099 0.148503
vt 0.305776 0.940374
vt 0.038339 0.136865
vt 0.064478 0.097746
vt 0.381724 0.940374
vt 0.588882 0.163881
vt 0.550447 0.116663
vt 0.366099 0.559626
vt 0.290151 0.559626
vt 0.528269 0.158156
vt 0.088882 0.163880
vt 0.290151 0.940374
vt 0.028269 0.158156
vt 0.050447 0.116663
vt 0.366099 0.940374
vt 0.581216 0.180088
vt 0.538339 0.136865
vt 0.350474 0.559626
vt 0.274526 0.559626
vt 0.520334 0.180332
vt 0.081217 0.180088
vt 0.274526 0.940374
vt 0.020334 0.180332
vt 0.038339 0.136865
vt 0.350474 0.940374
vt 0.575177 0.196968
vt 0.528269 0.158156
vt 0.334849 0.559626
vt 0.258901 0.559626
vt 0.514612 0.203178
vt 0.075177 0.196968
vt 0.258901 0.940374
vt 0.014612 0.203178
vt 0.028269 0.158156
vt 0.334849 0.940374
vt 0.570820 0.214359
vt 0.520334 0.180332
vt 0.319224 0.559626
vt 0.243276 0.559626
vt 0.511156 0.226476
vt 0.070820 0.214359
vt 0.243276 0.940374
vt 0.011156 0.226476
vt 0.020334 0.180332
vt 0.319224 0.940374
vt 0.568190 0.232093
vt 0.514612 0.203178
vt 0.303599 0.559626
vt 0.227651 0.559626
vt 0.510000 0.250000
vt 0.068190 0.232093
vt 0.227651 0.940374
vt 0.010000 0.250000
vt 0.014612 0.203178
vt 0.303599 0.940374
vt 0.567310 0.250000
vt 0.511156 0.226476
vt 0.287974 0.559626
vt 0.212026 0.559626
vt 0.511156 0.273524
vt 0.067310 0.250000
vt 0.212026 0.940374
vt 0.011156 0.273524
vt 0.011156 0.226476
vt 0.287974 0.940374
vt 0.568190 0.267907
vt 0.510000 0.250000
vt 0.272349 0.559626
vt 0.196401 0.559626
vt 0.514612 0.296822
vt 0.068190 0.267907
vt 0.196401 0.940374
vt 0.014612 0.296822
vt 0.010000 0.250000
vt 0.272349 0.940374
vt 0.570821 0.285641
vt 0.511156 0.273524
vt 0.256724 0.559626
vt 0.180776 0.559626
vt 0.520334 0.319668
vt 0.070820 0.285641
vt 0.180776 0.940374
vt 0.020334 0.319668
vt 0.011156 0.273524
vt 0.256724 0.940374
vt 0.575177 0.303032
vt 0.514612 0.296822
vt 0.241099 0.559626
vt 0.165151 0.559626
vt 0.528269 0.341844
vt 0.075177 0.303032
vt 0.165151 0.940374
vt 0.028269 0.341844
vt 0.014612 0.296822
vt 0.241099 0.940374
vt 0.581216 0.319912
vt 0.520334 0.319668
vt 0.225474 0.559626
vt 0.149526 0.559626
vt 0.538339 0.363135
vt 0.081217 0.319912
vt 0.149526 0.940374
vt 0.038339 0.363135
vt 0.020334 0.319668
vt 0.225474 0.940374
vt 0.588882 0.336120
vt 0.528269 0.341844
vt 0.209849 0.559626
vt 0.133901 0.559626
vt 0.550447 0.383337
vt 0.088882 0.336120
vt 0.133901 0.940374
vt 0.050447 0.383337
vt 0.028269 0.341844
vt 0.209849 0.940374
vt 0.598099 0.351497
vt 0.538339 0.363135
vt 0.194224 0.559626
vt 0.118276 0.559626
vt 0.564478 0.402254
vt 0.098099 0.351497
vt 0.118276 0.940374
vt 0.064478 0.402254
vt 0.038339 0.363135
vt 0.194224 0.940374
vt 0.608779 0.365897
vt 0.550447 0.383337
vt 0.178599 0.559626
vt 0.102651 0.559626
vt 0.580294 0.419706
vt 0.108779 0.365897
vt 0.102651 0.940374
vt 0.080294 0.419706
vt 0.050447 0.383337
vt 0.178599 0.940374
vt 0.620819 0.379181
vt 0.564478 0.402254
vt 0.162974 0.559626
vt 0.087026 0.559626
vt 0.597746 0.435522
vt 0.120819 0.379181
vt 0.087026 0.940374
vt 0.097746 0.435522
vt 0.064478 0.402254
vt 0.162974 0.940374
vt 0.634103 0.391221
vt 0.580294 0.419706
vt 0.147349 0.559626
vt 0.071401 0.559626
vt 0.616663 0.449553
vt 0.134103 0.391221
vt 0.071401 0.940374
vt 0.116663 0.449553
vt 0.080294 0.419706
vt 0.147349 0.940374
vt 0.648503 0.401901
vt 0.597746 0.435522
vt 0.131724 0.559626
vt 0.055776 0.559626
vt 0.636865 0.461661
vt 0.148503 0.401901
vt 0.055776 0.940374
vt 0.136865 0.461661
vt 0.097746 0.435522
vt 0.131724 0.940374
vt 0.663880 0.411118
vt 0.616663 0.449553
vt 0.116099 0.559626
vt 0.040151 0.559626
vt 0.658156 0.471731
vt 0.163880 0.411118
vt 0.040151 0.940374
vt 0.158156 0.471731
vt 0.116663 0.449553
vt 0.116099 0.940374
vt 0.680088 0.418783
vt 0.636865 0.461661
vt 0.100474 0.559626
vt 0.024526 0.559626
vt 0.680332 0.479666
vt 0.180088 0.418783
vt 0.024526 0.940374
vt 0.180332 0.479666
vt 0.136865 0.461661
vt 0.100474 0.940374
vt 0.696968 0.424823
vt 0.658156 0.471731
vt 0.084849 0.559626
vt 0.008901 0.559626
vt 0.703178 0.485388
vt 0.196968 0.424823
vt 0.008901 0.940374
vt 0.203178 0.485388
vt 0.158156 0.471731
vt 0.084849 0.940374
vt 0.714359 0.429180
vt 0.680332 0.479666
vt 0.069224 0.559626
vt -0.006724 0.559626
vt 0.726476 0.488844
vt 0.214359 0.429180
vt -0.006724 0.940374
vt 0.226476 0.488844
vt 0.180332 0.479666
vt 0.069224 0.940374
vt 0.732094 0.431810
vt 0.703178 0.485388
vt 0.053599 0.559626
vt -0.022349 0.559626
vt 0.750000 0.490000
vt 0.232093 0.431810
vt -0.022349 0.940374
vt 0.250000 0.490000
vt 0.203178 0.485388
vt 0.053599 0.940374
vt 0.250000 0.432690
vt 0.250000 0.393695
vt 0.264084 0.393003
vt 0.267907 0.431810
vt 0.278033 0.390934
vt 0.285641 0.429180
vt 0.291712 0.387507
vt 0.303032 0.424823
vt 0.304990 0.382757
vt 0.319912 0.418784
vt 0.317737 0.376727
vt 0.336119 0.411118
vt 0.329833 0.369478
vt 0.351497 0.401901
vt 0.341159 0.361077
vt 0.365897 0.391221
vt 0.351607 0.351607
vt 0.379181 0.379181
vt 0.361077 0.341159
vt 0.391221 0.365897
vt 0.369478 0.329833
vt 0.401901 0.351497
vt 0.376727 0.317737
vt 0.411118 0.336120
vt 0.382757 0.304990
vt 0.418784 0.319912
vt 0.387507 0.291712
vt 0.424823 0.303032
vt 0.390934 0.278033
vt 0.429180 0.285641
vt 0.393003 0.264084
vt 0.431810 0.267907
vt 0.393694 0.250000
vt 0.432690 0.250000
vt 0.393003 0.235916
vt 0.431810 0.232093
vt 0.390934 0.221967
vt 0.429180 0.214359
vt 0.387507 0.208288
vt 0.424823 0.196968
vt 0.382756 0.195010
vt 0.418784 0.180088
vt 0.376727 0.182263
vt 0.411118 0.163881
vt 0.369478 0.170167
vt 0.401901 0.148503
vt 0.361077 0.158841
vt 0.391221 0.134103
vt 0.351607 0.148393
vt 0.379181 0.120819
vt 0.341159 0.138923
vt 0.365897 0.108779
vt 0.329833 0.130522
vt 0.351497 0.098099
vt 0.317737 0.123273
vt 0.336120 0.088882
vt 0.304990 0.117244
vt 0.319912 0.081217
vt 0.291712 0.112493
vt 0.303032 0.075177
vt 0.278033 0.109067
vt 0.285641 0.070820
vt 0.264084 0.106997
vt 0.267907 0.068190
vt 0.250000 0.106305
vt 0.250000 0.067310
vt 0.235916 0.106997
vt 0.232093 0.068190
vt 0.221967 0.109067
vt 0.214359 0.070820
vt 0.208288 0.112493
vt 0.196968 0.075177
vt 0.195010 0.117244
vt 0.180088 0.081217
vt 0.182263 0.123273
vt 0.163880 0.088882
vt 0.170167 0.130522
vt 0.148503 0.098099
vt 0.158841 0.138923
vt 0.134103 0.108779
vt 0.148393 0.148393
vt 0.120819 0.120819
vt 0.138923 0.158841
vt 0.108779 0.134103
vt 0.130522 0.170168
vt 0.098099 0.148503
vt 0.123273 0.182263
vt 0.088882 0.163880
vt 0.117244 0.195010
vt 0.081217 0.180088
vt 0.112493 0.208288
vt 0.075177 0.196968
vt 0.109067 0.221967
vt 0.070820 0.214359
vt 0.106997 0.235916
vt 0.068190 0.232093
vt 0.106305 0.250000
vt 0.067310 0.250000
vt 0.106997 0.264085
vt 0.068190 0.267907
vt 0.109067 0.278033
vt 0.070820 0.285641
vt 0.112493 0.291713
vt 0.075177 0.303032
vt 0.117244 0.304990
vt 0.081217 0.319912
vt 0.123273 0.317737
vt 0.088882 0.336120
vt 0.130522 0.329833
vt 0.098099 0.351497
vt 0.138923 0.341159
vt 0.108779 0.365897
vt 0.148393 0.351607
vt 0.120819 0.379181
vt 0.158841 0.361077
vt 0.134103 0.391221
vt 0.170167 0.369478
vt 0.148503 0.401901
vt 0.182263 0.376727
vt 0.163880 0.411118
vt 0.195010 0.382756
vt 0.180088 0.418783
vt 0.208288 0.387507
vt 0.196968 0.424823
vt 0.221967 0.390934
vt 0.214359 0.429180
vt 0.235916 0.393003
vt 0.232093 0.431810
s 1
f 397/664/13 399/667/14 22/39/15 18/30/16
f 31/54/17 33/57/18 40/70/19 36/63/20
f 37/64/21 39/67/22 46/80/23 42/73/24
f 43/74/25 45/77/26 52/90/27 48/83/28
f 49/84/29 51/87/30 58/100/31 54/93/32
f 55/94/33 57/97/34 64/110/35 60/103/36
f 61/104/37 63/107/38 70/120/39 66/113/40
f 67/114/41 69/117/42 76/130/43 72/123/44
f 73/124/45 75/127/46 82/140/47 78/133/48
f 79/134/49 81/137/50 88/150/51 84/143/52
f 85/144/53 87/147/54 94/160/55 90/153/56
f 91/154/57 93/157/58 100/170/59 96/163/60
f 97/164/61 99/167/62 106/180/63 102/173/64
f 103/174/65 105/177/66 112/190/67 108/183/68
f 109/184/69 111/187/70 118/200/71 114/193/72
f 115/194/73 117/197/74 124/210/75 120/203/76
f 121/204/77 123/207/78 130/220/79 126/213/80
f 127/214/81 129/217/82 136/230/83 132/223/84
f 133/224/85 135/227/86 142/240/87 138/233/88
f 139/234/89 141/237/90 148/250/91 144/243/92
f 145/244/93 147/247/94 154/260/95 150/253/96
f 151/254/97 153/257/98 160/270/99 156/263/100
f 157/264/101 159/267/102 166/280/103 162/273/104
f 163/274/105 165/277/106 172/290/107 168/283/108
f 169/284/109 171/287/110 178/300/111 174/293/112
f 175/294/113 177/297/114 184/310/115 180/303/116
f 181/304/117 183/307/118 190/320/119 186/313/120
f 187/314/121 189/317/122 196/330/123 192/323/124
f 193/324/125 195/327/126 202/340/127 198/333/128
f 199/334/129 201/337/130 208/350/131 204/343/132
f 205/344/133 207/347/134 214/360/135 210/353/136
f 211/354/137 213/357/138 220/370/139 216/363/140
f 217/364/141 219/367/142 226/380/143 222/373/144
f 223/374/145 225/377/146 232/390/147 228/383/148
f 229/384/149 231/387/150 238/400/151 234/393/152
f 235/394/153 237/397/154 244/410/155 240/403/156
f 241/404/157 243/407/158 250/420/159 246/413/160
f 247/414/161 249/417/162 256/430/163 252/423/164
f 253/424/165 255/427/166 262/440/167 258/433/168
f 259/434/169 261/437/170 268/450/171 264/443/172
f 265/444/173 267/447/174 274/460/175 270/453/176
f 271/454/177 273/457/178 280/470/179 276/463/180
f 277/464/181 279/467/182 286/480/183 282/473/184
f 283/474/185 285/477/186 292/490/187 288/483/188
f 289/484/189 291/487/190 298/500/191 294/493/192
f 295/494/193 297/497/194 304/510/195 300/503/196
f 301/504/197 303/507/198 310/520/199 306/513/200
f 307/514/201 309/517/202 316/530/203 312/523/204
f 313/524/205 315/527/206 322/540/207 318/533/208
f 319/534/209 321/537/210 328/550/211 324/543/212
f 325/544/213 327/547/214 334/560/215 330/553/216
f 331/554/217 333/557/218 340/570/219 336/563/220
f 337/564/221 339/567/222 346/580/223 342/573/224
f 343/574/225 345/577/226 352/590/227 348/583/228
f 349/584/229 351/587/230 358/600/231 354/593/232
f 355/594/233 357/597/234 364/610/235 360/603/236
f 361/604/237 363/607/238 370/620/239 366/613/240
f 367/614/241 369/617/242 376/630/243 372/623/244
f 373/624/245 375/627/246 382/640/247 378/633/248
f 379/634/249 381/637/250 388/650/251 384/643/252
f 385/644/253 387/647/254 394/660/255 390/653/256
f 391/654/257 393/657/258 400/670/259 396/663/260
f 25/44/261 27/47/262 34/60/263 30/53/264
f 44/76/265 38/66/266 408/678/267 410/680/268
f 19/32/269 21/36/270 28/50/271 24/43/272
f 17/29/273 18/31/16 19/33/269
f 20/35/274 21/37/270 22/40/15
f 23/41/275 24/42/272 25/45/261
f 26/46/276 27/48/262 28/49/271
f 29/51/277 30/52/264 31/55/17
f 32/56/278 33/58/18 34/59/263
f 35/61/279 36/62/20 37/65/21
f 38/66/266 39/68/22 40/69/19
f 41/71/280 42/72/24 43/75/25
f 44/76/265 45/78/26 46/79/23
f 47/81/281 48/82/28 49/85/29
f 50/86/282 51/88/30 52/89/27
f 53/91/283 54/92/32 55/95/33
f 56/96/284 57/98/34 58/99/31
f 59/101/285 60/102/36 61/105/37
f 62/106/286 63/108/38 64/109/35
f 65/111/287 66/112/40 67/115/41
f 68/116/288 69/118/42 70/119/39
f 71/121/289 72/122/44 73/125/45
f 74/126/290 75/128/46 76/129/43
f 77/131/291 78/132/48 79/135/49
f 80/136/292 81/138/50 82/139/47
f 83/141/293 84/142/52 85/145/53
f 86/146/294 87/148/54 88/149/51
f 89/151/295 90/152/56 91/155/57
f 92/156/296 93/158/58 94/159/55
f 95/161/297 96/162/60 97/165/61
f 98/166/298 99/168/62 100/169/59
f 101/171/299 102/172/64 103/175/65
f 104/176/300 105/178/66 106/179/63
f 107/181/301 108/182/68 109/185/69
f 110/186/302 111/188/70 112/189/67
f 113/191/303 114/192/72 115/195/73
f 116/196/304 117/198/74 118/199/71
f 119/201/305 120/202/76 121/205/77
f 122/206/306 123/208/78 124/209/75
f 125/211/307 126/212/80 127/215/81
f 128/216/308 129/218/82 130/219/79
f 131/221/309 132/222/84 133/225/85
f 134/226/310 135/228/86 136/229/83
f 137/231/311 138/232/88 139/235/89
f 140/236/312 141/238/90 142/239/87
f 143/241/313 144/242/92 145/245/93
f 146/246/314 147/248/94 148/249/91
f 149/251/315 150/252/96 151/255/97
f 152/256/316 153/258/98 154/259/95
f 155/261/317 156/262/100 157/265/101
f 158/266/318 159/268/102 160/269/99
f 161/271/319 162/272/104 163/275/105
f 164/276/320 165/278/106 166/279/103
f 167/281/321 168/282/108 169/285/109
f 170/286/322 171/288/110 172/289/107
f 173/291/323 174/292/112 175/295/113
f 176/296/324 177/298/114 178/299/111
f 179/301/325 180/302/116 181/305/117
f 182/306/326 183/308/118 184/309/115
f 185/311/327 186/312/120 187/315/121
f 188/316/328 189/318/122 190/319/119
f 191/321/329 192/322/124 193/325/125
f 194/326/330 195/328/126 196/329/123
f 197/331/331 198/332/128 199/335/129
f 200/336/332 201/338/130 202/339/127
f 203/341/333 204/342/132 205/345/133
f 206/346/334 207/348/134 208/349/131
f 209/351/335 210/352/136 211/355/137
f 212/356/336 213/358/138 214/359/135
f 215/361/337 216/362/140 217/365/141
f 218/366/338 219/368/142 220/369/139
f 221/371/339 222/372/144 223/375/145
f 224/376/340 225/378/146 226/379/143
f 227/381/341 228/382/148 229/385/149
f 230/386/342 231/388/150 232/389/147
f 233/391/343 234/392/152 235/395/153
f 236/396/344 237/398/154 238/399/151
f 239/401/345 240/402/156 241/405/157
f 242/406/346 243/408/158 244/409/155
f 245/411/347 246/412/160 247/415/161
f 248/416/348 249/418/162 250/419/159
f 251/421/349 252/422/164 253/425/165
f 254/426/350 255/428/166 256/429/163
f 257/431/351 258/432/168 259/435/169
f 260/436/352 261/438/170 262/439/167
f 263/441/353 264/442/172 265/445/173
f 266/446/354 267/448/174 268/449/171
f 269/451/355 270/452/176 271/455/177
f 272/456/356 273/458/178 274/459/175
f 275/461/357 276/462/180 277/465/181
f 278/466/358 279/468/182 280/469/179
f 281/471/359 282/472/184 283/475/185
f 284/476/360 285/478/186 286/479/183
f 287/481/361 288/482/188 289/485/189
f 290/486/362 291/488/190 292/489/187
f 293/491/363 294/492/192 295/495/193
f 296/496/364 297/498/194 298/499/191
f 299/501/365 300/502/196 301/505/197
f 302/506/366 303/508/198 304/509/195
f 305/511/367 306/512/200 307/515/201
f 308/516/368 309/518/202 310/519/199
f 311/521/369 312/522/204 313/525/205
f 314/526/370 315/528/206 316/529/203
f 317/531/371 318/532/208 319/535/209
f 320/536/372 321/538/210 322/539/207
f 323/541/373 324/542/212 325/545/213
f 326/546/374 327/548/214 328/549/211
f 329/551/375 330/552/216 331/555/217
f 332/556/376 333/558/218 334/559/215
f 335/561/377 336/562/220 337/565/221
f 338/566/378 339/568/222 340/569/219
f 341/571/379 342/572/224 343/575/225
f 344/576/380 345/578/226 346/579/223
f 347/581/381 348/582/228 349/585/229
f 350/586/382 351/588/230 352/589/227
f 353/591/383 354/592/232 355/595/233
f 356/596/384 357/598/234 358/599/231
f 359/601/385 360/602/236 361/605/237
f 362/606/386 363/608/238 364/609/235
f 365/611/387 366/612/240 367/615/241
f 368/616/388 369/618/242 370/619/239
f 371/621/389 372/622/244 373/625/245
f 374/626/390 375/628/246 376/629/243
f 377/631/391 378/632/248 379/635/249
f 380/636/392 381/638/250 382/639/247
f 383/641/393 384/642/252 385/645/253
f 386/646/394 387/648/254 388/649/251
f 389/651/395 390/652/256 391/655/257
f 392/656/396 393/658/258 394/659/255
f 395/661/397 396/662/260 397/665/13
f 398/666/398 399/668/14 400/669/259
f 19/33/269 24/42/272 23/41/275 17/29/273
f 28/49/271 21/37/270 20/35/274 26/46/276
f 18/30/16 22/39/15 21/38/270 19/34/269
f 27/47/262 25/44/261 24/43/272 28/50/271
f 25/45/261 30/52/264 29/51/277 23/41/275
f 34/59/263 27/48/262 26/46/276 32/56/278
f 33/57/18 31/54/17 30/53/264 34/60/263
f 31/55/17 36/62/20 35/61/279 29/51/277
f 40/69/19 33/58/18 32/56/278 38/66/266
f 39/67/22 37/64/21 36/63/20 40/70/19
f 37/65/21 42/72/24 41/71/280 35/61/279
f 46/79/23 39/68/22 38/66/266 44/76/265
f 45/77/26 43/74/25 42/73/24 46/80/23
f 43/75/25 48/82/28 47/81/281 41/71/280
f 52/89/27 45/78/26 44/76/265 50/86/282
f 51/87/30 49/84/29 48/83/28 52/90/27
f 49/85/29 54/92/32 53/91/283 47/81/281
f 58/99/31 51/88/30 50/86/282 56/96/284
f 57/97/34 55/94/33 54/93/32 58/100/31
f 55/95/33 60/102/36 59/101/285 53/91/283
f 64/109/35 57/98/34 56/96/284 62/106/286
f 63/107/38 61/104/37 60/103/36 64/110/35
f 61/105/37 66/112/40 65/111/287 59/101/285
f 70/119/39 63/108/38 62/106/286 68/116/288
f 69/117/42 67/114/41 66/113/40 70/120/39
f 67/115/41 72/122/44 71/121/289 65/111/287
f 76/129/43 69/118/42 68/116/288 74/126/290
f 75/127/46 73/124/45 72/123/44 76/130/43
f 73/125/45 78/132/48 77/131/291 71/121/289
f 82/139/47 75/128/46 74/126/290 80/136/292
f 81/137/50 79/134/49 78/133/48 82/140/47
f 79/135/49 84/142/52 83/141/293 77/131/291
f 88/149/51 81/138/50 80/136/292 86/146/294
f 87/147/54 85/144/53 84/143/52 88/150/51
f 85/145/53 90/152/56 89/151/295 83/141/293
f 94/159/55 87/148/54 86/146/294 92/156/296
f 93/157/58 91/154/57 90/153/56 94/160/55
f 91/155/57 96/162/60 95/161/297 89/151/295
f 100/169/59 93/158/58 92/156/296 98/166/298
f 99/167/62 97/164/61 96/163/60 100/170/59
f 97/165/61 102/172/64 101/171/299 95/161/297
f 106/179/63 99/168/62 98/166/298 104/176/300
f 105/177/66 103/174/65 102/173/64 106/180/63
f 103/175/65 108/182/68 107/181/301 101/171/299
f 112/189/67 105/178/66 104/176/300 110/186/302
f 111/187/70 109/184/69 108/183/68 112/190/67
f 109/185/69 114/192/72 113/191/303 107/181/301
f 118/199/71 111/188/70 110/186/302 116/196/304
f 117/197/74 115/194/73 114/193/72 118/200/71
f 115/195/73 120/202/76 119/201/305 113/191/303
f 124/209/75 117/198/74 116/196/304 122/206/306
f 123/207/78 121/204/77 120/203/76 124/210/75
f 121/205/77 126/212/80 125/211/307 119/201/305
f 130/219/79 123/208/78 122/206/306 128/216/308
f 129/217/82 127/214/81 126/213/80 130/220/79
f 127/215/81 132/222/84 131/221/309 125/211/307
f 136/229/83 129/218/82 128/216/308 134/226/310
f 135/227/86 133/224/85 132/223/84 136/230/83
f 133/225/85 138/232/88 137/231/311 131/221/309
f 142/239/87 135/228/86 134/226/310 140/236/312
f 141/237/90 139/234/89 138/233/88 142/240/87
f 139/235/89 144/242/92 143/241/313 137/231/311
f 148/249/91 141/238/90 140/236/312 146/246/314
f 147/247/94 145/244/93 144/243/92 148/250/91
f 145/245/93 150/252/96 149/251/315 143/241/313
f 154/259/95 147/248/94 146/246/314 152/256/316
f 153/257/98 151/254/97 150/253/96 154/260/95
f 151/255/97 156/262/100 155/261/317 149/251/315
f 160/269/99 153/258/98 152/256/316 158/266/318
f 159/267/102 157/264/101 156/263/100 160/270/99
f 157/265/101 162/272/104 161/271/319 155/261/317
f 166/279/103 159/268/102 158/266/318 164/276/320
f 165/277/106 163/274/105 162/273/104 166/280/103
f 163/275/105 168/282/108 167/281/321 161/271/319
f 172/289/107 165/278/106 164/276/320 170/286/322
f 171/287/110 169/284/109 168/283/108 172/290/107
f 169/285/109 174/292/112 173/291/323 167/281/321
f 178/299/111 171/288/110 170/286/322 176/296/324
f 177/297/114 175/294/113 174/293/112 178/300/111
f 175/295/113 180/302/116 179/301/325 173/291/323
f 184/309/115 177/298/114 176/296/324 182/306/326
f 183/307/118 181/304/117 180/303/116 184/310/115
f 181/305/117 186/312/120 185/311/327 179/301/325
f 190/319/119 183/308/118 182/306/326 188/316/328
f 189/317/122 187/314/121 186/313/120 190/320/119
f 187/315/121 192/322/124 191/321/329 185/311/327
f 196/329/123 189/318/122 188/316/328 194/326/330
f 195/327/126 193/324/125 192/323/124 196/330/123
f 193/325/125 198/332/128 197/331/331 191/321/329
f 202/339/127 195/328/126 194/326/330 200/336/332
f 201/337/130 199/334/129 198/333/128 202/340/127
f 199/335/129 204/342/132 203/341/333 197/331/331
f 208/349/131 201/338/130 200/336/332 206/346/334
f 207/347/134 205/344/133 204/343/132 208/350/131
f 205/345/133 210/352/136 209/351/335 203/341/333
f 214/359/135 207/348/134 206/346/334 212/356/336
f 213/357/138 211/354/137 210/353/136 214/360/135
f 211/355/137 216/362/140 215/361/337 209/351/335
f 220/369/139 213/358/138 212/356/336 218/366/338
f 219/367/142 217/364/141 216/363/140 220/370/139
f 217/365/141 222/372/144 221/371/339 215/361/337
f 226/379/143 219/368/142 218/366/338 224/376/340
f 225/377/146 223/374/145 222/373/144 226/380/143
f 223/375/145 228/382/148 227/381/341 221/371/339
f 232/389/147 225/378/146 224/376/340 230/386/342
f 231/387/150 229/384/149 228/383/148 232/390/147
f 229/385/149 234/392/152 233/391/343 227/381/341
f 238/399/151 231/388/150 230/386/342 236/396/344
f 237/397/154 235/394/153 234/393/152 238/400/151
f 235/395/153 240/402/156 239/401/345 233/391/343
f 244/409/155 237/398/154 236/396/344 242/406/346
f 243/407/158 241/404/157 240/403/156 244/410/155
f 241/405/157 246/412/160 245/411/347 239/401/345
f 250/419/159 243/408/158 242/406/346 248/416/348
f 249/417/162 247/414/161 246/413/160 250/420/159
f 247/415/161 252/422/164 251/421/349 245/411/347
f 256/429/163 249/418/162 248/416/348 254/426/350
f 255/427/166 253/424/165 252/423/164 256/430/163
f 253/425/165 258/432/168 257/431/351 251/421/349
f 262/439/167 255/428/166 254/426/350 260/436/352
f 261/437/170 259/434/169 258/433/168 262/440/167
f 259/435/169 264/442/172 263/441/353 257/431/351
f 268/449/171 261/438/170 260/436/352 266/446/354
f 267/447/174 265/444/173 264/443/172 268/450/171
f 265/445/173 270/452/176 269/451/355 263/441/353
f 274/459/175 267/448/174 266/446/354 272/456/356
f 273/457/178 271/454/177 270/453/176 274/460/175
f 271/455/177 276/462/180 275/461/357 269/451/355
f 280/469/179 273/458/178 272/456/356 278/466/358
f 279/467/182 277/464/181 276/463/180 280/470/179
f 277/465/181 282/472/184 281/471/359 275/461/357
f 286/479/183 279/468/182 278/466/358 284/476/360
f 285/477/186 283/474/185 282/473/184 286/480/183
f 283/475/185 288/482/188 287/481/361 281/471/359
f 292/489/187 285/478/186 284/476/360 290/486/362
f 291/487/190 289/484/189 288/483/188 292/490/187
f 289/485/189 294/492/192 293/491/363 287/481/361
f 298/499/191 291/488/190 290/486/362 296/496/364
f 297/497/194 295/494/193 294/493/192 298/500/191
f 295/495/193 300/502/196 299/501/365 293/491/363
f 304/509/195 297/498/194 296/496/364 302/506/366
f 303/507/198 301/504/197 300/503/196 304/510/195
f 301/505/197 306/512/200 305/511/367 299/501/365
f 310/519/199 303/508/198 302/506/366 308/516/368
f 309/517/202 307/514/201 306/513/200 310/520/199
f 307/515/201 312/522/204 311/521/369 305/511/367
f 316/529/203 309/518/202 308/516/368 314/526/370
f 315/527/206 313/524/205 312/523/204 316/530/203
f 313/525/205 318/532/208 317/531/371 311/521/369
f 322/539/207 315/528/206 314/526/370 320/536/372
f 321/537/210 319/534/209 318/533/208 322/540/207
f 319/535/209 324/542/212 323/541/373 317/531/371
f 328/549/211 321/538/210 320/536/372 326/546/374
f 327/547/214 325/544/213 324/543/212 328/550/211
f 325/545/213 330/552/216 329/551/375 323/541/373
f 334/559/215 327/548/214 326/546/374 332/556/376
f 333/557/218 331/554/217 330/553/216 334/560/215
f 331/555/217 336/562/220 335/561/377 329/551/375
f 340/569/219 333/558/218 332/556/376 338/566/378
f 339/567/222 337/564/221 336/563/220 340/570/219
f 337/565/221 342/572/224 341/571/379 335/561/377
f 346/579/223 339/568/222 338/566/378 344/576/380
f 345/577/226 343/574/225 342/573/224 346/580/223
f 343/575/225 348/582/228 347/581/381 341/571/379
f 352/589/227 345/578/226 344/576/380 350/586/382
f 351/587/230 349/584/229 348/583/228 352/590/227
f 349/585/229 354/592/232 353/591/383 347/581/381
f 358/599/231 351/588/230 350/586/382 356/596/384
f 357/597/234 355/594/233 354/593/232 358/600/231
f 355/595/233 360/602/236 359/601/385 353/591/383
f 364/609/235 357/598/234 356/596/384 362/606/386
f 363/607/238 361/604/237 360/603/236 364/610/235
f 361/605/237 366/612/240 365/611/387 359/601/385
f 370/619/239 363/608/238 362/606/386 368/616/388
f 369/617/242 367/614/241 366/613/240 370/620/239
f 367/615/241 372/622/244 371/621/389 365/611/387
f 376/629/243 369/618/242 368/616/388 374/626/390
f 375/627/246 373/624/245 372/623/244 376/630/243
f 373/625/245 378/632/248 377/631/391 371/621/389
f 382/639/247 375/628/246 374/626/390 380/636/392
f 381/637/250 379/634/249 378/633/248 382/640/247
f 379/635/249 384/642/252 383/641/393 377/631/391
f 388/649/251 381/638/250 380/636/392 386/646/394
f 387/647/254 385/644/253 384/643/252 388/650/251
f 385/645/253 390/652/256 389/651/395 383/641/393
f 394/659/255 387/648/254 386/646/394 392/656/396
f 393/657/258 391/654/257 390/653/256 394/660/255
f 391/655/257 396/662/260 395/661/397 389/651/395
f 400/669/259 393/658/258 392/656/396 398/666/398
f 399/667/14 397/664/13 396/663/260 400/670/259
f 397/665/13 18/31/16 17/29/273 395/661/397
f 22/40/15 399/668/14 398/666/398 20/35/274
f 17/29/273 23/41/275 29/51/277 35/61/279 41/71/280 47/81/281 53/91/283 59/101/285 65/111/287 71/121/289 77/131/291 83/141/293 89/151/295 95/161/297 101/171/299 107/181/301 113/191/303 119/201/305 125/211/307 131/221/309 137/231/311 143/241/313 149/251/315 155/261/317 161/271/319 167/281/321 173/291/323 179/301/325 185/311/327 191/321/329 197/331/331 203/341/333 209/351/335 215/361/337 221/371/339 227/381/341 233/391/343 239/401/345 245/411/347 251/421/349 257/431/351 263/441/353 269/451/355 275/461/357 281/471/359 287/481/361 293/491/363 299/501/365 305/511/367 311/521/369 317/531/371 323/541/373 329/551/375 335/561/377 341/571/379 347/581/381 353/591/383 359/601/385 365/611/387 371/621/389 377/631/391 383/641/393 389/651/395 395/661/397
f 20/35/274 398/666/398 528/798/399 401/671/400
f 254/426/350 248/416/348 478/748/401 480/750/402
f 176/296/324 170/286/322 452/722/403 454/724/404
f 386/646/394 380/636/392 522/792/405 524/794/406
f 98/166/298 92/156/296 426/696/407 428/698/408
f 308/516/368 302/506/366 496/766/409 498/768/410
f 230/386/342 224/376/340 470/740/411 472/742/412
f 152/256/316 146/246/314 444/714/413 446/716/414
f 362/606/386 356/596/384 514/784/415 516/786/416
f 74/126/290 68/116/288 418/688/417 420/690/418
f 284/476/360 278/466/358 488/758/419 490/760/420
f 206/346/334 200/336/332 462/732/421 464/734/422
f 128/216/308 122/206/306 436/706/423 438/708/424
f 338/566/378 332/556/376 506/776/425 508/778/426
f 50/86/282 44/76/265 410/680/268 412/682/427
f 260/436/352 254/426/350 480/750/402 482/752/428
f 182/306/326 176/296/324 454/724/404 456/726/429
f 392/656/396 386/646/394 524/794/406 526/796/430
f 104/176/300 98/166/298 428/698/408 430/700/431
f 314/526/370 308/516/368 498/768/410 500/770/432
f 236/396/344 230/386/342 472/742/412 474/744/433
f 158/266/318 152/256/316 446/716/414 448/718/434
f 368/616/388 362/606/386 516/786/416 518/788/435
f 80/136/292 74/126/290 420/690/418 422/692/436
f 290/486/362 284/476/360 490/760/420 492/762/437
f 212/356/336 206/346/334 464/734/422 466/736/438
f 134/226/310 128/216/308 438/708/424 440/710/439
f 344/576/380 338/566/378 508/778/426 510/780/440
f 56/96/284 50/86/282 412/682/427 414/684/441
f 403/673/442 402/672/443 527/797/444 525/795/445 523/793/446 521/791/447 519/789/448 517/787/449 515/785/450 513/783/451 511/781/452 509/779/453 507/777/454 505/775/455 503/773/456 501/771/457 499/769/458 497/767/459 495/765/460 493/763/461 491/761/462 489/759/463 487/757/464 485/755/465 483/753/466 481/751/467 479/749/468 477/747/469 475/745/470 473/743/471 471/741/472 469/739/473 467/737/474 465/735/475 463/733/476 461/731/477 459/729/478 457/727/479 455/725/480 453/723/481 451/721/482 449/719/483 447/717/484 445/715/485 443/713/486 441/711/487 439/709/488 437/707/489 435/705/490 433/703/491 431/701/492 429/699/493 427/697/494 425/695/495 423/693/496 421/691/497 419/689/498 417/687/499 415/685/500 413/683/501 411/681/502 409/679/503 407/677/504 405/675/505
f 266/446/354 260/436/352 482/752/428 484/754/506
f 188/316/328 182/306/326 456/726/429 458/728/507
f 398/666/398 392/656/396 526/796/430 528/798/399
f 110/186/302 104/176/300 430/700/431 432/702/508
f 320/536/372 314/526/370 500/770/432 502/772/509
f 242/406/346 236/396/344 474/744/433 476/746/510
f 164/276/320 158/266/318 448/718/434 450/720/511
f 374/626/390 368/616/388 518/788/435 520/790/512
f 86/146/294 80/136/292 422/692/436 424/694/513
f 296/496/364 290/486/362 492/762/437 494/764/514
f 218/366/338 212/356/336 466/736/438 468/738/515
f 140/236/312 134/226/310 440/710/439 442/712/516
f 350/586/382 344/576/380 510/780/440 512/782/517
f 62/106/286 56/96/284 414/684/441 416/686/518
f 272/456/356 266/446/354 484/754/506 486/756/519
f 194/326/330 188/316/328 458/728/507 460/730/520
f 116/196/304 110/186/302 432/702/508 434/704/521
f 326/546/374 320/536/372 502/772/509 504/774/522
f 38/66/266 32/56/278 406/676/523 408/678/267
f 248/416/348 242/406/346 476/746/510 478/748/401
f 170/286/322 164/276/320 450/720/511 452/722/403
f 380/636/392 374/626/390 520/790/512 522/792/405
f 92/156/296 86/146/294 424/694/513 426/696/407
f 302/506/366 296/496/364 494/764/514 496/766/409
f 224/376/340 218/366/338 468/738/515 470/740/411
f 146/246/314 140/236/312 442/712/516 444/714/413
f 356/596/384 350/586/382 512/782/517 514/784/415
f 68/116/288 62/106/286 416/686/518 418/688/417
f 278/466/358 272/456/356 486/756/519 488/758/419
f 200/336/332 194/326/330 460/730/520 462/732/421
f 32/56/278 26/46/276 404/674/524 406/676/523
f 122/206/306 116/196/304 434/704/521 436/706/423
f 332/556/376 326/546/374 504/774/522 506/776/425
f 402/672/443 403/673/442 404/674/524 401/671/400
f 403/673/442 405/675/505 406/676/523 404/674/524
f 405/675/505 407/677/504 408/678/267 406/676/523
f 407/677/504 409/679/503 410/680/268 408/678/267
f 409/679/503 411/681/502 412/682/427 410/680/268
f 411/681/502 413/683/501 414/684/441 412/682/427
f 413/683/501 415/685/500 416/686/518 414/684/441
f 415/685/500 417/687/499 418/688/417 416/686/518
f 417/687/499 419/689/498 420/690/418 418/688/417
f 419/689/498 421/691/497 422/692/436 420/690/418
f 421/691/497 423/693/496 424/694/513 422/692/436
f 423/693/496 425/695/495 426/696/407 424/694/513
f 425/695/495 427/697/494 428/698/408 426/696/407
f 427/697/494 429/699/493 430/700/431 428/698/408
f 429/699/493 431/701/492 432/702/508 430/700/431
f 431/701/492 433/703/491 434/704/521 432/702/508
f 433/703/491 435/705/490 436/706/423 434/704/521
f 435/705/490 437/707/489 438/708/424 436/706/423
f 437/707/489 439/709/488 440/710/439 438/708/424
f 439/709/488 441/711/487 442/712/516 440/710/439
f 441/711/487 443/713/486 444/714/413 442/712/516
f 443/713/486 445/715/485 446/716/414 444/714/413
f 445/715/485 447/717/484 448/718/434 446/716/414
f 447/717/484 449/719/483 450/720/511 448/718/434
f 449/719/483 451/721/482 452/722/403 450/720/511
f 451/721/482 453/723/481 454/724/404 452/722/403
f 453/723/481 455/725/480 456/726/429 454/724/404
f 455/725/480 457/727/479 458/728/507 456/726/429
f 457/727/479 459/729/478 460/730/520 458/728/507
f 459/729/478 461/731/477 462/732/421 460/730/520
f 461/731/477 463/733/476 464/734/422 462/732/421
f 463/733/476 465/735/475 466/736/438 464/734/422
f 465/735/475 467/737/474 468/738/515 466/736/438
f 467/737/474 469/739/473 470/740/411 468/738/515
f 469/739/473 471/741/472 472/742/412 470/740/411
f 471/741/472 473/743/471 474/744/433 472/742/412
f 473/743/471 475/745/470 476/746/510 474/744/433
f 475/745/470 477/747/469 478/748/401 476/746/510
f 477/747/469 479/749/468 480/750/402 478/748/401
f 479/749/468 481/751/467 482/752/428 480/750/402
f 481/751/467 483/753/466 484/754/506 482/752/428
f 483/753/466 485/755/465 486/756/519 484/754/506
f 485/755/465 487/757/464 488/758/419 486/756/519
f 487/757/464 489/759/463 490/760/420 488/758/419
f 489/759/463 491/761/462 492/762/437 490/760/420
f 491/761/462 493/763/461 494/764/514 492/762/437
f 493/763/461 495/765/460 496/766/409 494/764/514
f 495/765/460 497/767/459 498/768/410 496/766/409
f 497/767/459 499/769/458 500/770/432 498/768/410
f 499/769/458 501/771/457 502/772/509 500/770/432
f 501/771/457 503/773/456 504/774/522 502/772/509
f 503/773/456 505/775/455 506/776/425 504/774/522
f 505/775/455 507/777/454 508/778/426 506/776/425
f 507/777/454 509/779/453 510/780/440 508/778/426
f 509/779/453 511/781/452 512/782/517 510/780/440
f 511/781/452 513/783/451 514/784/415 512/782/517
f 513/783/451 515/785/450 516/786/416 514/784/415
f 515/785/450 517/787/449 518/788/435 516/786/416
f 517/787/449 519/789/448 520/790/512 518/788/435
f 519/789/448 521/791/447 522/792/405 520/790/512
f 521/791/447 523/793/446 524/794/406 522/792/405
f 523/793/446 525/795/445 526/796/430 524/794/406
f 525/795/445 527/797/444 528/798/399 526/796/430
f 527/797/444 402/672/443 401/671/400 528/798/399
f 26/46/276 20/35/274 401/671/400 404/674/524
g Tire_006
o Tire.006
v 4.350000 -0.119396 0.500000
v 4.230891 -0.005852 0.571551
v 4.469109 -0.005851 0.571551
v 4.350000 -0.119396 1.100000
v 4.469109 -0.005852 1.028449
v 4.230891 -0.005851 1.028449
v 4.387305 -0.121229 0.500000
v 4.279900 0.003444 0.571551
v 4.516970 -0.019906 0.571551
v 4.387305 -0.121229 1.100000
v 4.516970 -0.019906 1.028449
v 4.279900 0.003444 1.028449
v 4.424252 -0.126709 0.500000
v 4.329584 0.007891 0.571551
v 4.563223 -0.038583 0.571551
v 4.424252 -0.126709 1.100000
v 4.563223 -0.038583 1.028449
v 4.329584 0.007891 1.028449
v 4.460484 -0.135785 0.500000
v 4.379464 0.007446 0.571551
v 4.607423 -0.061705 0.571551
v 4.460484 -0.135785 1.100000
v 4.607423 -0.061705 1.028449
v 4.379464 0.007446 1.028449
v 4.495651 -0.148368 0.500000
v 4.429060 0.002115 0.571551
v 4.649144 -0.089047 0.571551
v 4.495651 -0.148368 1.100000
v 4.649144 -0.089047 1.028449
v 4.429060 0.002115 1.028449
v 4.529416 -0.164337 0.500000
v 4.477896 -0.008052 0.571551
v 4.687984 -0.120347 0.571551
v 4.529416 -0.164337 1.100000
v 4.687984 -0.120347 1.028449
v 4.477896 -0.008052 1.028449
v 4.561452 -0.183539 0.500000
v 4.525499 -0.022957 0.571551
v 4.723569 -0.155304 0.571551
v 4.561452 -0.183539 1.100000
v 4.723569 -0.155304 1.028449
v 4.525499 -0.022957 1.028449
v 4.591453 -0.205789 0.500000
v 4.571412 -0.042456 0.571551
v 4.755557 -0.193580 0.571551
v 4.591453 -0.205789 1.100000
v 4.755557 -0.193580 1.028449
v 4.571412 -0.042456 1.028449
v 4.619128 -0.230872 0.500000
v 4.615193 -0.066362 0.571551
v 4.783638 -0.234807 0.571551
v 4.619128 -0.230872 1.100000
v 4.783638 -0.234807 1.028449
v 4.615193 -0.066362 1.028449
v 4.644211 -0.258547 0.500000
v 4.656420 -0.094443 0.571551
v 4.807544 -0.278588 0.571551
v 4.644211 -0.258547 1.100000
v 4.807544 -0.278588 1.028449
v 4.656420 -0.094443 1.028449
v 4.666461 -0.288548 0.500000
v 4.694696 -0.126431 0.571551
v 4.827043 -0.324501 0.571551
v 4.666461 -0.288548 1.100000
v 4.827043 -0.324501 1.028449
v 4.694696 -0.126431 1.028449
v 4.685663 -0.320584 0.500000
v 4.729653 -0.162016 0.571551
v 4.841948 -0.372104 0.571551
v 4.685663 -0.320584 1.100000
v 4.841948 -0.372104 1.028449
v 4.729653 -0.162016 1.028449
v 4.701632 -0.354349 0.500000
v 4.760953 -0.200856 0.571551
v 4.852115 -0.420939 0.571551
v 4.701632 -0.354349 1.100000
v 4.852115 -0.420939 1.028449
v 4.760953 -0.200856 1.028449
v 4.714215 -0.389516 0.500000
v 4.788295 -0.242577 0.571551
v 4.857446 -0.470536 0.571551
v 4.714215 -0.389516 1.100000
v 4.857446 -0.470536 1.028449
v 4.788295 -0.242577 1.028449
v 4.723291 -0.425748 0.500000
v 4.811417 -0.286776 0.571551
v 4.857891 -0.520416 0.571551
v 4.723291 -0.425748 1.100000
v 4.857891 -0.520416 1.028449
v 4.811417 -0.286777 1.028449
v 4.728771 -0.462694 0.500000
v 4.830094 -0.333030 0.571551
v 4.853444 -0.570100 0.571551
v 4.728771 -0.462695 1.100000
v 4.853444 -0.570100 1.028449
v 4.830094 -0.333030 1.028449
v 4.730604 -0.500000 0.500000
v 4.844149 -0.380892 0.571551
v 4.844149 -0.619108 0.571551
v 4.730604 -0.500000 1.100000
v 4.844149 -0.619108 1.028449
v 4.844149 -0.380892 1.028449
v 4.728771 -0.537305 0.500000
v 4.853444 -0.429900 0.571551
v 4.830094 -0.666970 0.571551
v 4.728771 -0.537305 1.100000
v 4.830094 -0.666970 1.028449
v 4.853444 -0.429900 1.028449
v 4.723291 -0.574252 0.500000
v 4.857891 -0.479584 0.571551
v 4.811417 -0.713223 0.571551
v 4.723291 -0.574252 1.100000
v 4.811417 -0.713224 1.028449
v 4.857891 -0.479584 1.028449
v 4.714215 -0.610484 0.500000
v 4.857446 -0.529464 0.571551
v 4.788295 -0.757423 0.571551
v 4.714215 -0.610484 1.100000
v 4.788295 -0.757423 1.028449
v 4.857446 -0.529464 1.028449
v 4.701632 -0.645651 0.500000
v 4.852115 -0.579061 0.571551
v 4.760953 -0.799144 0.571551
v 4.701632 -0.645651 1.100000
v 4.760953 -0.799144 1.028449
v 4.852115 -0.579061 1.028449
v 4.685663 -0.679416 0.500000
v 4.841948 -0.627896 0.571551
v 4.729653 -0.837984 0.571551
v 4.685663 -0.679416 1.100000
v 4.729653 -0.837984 1.028449
v 4.841948 -0.627896 1.028449
v 4.666461 -0.711452 0.500000
v 4.827043 -0.675499 0.571551
v 4.694696 -0.873569 0.571551
v 4.666461 -0.711452 1.100000
v 4.694696 -0.873569 1.028449
v 4.827043 -0.675499 1.028449
v 4.644211 -0.741453 0.500000
v 4.807544 -0.721412 0.571551
v 4.656420 -0.905557 0.571551
v 4.644211 -0.741453 1.100000
v 4.656420 -0.905557 1.028449
v 4.807544 -0.721412 1.028449
v 4.619128 -0.769128 0.500000
v 4.783638 -0.765193 0.571551
v 4.615193 -0.933638 0.571551
v 4.619128 -0.769128 1.100000
v 4.615193 -0.933638 1.028449
v 4.783638 -0.765193 1.028449
v 4.591453 -0.794211 0.500000
v 4.755557 -0.806420 0.571551
v 4.571412 -0.957544 0.571551
v 4.591453 -0.794211 1.100000
v 4.571412 -0.957544 1.028449
v 4.755557 -0.806420 1.028449
v 4.561452 -0.816461 0.500000
v 4.723569 -0.844696 0.571551
v 4.525499 -0.977043 0.571551
v 4.561452 -0.816461 1.100000
v 4.525499 -0.977043 1.028449
v 4.723569 -0.844696 1.028449
v 4.529416 -0.835663 0.500000
v 4.687984 -0.879653 0.571551
v 4.477896 -0.991948 0.571551
v 4.529416 -0.835663 1.100000
v 4.477896 -0.991948 1.028449
v 4.687984 -0.879653 1.028449
v 4.495651 -0.851632 0.500000
v 4.649144 -0.910953 0.571551
v 4.429060 -1.002115 0.571551
v 4.495651 -0.851632 1.100000
v 4.429060 -1.002115 1.028449
v 4.649144 -0.910953 1.028449
v 4.460484 -0.864215 0.500000
v 4.607423 -0.938295 0.571551
v 4.379464 -1.007446 0.571551
v 4.460484 -0.864215 1.100000
v 4.379464 -1.007446 1.028449
v 4.607423 -0.938295 1.028449
v 4.424252 -0.873291 0.500000
v 4.563223 -0.961417 0.571551
v 4.329584 -1.007891 0.571551
v 4.424252 -0.873291 1.100000
v 4.329584 -1.007891 1.028449
v 4.563223 -0.961417 1.028449
v 4.387305 -0.878771 0.500000
v 4.516970 -0.980094 0.571551
v 4.279900 -1.003444 0.571551
v 4.387305 -0.878771 1.100000
v 4.279900 -1.003444 1.028449
v 4.516970 -0.980094 1.028449
v 4.350000 -0.880604 0.500000
v 4.469109 -0.994148 0.571551
v 4.230891 -0.994149 0.571551
v 4.350000 -0.880604 1.100000
v 4.230891 -0.994148 1.028449
v 4.469109 -0.994149 1.028449
v 4.312695 -0.878771 0.500000
v 4.420100 -1.003444 0.571551
v 4.183030 -0.980094 0.571551
v 4.312695 -0.878771 1.100000
v 4.183030 -0.980094 1.028449
v 4.420100 -1.003444 1.028449
v 4.275748 -0.873291 0.500000
v 4.370416 -1.007891 0.571551
v 4.136776 -0.961417 0.571551
v 4.275748 -0.873291 1.100000
v 4.136776 -0.961417 1.028449
v 4.370416 -1.007891 1.028449
v 4.239516 -0.864215 0.500000
v 4.320536 -1.007446 0.571551
v 4.092577 -0.938295 0.571551
v 4.239516 -0.864215 1.100000
v 4.092577 -0.938295 1.028449
v 4.320536 -1.007446 1.028449
v 4.204349 -0.851632 0.500000
v 4.270939 -1.002115 0.571551
v 4.050856 -0.910953 0.571551
v 4.204349 -0.851632 1.100000
v 4.050856 -0.910953 1.028449
v 4.270939 -1.002115 1.028449
v 4.170584 -0.835663 0.500000
v 4.222104 -0.991948 0.571551
v 4.012015 -0.879653 0.571551
v 4.170584 -0.835663 1.100000
v 4.012015 -0.879653 1.028449
v 4.222104 -0.991948 1.028449
v 4.138547 -0.816461 0.500000
v 4.174501 -0.977043 0.571551
v 3.976430 -0.844696 0.571551
v 4.138547 -0.816461 1.100000
v 3.976430 -0.844696 1.028449
v 4.174501 -0.977043 1.028449
v 4.108547 -0.794211 0.500000
v 4.128588 -0.957544 0.571551
v 3.944443 -0.806420 0.571551
v 4.108547 -0.794211 1.100000
v 3.944443 -0.806420 1.028449
v 4.128588 -0.957544 1.028449
v 4.080872 -0.769128 0.500000
v 4.084806 -0.933638 0.571551
v 3.916362 -0.765193 0.571551
v 4.080872 -0.769128 1.100000
v 3.916362 -0.765193 1.028449
v 4.084806 -0.933638 1.028449
v 4.055789 -0.741453 0.500000
v 4.043580 -0.905557 0.571551
v 3.892456 -0.721412 0.571551
v 4.055789 -0.741453 1.100000
v 3.892456 -0.721412 1.028449
v 4.043580 -0.905557 1.028449
v 4.033539 -0.711452 0.500000
v 4.005303 -0.873569 0.571551
v 3.872957 -0.675499 0.571551
v 4.033539 -0.711452 1.100000
v 3.872957 -0.675499 1.028449
v 4.005303 -0.873569 1.028449
v 4.014337 -0.679416 0.500000
v 3.970347 -0.837984 0.571551
v 3.858052 -0.627896 0.571551
v 4.014337 -0.679416 1.100000
v 3.858052 -0.627896 1.028449
v 3.970347 -0.837984 1.028449
v 3.998368 -0.645651 0.500000
v 3.939047 -0.799144 0.571551
v 3.847885 -0.579061 0.571551
v 3.998368 -0.645651 1.100000
v 3.847885 -0.579061 1.028449
v 3.939047 -0.799144 1.028449
v 3.985785 -0.610484 0.500000
v 3.911705 -0.757423 0.571551
v 3.842554 -0.529464 0.571551
v 3.985785 -0.610484 1.100000
v 3.842554 -0.529464 1.028449
v 3.911705 -0.757423 1.028449
v 3.976709 -0.574252 0.500000
v 3.888583 -0.713223 0.571551
v 3.842109 -0.479584 0.571551
v 3.976709 -0.574252 1.100000
v 3.842109 -0.479584 1.028449
v 3.888583 -0.713224 1.028449
v 3.971229 -0.537305 0.500000
v 3.869905 -0.666970 0.571551
v 3.846556 -0.429900 0.571551
v 3.971229 -0.537305 1.100000
v 3.846556 -0.429900 1.028449
v 3.869905 -0.666970 1.028449
v 3.969396 -0.500000 0.500000
v 3.855851 -0.619108 0.571551
v 3.855851 -0.380892 0.571551
v 3.969396 -0.500000 1.100000
v 3.855851 -0.380892 1.028449
v 3.855851 -0.619108 1.028449
v 3.971229 -0.462694 0.500000
v 3.846556 -0.570100 0.571551
v 3.869905 -0.333030 0.571551
v 3.971229 -0.462695 1.100000
v 3.869905 -0.333030 1.028449
v 3.846556 -0.570100 1.028449
v 3.976709 -0.425748 0.500000
v 3.842109 -0.520416 0.571551
v 3.888583 -0.286776 0.571551
v 3.976709 -0.425748 1.100000
v 3.888583 -0.286777 1.028449
v 3.842109 -0.520416 1.028449
v 3.985785 -0.389516 0.500000
v 3.842554 -0.470536 0.571551
v 3.911705 -0.242577 0.571551
v 3.985785 -0.389516 1.100000
v 3.911705 -0.242577 1.028449
v 3.842554 -0.470536 1.028449
v 3.998368 -0.354349 0.500000
v 3.847885 -0.420939 0.571551
v 3.939047 -0.200856 0.571551
v 3.998368 -0.354349 1.100000
v 3.939047 -0.200856 1.028449
v 3.847885 -0.420939 1.028449
v 4.014337 -0.320584 0.500000
v 3.858052 -0.372104 0.571551
v 3.970347 -0.162016 0.571551
v 4.014337 -0.320584 1.100000
v 3.970347 -0.162016 1.028449
v 3.858052 -0.372104 1.028449
v 4.033539 -0.288548 0.500000
v 3.872957 -0.324501 0.571551
v 4.005303 -0.126431 0.571551
v 4.033539 -0.288548 1.100000
v 4.005303 -0.126431 1.028449
v 3.872957 -0.324501 1.028449
v 4.055789 -0.258547 0.500000
v 3.892456 -0.278588 0.571551
v 4.043580 -0.094443 0.571551
v 4.055789 -0.258547 1.100000
v 4.043580 -0.094443 1.028449
v 3.892456 -0.278588 1.028449
v 4.080872 -0.230872 0.500000
v 3.916362 -0.234807 0.571551
v 4.084806 -0.066362 0.571551
v 4.080872 -0.230872 1.100000
v 4.084806 -0.066362 1.028449
v 3.916362 -0.234807 1.028449
v 4.108547 -0.205789 0.500000
v 3.944443 -0.193580 0.571551
v 4.128588 -0.042456 0.571551
v 4.108547 -0.205789 1.100000
v 4.128588 -0.042456 1.028449
v 3.944443 -0.193580 1.028449
v 4.138547 -0.183539 0.500000
v 3.976430 -0.155304 0.571551
v 4.174501 -0.022957 0.571551
v 4.138547 -0.183539 1.100000
v 4.174501 -0.022957 1.028449
v 3.976430 -0.155304 1.028449
v 4.170584 -0.164337 0.500000
v 4.012015 -0.120347 0.571551
v 4.222104 -0.008052 0.571551
v 4.170584 -0.164337 1.100000
v 4.222104 -0.008052 1.028449
v 4.012015 -0.120347 1.028449
v 4.204349 -0.148368 0.500000
v 4.050856 -0.089047 0.571551
v 4.270939 0.002115 0.571551
v 4.204349 -0.148368 1.100000
v 4.270939 0.002115 1.028449
v 4.050856 -0.089047 1.028449
v 4.239516 -0.135785 0.500000
v 4.092577 -0.061705 0.571551
v 4.320536 0.007446 0.571551
v 4.239516 -0.135785 1.100000
v 4.320536 0.007446 1.028449
v 4.092577 -0.061705 1.028449
v 4.275748 -0.126709 0.500000
v 4.136776 -0.038583 0.571551
v 4.370416 0.007891 0.571551
v 4.275748 -0.126709 1.100000
v 4.370416 0.007891 1.028449
v 4.136776 -0.038583 1.028449
v 4.312695 -0.121229 0.500000
v 4.183030 -0.019906 0.571551
v 4.420100 0.003444 0.571551
v 4.312695 -0.121229 1.100000
v 4.420100 0.003444 1.028449
v 4.183030 -0.019906 1.028449
v 4.350000 -0.119396 1.048686
v 4.350000 -0.200636 1.000000
v 4.379343 -0.202078 1.000000
v 4.387305 -0.121229 1.048686
v 4.408403 -0.206389 1.000000
v 4.424252 -0.126709 1.048686
v 4.436901 -0.213527 1.000000
v 4.460484 -0.135785 1.048686
v 4.464561 -0.223424 1.000000
v 4.495651 -0.148368 1.048686
v 4.491119 -0.235985 1.000000
v 4.529416 -0.164337 1.048686
v 4.516318 -0.251088 1.000000
v 4.561452 -0.183539 1.048686
v 4.539914 -0.268589 1.000000
v 4.591453 -0.205789 1.048686
v 4.561682 -0.288318 1.000000
v 4.619128 -0.230872 1.048686
v 4.581411 -0.310086 1.000000
v 4.644211 -0.258547 1.048686
v 4.598912 -0.333682 1.000000
v 4.666461 -0.288548 1.048686
v 4.614015 -0.358881 1.000000
v 4.685663 -0.320584 1.048686
v 4.626576 -0.385439 1.000000
v 4.701632 -0.354349 1.048686
v 4.636473 -0.413099 1.000000
v 4.714215 -0.389516 1.048686
v 4.643611 -0.441597 1.000000
v 4.723291 -0.425748 1.048686
v 4.647922 -0.470657 1.000000
v 4.728771 -0.462695 1.048686
v 4.649364 -0.500000 1.000000
v 4.730604 -0.500000 1.048686
v 4.647922 -0.529343 1.000000
v 4.728771 -0.537305 1.048686
v 4.643611 -0.558403 1.000000
v 4.723291 -0.574252 1.048686
v 4.636473 -0.586901 1.000000
v 4.714215 -0.610484 1.048686
v 4.626576 -0.614562 1.000000
v 4.701632 -0.645651 1.048686
v 4.614015 -0.641119 1.000000
v 4.685663 -0.679416 1.048686
v 4.598911 -0.666318 1.000000
v 4.666461 -0.711452 1.048686
v 4.581411 -0.689914 1.000000
v 4.644211 -0.741453 1.048686
v 4.561682 -0.711682 1.000000
v 4.619128 -0.769128 1.048686
v 4.539914 -0.731411 1.000000
v 4.591453 -0.794211 1.048686
v 4.516318 -0.748912 1.000000
v 4.561452 -0.816461 1.048686
v 4.491119 -0.764015 1.000000
v 4.529416 -0.835663 1.048686
v 4.464561 -0.776576 1.000000
v 4.495651 -0.851632 1.048686
v 4.436901 -0.786473 1.000000
v 4.460484 -0.864215 1.048686
v 4.408403 -0.793611 1.000000
v 4.424252 -0.873291 1.048686
v 4.379343 -0.797922 1.000000
v 4.387305 -0.878771 1.048686
v 4.350000 -0.799364 1.000000
v 4.350000 -0.880604 1.048686
v 4.320657 -0.797922 1.000000
v 4.312695 -0.878771 1.048686
v 4.291597 -0.793611 1.000000
v 4.275748 -0.873291 1.048686
v 4.263099 -0.786473 1.000000
v 4.239516 -0.864215 1.048686
v 4.235438 -0.776576 1.000000
v 4.204349 -0.851632 1.048686
v 4.208881 -0.764015 1.000000
v 4.170584 -0.835663 1.048686
v 4.183682 -0.748912 1.000000
v 4.138547 -0.816461 1.048686
v 4.160086 -0.731411 1.000000
v 4.108547 -0.794211 1.048686
v 4.138318 -0.711682 1.000000
v 4.080872 -0.769128 1.048686
v 4.118589 -0.689914 1.000000
v 4.055789 -0.741453 1.048686
v 4.101088 -0.666318 1.000000
v 4.033539 -0.711452 1.048686
v 4.085985 -0.641119 1.000000
v 4.014337 -0.679416 1.048686
v 4.073424 -0.614562 1.000000
v 3.998368 -0.645651 1.048686
v 4.063527 -0.586901 1.000000
v 3.985785 -0.610484 1.048686
v 4.056388 -0.558403 1.000000
v 3.976709 -0.574252 1.048686
v 4.052078 -0.529343 1.000000
v 3.971229 -0.537305 1.048686
v 4.050636 -0.500000 1.000000
v 3.969396 -0.500000 1.048686
v 4.052078 -0.470657 1.000000
v 3.971229 -0.462695 1.048686
v 4.056388 -0.441597 1.000000
v 3.976709 -0.425748 1.048686
v 4.063527 -0.413099 1.000000
v 3.985785 -0.389516 1.048686
v 4.073424 -0.385439 1.000000
v 3.998368 -0.354349 1.048686
v 4.085985 -0.358881 1.000000
v 4.014337 -0.320584 1.048686
v 4.101089 -0.333682 1.000000
v 4.033539 -0.288548 1.048686
v 4.118588 -0.310086 1.000000
v 4.055789 -0.258547 1.048686
v 4.138318 -0.288318 1.000000
v 4.080872 -0.230872 1.048686
v 4.160086 -0.268589 1.000000
v 4.108547 -0.205789 1.048686
v 4.183682 -0.251088 1.000000
v 4.138547 -0.183539 1.048686
v 4.208881 -0.235985 1.000000
v 4.170584 -0.164337 1.048686
v 4.235438 -0.223424 1.000000
v 4.204349 -0.148368 1.048686
v 4.263099 -0.213527 1.000000
v 4.239516 -0.135785 1.048686
v 4.291597 -0.206389 1.000000
v 4.275748 -0.126709 1.048686
v 4.320657 -0.202078 1.000000
v 4.312695 -0.121229 1.048686
vn -0.8439 -0.1244 0.5220
vn -0.8439 -0.1244 -0.5220
vn 0.8520 -0.0410 -0.5220
vn 0.8520 -0.0410 0.5220
vn -0.8436 0.1260 0.5220
vn -0.8436 0.1260 -0.5220
vn 0.8034 -0.2866 -0.5220
vn 0.8034 -0.2866 0.5220
vn -0.8272 0.2080 0.5220
vn -0.8272 0.2080 -0.5220
vn 0.7714 -0.3640 -0.5220
vn 0.7714 -0.3640 0.5220
vn -0.8028 0.2881 0.5220
vn -0.8028 0.2881 -0.5220
vn 0.7320 -0.4378 -0.5220
vn 0.7320 -0.4378 0.5220
vn -0.7707 0.3654 0.5220
vn -0.7707 0.3654 -0.5220
vn 0.6856 -0.5075 -0.5220
vn 0.6856 -0.5075 0.5220
vn -0.7312 0.4392 0.5220
vn -0.7312 0.4392 -0.5220
vn 0.6325 -0.5722 -0.5220
vn 0.6325 -0.5722 0.5220
vn -0.6846 0.5088 0.5220
vn -0.6846 0.5088 -0.5220
vn 0.5734 -0.6315 -0.5220
vn 0.5734 -0.6315 0.5220
vn -0.6315 0.5734 0.5220
vn -0.6315 0.5734 -0.5220
vn 0.5088 -0.6846 -0.5220
vn 0.5088 -0.6846 0.5220
vn -0.5722 0.6325 0.5220
vn -0.5722 0.6325 -0.5220
vn 0.4392 -0.7312 -0.5220
vn 0.4392 -0.7312 0.5220
vn -0.5075 0.6856 0.5220
vn -0.5075 0.6856 -0.5220
vn 0.3654 -0.7707 -0.5220
vn 0.3654 -0.7707 0.5220
vn -0.4378 0.7320 0.5220
vn -0.4378 0.7320 -0.5220
vn 0.2881 -0.8028 -0.5220
vn 0.2881 -0.8028 0.5220
vn -0.3640 0.7714 0.5220
vn -0.3640 0.7714 -0.5220
vn 0.2080 -0.8272 -0.5220
vn 0.2080 -0.8272 0.5220
vn -0.2866 0.8034 0.5220
vn -0.2866 0.8034 -0.5220
vn 0.1260 -0.8436 -0.5220
vn 0.1260 -0.8436 0.5220
vn -0.2065 0.8276 0.5220
vn -0.2065 0.8276 -0.5220
vn 0.0427 -0.8519 -0.5220
vn 0.0427 -0.8519 0.5220
vn -0.1244 0.8438 0.5220
vn -0.1244 0.8439 -0.5220
vn -0.0410 -0.8520 -0.5220
vn -0.0410 -0.8520 0.5220
vn -0.0410 0.8520 0.5220
vn -0.0410 0.8520 -0.5220
vn -0.1244 -0.8438 -0.5220
vn -0.1244 -0.8439 0.5220
vn 0.0427 0.8519 0.5220
vn 0.0427 0.8519 -0.5220
vn -0.2065 -0.8276 -0.5220
vn -0.2065 -0.8276 0.5220
vn 0.1260 0.8436 0.5220
vn 0.1260 0.8436 -0.5220
vn -0.2866 -0.8034 -0.5220
vn -0.2866 -0.8034 0.5220
vn 0.2080 0.8272 0.5220
vn 0.2080 0.8272 -0.5220
vn -0.3640 -0.7714 -0.5220
vn -0.3640 -0.7714 0.5220
vn 0.2881 0.8028 0.5220
vn 0.2881 0.8028 -0.5220
vn -0.4378 -0.7320 -0.5220
vn -0.4378 -0.7320 0.5220
vn 0.3654 0.7707 0.5220
vn 0.3654 0.7707 -0.5220
vn -0.5075 -0.6856 -0.5220
vn -0.5075 -0.6856 0.5220
vn 0.4392 0.7312 0.5220
vn 0.4392 0.7312 -0.5220
vn -0.5722 -0.6325 -0.5220
vn -0.5722 -0.6325 0.5220
vn 0.5088 0.6846 0.5220
vn 0.5088 0.6846 -0.5220
vn -0.6315 -0.5734 -0.5220
vn -0.6315 -0.5734 0.5220
vn 0.5734 0.6315 0.5220
vn 0.5734 0.6315 -0.5220
vn -0.6846 -0.5088 -0.5220
vn -0.6846 -0.5088 0.5220
vn 0.6325 0.5722 0.5220
vn 0.6325 0.5722 -0.5220
vn -0.7312 -0.4392 -0.5220
vn -0.7312 -0.4392 0.5220
vn 0.6856 0.5075 0.5220
vn 0.6856 0.5075 -0.5220
vn -0.7707 -0.3654 -0.5220
vn -0.7707 -0.3654 0.5220
vn 0.7320 0.4378 0.5220
vn 0.7320 0.4378 -0.5220
vn -0.8028 -0.2881 -0.5220
vn -0.8028 -0.2881 0.5220
vn 0.7714 0.3640 0.5220
vn 0.7714 0.3640 -0.5220
vn -0.8272 -0.2080 -0.5220
vn -0.8272 -0.2080 0.5220
vn 0.8034 0.2866 0.5220
vn 0.8034 0.2866 -0.5220
vn -0.8436 -0.1260 -0.5220
vn -0.8436 -0.1260 0.5220
vn 0.8276 0.2065 0.5220
vn 0.8276 0.2065 -0.5220
vn -0.8519 -0.0427 -0.5220
vn -0.8519 -0.0427 0.5220
vn 0.8439 0.1244 0.5220
vn 0.8439 0.1244 -0.5220
vn -0.8520 0.0410 -0.5220
vn -0.8520 0.0410 0.5220
vn 0.8520 0.0410 0.5220
vn 0.8520 0.0410 -0.5220
vn -0.8439 0.1244 -0.5220
vn -0.8439 0.1244 0.5220
vn 0.8519 -0.0427 0.5220
vn 0.8519 -0.0427 -0.5220
vn -0.8276 0.2065 -0.5220
vn -0.8276 0.2065 0.5220
vn 0.8436 -0.1260 0.5220
vn 0.8436 -0.1260 -0.5220
vn -0.8034 0.2866 -0.5220
vn -0.8034 0.2866 0.5220
vn 0.8272 -0.2080 0.5220
vn 0.8272 -0.2080 -0.5220
vn -0.7714 0.3640 -0.5220
vn -0.7714 0.3640 0.5220
vn 0.8028 -0.2881 0.5220
vn 0.8028 -0.2881 -0.5220
vn -0.7320 0.4378 -0.5220
vn -0.7320 0.4378 0.5220
vn 0.7707 -0.3654 0.5220
vn 0.7707 -0.3654 -0.5220
vn -0.6856 0.5075 -0.5220
vn -0.6856 0.5075 0.5220
vn 0.7312 -0.4392 0.5220
vn 0.7312 -0.4392 -0.5220
vn -0.6325 0.5722 -0.5220
vn -0.6325 0.5722 0.5220
vn 0.6846 -0.5088 0.5220
vn 0.6846 -0.5088 -0.5220
vn -0.5734 0.6315 -0.5220
vn -0.5734 0.6315 0.5220
vn 0.6315 -0.5734 0.5220
vn 0.6315 -0.5734 -0.5220
vn -0.5088 0.6846 -0.5220
vn -0.5088 0.6846 0.5220
vn 0.5722 -0.6325 0.5220
vn 0.5722 -0.6325 -0.5220
vn -0.4392 0.7312 -0.5220
vn -0.4392 0.7312 0.5220
vn 0.5075 -0.6856 0.5220
vn 0.5075 -0.6856 -0.5220
vn -0.3654 0.7707 -0.5220
vn -0.3654 0.7707 0.5220
vn 0.4378 -0.7320 0.5220
vn 0.4378 -0.7320 -0.5220
vn -0.2881 0.8028 -0.5220
vn -0.2881 0.8028 0.5220
vn 0.3640 -0.7714 0.5220
vn 0.3640 -0.7714 -0.5220
vn -0.2080 0.8272 -0.5220
vn -0.2080 0.8272 0.5220
vn 0.2866 -0.8034 0.5220
vn 0.2866 -0.8034 -0.5220
vn -0.1260 0.8436 -0.5220
vn -0.1260 0.8436 0.5220
vn 0.2065 -0.8276 0.5220
vn 0.2065 -0.8276 -0.5220
vn -0.0427 0.8519 -0.5220
vn -0.0427 0.8519 0.5220
vn 0.1244 -0.8438 0.5220
vn 0.1244 -0.8439 -0.5220
vn 0.0410 0.8520 -0.5220
vn 0.0410 0.8520 0.5220
vn 0.0410 -0.8520 0.5220
vn 0.0410 -0.8520 -0.5220
vn 0.1244 0.8438 -0.5220
vn 0.1244 0.8439 0.5220
vn -0.0427 -0.8519 0.5220
vn -0.0427 -0.8519 -0.5220
vn 0.2065 0.8276 -0.5220
vn 0.2065 0.8276 0.5220
vn -0.1260 -0.8436 0.5220
vn -0.1260 -0.8436 -0.5220
vn 0.2866 0.8034 -0.5220
vn 0.2866 0.8034 0.5220
vn -0.2080 -0.8272 0.5220
vn -0.2080 -0.8272 -0.5220
vn 0.3640 0.7714 -0.5220
vn 0.3640 0.7714 0.5220
vn -0.2881 -0.8028 0.5220
vn -0.2881 -0.8028 -0.5220
vn 0.4378 0.7320 -0.5220
vn 0.4378 0.7320 0.5220
vn -0.3654 -0.7707 0.5220
vn -0.3654 -0.7707 -0.5220
vn 0.5075 0.6856 -0.5220
vn 0.5075 0.6856 0.5220
vn -0.4392 -0.7312 0.5220
vn -0.4392 -0.7312 -0.5220
vn 0.5722 0.6325 -0.5220
vn 0.5722 0.6325 0.5220
vn -0.5088 -0.6846 0.5220
vn -0.5088 -0.6846 -0.5220
vn 0.6315 0.5734 -0.5220
vn 0.6315 0.5734 0.5220
vn -0.5734 -0.6315 0.5220
vn -0.5734 -0.6315 -0.5220
vn 0.6846 0.5088 -0.5220
vn 0.6846 0.5088 0.5220
vn -0.6325 -0.5722 0.5220
vn -0.6325 -0.5722 -0.5220
vn 0.7312 0.4392 -0.5220
vn 0.7312 0.4392 0.5220
vn -0.6856 -0.5075 0.5220
vn -0.6856 -0.5075 -0.5220
vn 0.7707 0.3654 -0.5220
vn 0.7707 0.3654 0.5220
vn -0.7320 -0.4378 0.5220
vn -0.7320 -0.4378 -0.5220
vn 0.8028 0.2881 -0.5220
vn 0.8028 0.2881 0.5220
vn -0.7714 -0.3640 0.5220
vn -0.7714 -0.3640 -0.5220
vn 0.8272 0.2080 -0.5220
vn 0.8272 0.2080 0.5220
vn -0.8034 -0.2866 0.5220
vn -0.8034 -0.2866 -0.5220
vn 0.8436 0.1260 -0.5220
vn 0.8436 0.1260 0.5220
vn -0.8276 -0.2065 0.5220
vn -0.8276 -0.2065 -0.5220
vn 0.8519 0.0427 -0.5220
vn 0.8519 0.0427 0.5220
vn -0.8519 0.0427 0.5220
vn -0.8519 0.0427 -0.5220
vn 0.8276 -0.2065 -0.5220
vn 0.8276 -0.2065 0.5220
vn -0.3721 -0.8983 -0.2335
vn -0.2823 -0.9305 -0.2335
vn -0.2398 -0.7905 0.5635
vn -0.3161 -0.7632 0.5635
vn -0.8520 -0.0410 0.5220
vn -0.8520 -0.0410 -0.5220
vn 0.8439 -0.1244 -0.5220
vn 0.8439 -0.1244 0.5220
vn -0.0000 -0.1124 -0.9937
vn -0.0000 -0.9724 -0.2335
vn -0.0110 -0.1119 -0.9937
vn -0.0953 -0.9677 -0.2335
vn -0.0219 -0.1102 -0.9937
vn -0.1897 -0.9537 -0.2335
vn -0.0326 -0.1076 -0.9937
vn -0.0430 -0.1038 -0.9937
vn -0.0530 -0.0991 -0.9937
vn -0.4584 -0.8575 -0.2335
vn -0.0624 -0.0935 -0.9937
vn -0.5402 -0.8085 -0.2335
vn -0.0713 -0.0869 -0.9937
vn -0.6169 -0.7516 -0.2335
vn -0.0795 -0.0795 -0.9937
vn -0.6876 -0.6876 -0.2335
vn -0.0869 -0.0713 -0.9937
vn -0.7516 -0.6169 -0.2335
vn -0.0935 -0.0624 -0.9937
vn -0.8085 -0.5402 -0.2335
vn -0.0991 -0.0530 -0.9937
vn -0.8575 -0.4584 -0.2335
vn -0.1038 -0.0430 -0.9937
vn -0.8983 -0.3721 -0.2335
vn -0.1076 -0.0326 -0.9937
vn -0.9305 -0.2823 -0.2335
vn -0.1102 -0.0219 -0.9937
vn -0.9537 -0.1897 -0.2335
vn -0.1119 -0.0110 -0.9937
vn -0.9677 -0.0953 -0.2335
vn -0.1124 -0.0000 -0.9937
vn -0.9724 -0.0000 -0.2335
vn -0.1119 0.0110 -0.9937
vn -0.9677 0.0953 -0.2335
vn -0.1102 0.0219 -0.9937
vn -0.9537 0.1897 -0.2335
vn -0.1076 0.0326 -0.9937
vn -0.9305 0.2823 -0.2335
vn -0.1038 0.0430 -0.9937
vn -0.8983 0.3721 -0.2335
vn -0.0991 0.0530 -0.9937
vn -0.8575 0.4584 -0.2335
vn -0.0935 0.0624 -0.9937
vn -0.8085 0.5402 -0.2335
vn -0.0869 0.0713 -0.9937
vn -0.7516 0.6169 -0.2335
vn -0.0795 0.0795 -0.9937
vn -0.6876 0.6876 -0.2335
vn -0.0713 0.0869 -0.9937
vn -0.6169 0.7516 -0.2335
vn -0.0624 0.0935 -0.9937
vn -0.5402 0.8085 -0.2335
vn -0.0530 0.0991 -0.9937
vn -0.4584 0.8575 -0.2335
vn -0.0430 0.1038 -0.9937
vn -0.3721 0.8983 -0.2335
vn -0.0326 0.1076 -0.9937
vn -0.2823 0.9305 -0.2335
vn -0.0219 0.1102 -0.9937
vn -0.1897 0.9537 -0.2335
vn -0.0110 0.1119 -0.9937
vn -0.0953 0.9677 -0.2335
vn -0.0000 0.1124 -0.9937
vn -0.0000 0.9724 -0.2335
vn 0.0110 0.1119 -0.9937
vn 0.0953 0.9677 -0.2335
vn 0.0219 0.1102 -0.9937
vn 0.1897 0.9537 -0.2335
vn 0.0326 0.1076 -0.9937
vn 0.2823 0.9305 -0.2335
vn 0.0430 0.1038 -0.9937
vn 0.3721 0.8983 -0.2335
vn 0.0530 0.0991 -0.9937
vn 0.4584 0.8575 -0.2335
vn 0.0624 0.0935 -0.9937
vn 0.5402 0.8085 -0.2335
vn 0.0713 0.0869 -0.9937
vn 0.6169 0.7516 -0.2335
vn 0.0795 0.0795 -0.9937
vn 0.6876 0.6876 -0.2335
vn 0.0869 0.0713 -0.9937
vn 0.7516 0.6169 -0.2335
vn 0.0935 0.0624 -0.9937
vn 0.8085 0.5402 -0.2335
vn 0.0991 0.0530 -0.9937
vn 0.8575 0.4584 -0.2335
vn 0.1038 0.0430 -0.9937
vn 0.8983 0.3721 -0.2335
vn 0.1076 0.0326 -0.9937
vn 0.9305 0.2823 -0.2335
vn 0.1102 0.0219 -0.9937
vn 0.9537 0.1897 -0.2335
vn 0.1119 0.0110 -0.9937
vn 0.9677 0.0953 -0.2335
vn 0.1124 -0.0000 -0.9937
vn 0.9724 -0.0000 -0.2335
vn 0.1119 -0.0110 -0.9937
vn 0.9677 -0.0953 -0.2335
vn 0.1102 -0.0219 -0.9937
vn 0.9537 -0.1897 -0.2335
vn 0.1076 -0.0326 -0.9937
vn 0.9305 -0.2823 -0.2335
vn 0.1038 -0.0430 -0.9937
vn 0.8983 -0.3721 -0.2335
vn 0.0991 -0.0530 -0.9937
vn 0.8575 -0.4584 -0.2335
vn 0.0935 -0.0624 -0.9937
vn 0.8085 -0.5402 -0.2335
vn 0.0869 -0.0713 -0.9937
vn 0.7516 -0.6169 -0.2335
vn 0.0795 -0.0795 -0.9937
vn 0.6876 -0.6876 -0.2335
vn 0.0713 -0.0869 -0.9937
vn 0.6169 -0.7516 -0.2335
vn 0.0624 -0.0935 -0.9937
vn 0.5402 -0.8085 -0.2335
vn 0.0530 -0.0991 -0.9937
vn 0.4584 -0.8575 -0.2335
vn 0.0430 -0.1038 -0.9937
vn 0.3721 -0.8983 -0.2335
vn 0.0326 -0.1076 -0.9937
vn 0.2823 -0.9305 -0.2335
vn 0.0219 -0.1102 -0.9937
vn 0.1897 -0.9537 -0.2335
vn 0.0110 -0.1119 -0.9937
vn 0.0953 -0.9677 -0.2335
vn 0.0810 -0.8221 0.5635
vn -0.0000 -0.8261 0.5635
vn 0.4590 0.6869 0.5635
vn 0.5241 0.6386 0.5635
vn -0.5241 0.6386 0.5635
vn -0.4590 0.6869 0.5635
vn 0.3161 -0.7632 0.5635
vn 0.2398 -0.7905 0.5635
vn -0.7632 -0.3161 0.5635
vn -0.7905 -0.2398 0.5635
vn 0.8221 0.0810 0.5635
vn 0.8261 -0.0000 0.5635
vn 0.1612 0.8102 0.5635
vn 0.2398 0.7905 0.5635
vn -0.7286 0.3894 0.5635
vn -0.6869 0.4590 0.5635
vn 0.5841 -0.5841 0.5635
vn 0.5241 -0.6386 0.5635
vn -0.5841 -0.5841 0.5635
vn -0.6386 -0.5241 0.5635
vn 0.7286 0.3894 0.5635
vn 0.7632 0.3161 0.5635
vn -0.1612 0.8102 0.5635
vn -0.0810 0.8221 0.5635
vn -0.8221 0.0810 0.5635
vn -0.8102 0.1612 0.5635
vn 0.7632 -0.3161 0.5635
vn 0.7286 -0.3894 0.5635
vn -0.3894 -0.7286 0.5635
vn 0.5841 0.5841 0.5635
vn -0.3894 0.7286 0.5635
vn 0.1612 -0.8102 0.5635
vn -0.8102 -0.1612 0.5635
vn 0.8221 -0.0810 0.5635
vn 0.3161 0.7632 0.5635
vn -0.6386 0.5241 0.5635
vn 0.4590 -0.6869 0.5635
vn -0.6869 -0.4590 0.5635
vn 0.7905 0.2398 0.5635
vn -0.0000 0.8261 0.5635
vn -0.7905 0.2398 0.5635
vn 0.6869 -0.4590 0.5635
vn -0.4590 -0.6869 0.5635
vn -0.0243 -0.2469 0.9687
vn -0.0000 -0.2481 0.9687
vn 0.0243 -0.2469 0.9687
vn 0.0484 -0.2433 0.9687
vn 0.0720 -0.2374 0.9687
vn 0.0949 -0.2292 0.9687
vn 0.1169 -0.2188 0.9687
vn 0.1378 -0.2063 0.9687
vn 0.1574 -0.1917 0.9687
vn 0.1754 -0.1754 0.9687
vn 0.1917 -0.1574 0.9687
vn 0.2063 -0.1378 0.9687
vn 0.2188 -0.1169 0.9687
vn 0.2292 -0.0949 0.9687
vn 0.2374 -0.0720 0.9687
vn 0.2433 -0.0484 0.9687
vn 0.2469 -0.0243 0.9687
vn 0.2481 -0.0000 0.9687
vn 0.2469 0.0243 0.9687
vn 0.2433 0.0484 0.9687
vn 0.2374 0.0720 0.9687
vn 0.2292 0.0949 0.9687
vn 0.2188 0.1169 0.9687
vn 0.2063 0.1378 0.9687
vn 0.1917 0.1574 0.9687
vn 0.1754 0.1754 0.9687
vn 0.1574 0.1917 0.9687
vn 0.1378 0.2063 0.9687
vn 0.1169 0.2188 0.9687
vn 0.0949 0.2292 0.9687
vn 0.0720 0.2374 0.9687
vn 0.0484 0.2433 0.9687
vn 0.0243 0.2469 0.9687
vn -0.0000 0.2481 0.9687
vn -0.0243 0.2469 0.9687
vn -0.0484 0.2433 0.9687
vn -0.0720 0.2374 0.9687
vn -0.0949 0.2292 0.9687
vn -0.1169 0.2188 0.9687
vn -0.1378 0.2063 0.9687
vn -0.1574 0.1917 0.9687
vn -0.1754 0.1754 0.9687
vn -0.1917 0.1574 0.9687
vn -0.2063 0.1378 0.9687
vn -0.2188 0.1169 0.9687
vn -0.2292 0.0949 0.9687
vn -0.2374 0.0720 0.9687
vn -0.2433 0.0484 0.9687
vn -0.2469 0.0243 0.9687
vn -0.2481 -0.0000 0.9687
vn -0.2469 -0.0243 0.9687
vn -0.2433 -0.0484 0.9687
vn -0.2374 -0.0720 0.9687
vn -0.2292 -0.0949 0.9687
vn -0.2188 -0.1169 0.9687
vn -0.2063 -0.1378 0.9687
vn -0.1917 -0.1574 0.9687
vn -0.1754 -0.1754 0.9687
vn -0.1574 -0.1917 0.9687
vn -0.1378 -0.2063 0.9687
vn -0.1169 -0.2188 0.9687
vn -0.0949 -0.2292 0.9687
vn -0.0720 -0.2374 0.9687
vn -0.0484 -0.2433 0.9687
vn 0.6386 0.5241 0.5635
vn -0.3161 0.7632 0.5635
vn -0.8221 -0.0810 0.5635
vn 0.8102 -0.1612 0.5635
vn 0.3894 0.7286 0.5635
vn -0.5841 0.5841 0.5635
vn 0.3894 -0.7286 0.5635
vn -0.7286 -0.3894 0.5635
vn 0.8102 0.1612 0.5635
vn 0.0810 0.8221 0.5635
vn -0.7632 0.3161 0.5635
vn 0.6386 -0.5241 0.5635
vn -0.5241 -0.6386 0.5635
vn 0.6869 0.4590 0.5635
vn -0.2398 0.7905 0.5635
vn -0.8261 -0.0000 0.5635
vn 0.7905 -0.2398 0.5635
vn -0.1612 -0.8102 0.5635
vn -0.0810 -0.8221 0.5635
vt 0.750000 0.432690
vt 0.037974 0.559626
vt 0.726476 0.488844
vt 0.962026 0.559626
vt 0.773524 0.488844
vt 0.000000 0.559626
vt 0.250000 0.432690
vt 0.962025 0.940374
vt 0.273524 0.488844
vt 0.000000 0.940374
vt 0.037974 0.940374
vt 0.226476 0.488844
vt 0.767906 0.431810
vt 0.750000 0.490000
vt 1.022349 0.559626
vt 0.946401 0.559626
vt 0.796822 0.485388
vt 0.267907 0.431810
vt 0.946401 0.940374
vt 0.296822 0.485388
vt 0.250000 0.490000
vt 1.022349 0.940374
vt 0.785641 0.429179
vt 0.773524 0.488844
vt 1.006724 0.559626
vt 0.930776 0.559626
vt 0.819668 0.479666
vt 0.285641 0.429180
vt 0.930776 0.940374
vt 0.319668 0.479666
vt 0.273524 0.488844
vt 1.006724 0.940374
vt 0.803032 0.424823
vt 0.796822 0.485388
vt 0.991099 0.559626
vt 0.915151 0.559626
vt 0.841844 0.471731
vt 0.303032 0.424823
vt 0.915151 0.940374
vt 0.341844 0.471731
vt 0.296822 0.485388
vt 0.991099 0.940374
vt 0.819912 0.418783
vt 0.819668 0.479666
vt 0.975474 0.559626
vt 0.899526 0.559626
vt 0.863135 0.461661
vt 0.319912 0.418784
vt 0.899526 0.940374
vt 0.363135 0.461661
vt 0.319668 0.479666
vt 0.975474 0.940374
vt 0.836120 0.411118
vt 0.841844 0.471731
vt 0.959849 0.559626
vt 0.883901 0.559626
vt 0.883337 0.449553
vt 0.336119 0.411118
vt 0.883901 0.940374
vt 0.383337 0.449553
vt 0.341844 0.471731
vt 0.959849 0.940374
vt 0.851497 0.401901
vt 0.863135 0.461661
vt 0.944224 0.559626
vt 0.868276 0.559626
vt 0.902254 0.435522
vt 0.351497 0.401901
vt 0.868276 0.940374
vt 0.402254 0.435522
vt 0.363135 0.461661
vt 0.944224 0.940374
vt 0.865897 0.391221
vt 0.883337 0.449553
vt 0.928599 0.559626
vt 0.852651 0.559626
vt 0.919706 0.419706
vt 0.365897 0.391221
vt 0.852651 0.940374
vt 0.419706 0.419706
vt 0.383337 0.449553
vt 0.928599 0.940374
vt 0.879181 0.379181
vt 0.902254 0.435522
vt 0.912974 0.559626
vt 0.837026 0.559626
vt 0.935522 0.402254
vt 0.379181 0.379181
vt 0.837026 0.940374
vt 0.435522 0.402254
vt 0.402254 0.435522
vt 0.912974 0.940374
vt 0.891221 0.365897
vt 0.919706 0.419706
vt 0.897349 0.559626
vt 0.821401 0.559626
vt 0.949553 0.383337
vt 0.391221 0.365897
vt 0.821401 0.940374
vt 0.449553 0.383337
vt 0.419706 0.419706
vt 0.897350 0.940374
vt 0.901901 0.351497
vt 0.935522 0.402254
vt 0.881724 0.559626
vt 0.805776 0.559626
vt 0.961661 0.363135
vt 0.401901 0.351497
vt 0.805776 0.940374
vt 0.461661 0.363135
vt 0.435522 0.402254
vt 0.881724 0.940374
vt 0.911118 0.336120
vt 0.949553 0.383337
vt 0.866099 0.559626
vt 0.790151 0.559626
vt 0.971731 0.341844
vt 0.411118 0.336120
vt 0.790151 0.940374
vt 0.471731 0.341844
vt 0.449553 0.383337
vt 0.866099 0.940374
vt 0.918783 0.319912
vt 0.961661 0.363135
vt 0.850474 0.559626
vt 0.774526 0.559626
vt 0.979666 0.319668
vt 0.418784 0.319912
vt 0.774526 0.940374
vt 0.479666 0.319668
vt 0.461661 0.363135
vt 0.850474 0.940374
vt 0.924823 0.303032
vt 0.971731 0.341844
vt 0.834849 0.559626
vt 0.758901 0.559626
vt 0.985388 0.296822
vt 0.424823 0.303032
vt 0.758901 0.940374
vt 0.485388 0.296822
vt 0.471731 0.341844
vt 0.834849 0.940374
vt 0.929180 0.285641
vt 0.979666 0.319668
vt 0.819224 0.559626
vt 0.743276 0.559626
vt 0.988844 0.273524
vt 0.429180 0.285641
vt 0.743276 0.940374
vt 0.488844 0.273524
vt 0.479666 0.319668
vt 0.819224 0.940374
vt 0.931810 0.267907
vt 0.985388 0.296822
vt 0.803599 0.559626
vt 0.727651 0.559626
vt 0.990000 0.250000
vt 0.431810 0.267907
vt 0.727651 0.940374
vt 0.490000 0.250000
vt 0.485388 0.296822
vt 0.803599 0.940374
vt 0.932690 0.250000
vt 0.988844 0.273524
vt 0.787974 0.559626
vt 0.712026 0.559626
vt 0.988844 0.226476
vt 0.432690 0.250000
vt 0.712026 0.940374
vt 0.488844 0.226476
vt 0.488844 0.273524
vt 0.787975 0.940374
vt 0.931810 0.232093
vt 0.990000 0.250000
vt 0.772349 0.559626
vt 0.696401 0.559626
vt 0.985388 0.203178
vt 0.431810 0.232093
vt 0.696401 0.940374
vt 0.485388 0.203178
vt 0.490000 0.250000
vt 0.772349 0.940374
vt 0.929180 0.214359
vt 0.988844 0.226476
vt 0.756724 0.559626
vt 0.680776 0.559626
vt 0.979666 0.180332
vt 0.429180 0.214359
vt 0.680776 0.940374
vt 0.479666 0.180332
vt 0.488844 0.226476
vt 0.756724 0.940374
vt 0.924823 0.196968
vt 0.985388 0.203178
vt 0.741099 0.559626
vt 0.665151 0.559626
vt 0.971731 0.158156
vt 0.424823 0.196968
vt 0.665151 0.940374
vt 0.471731 0.158156
vt 0.485388 0.203178
vt 0.741099 0.940374
vt 0.918783 0.180088
vt 0.979666 0.180332
vt 0.725474 0.559626
vt 0.649526 0.559626
vt 0.961661 0.136865
vt 0.418784 0.180088
vt 0.649526 0.940374
vt 0.461661 0.136865
vt 0.479666 0.180332
vt 0.725474 0.940374
vt 0.911118 0.163880
vt 0.971731 0.158156
vt 0.709849 0.559626
vt 0.633901 0.559626
vt 0.949553 0.116663
vt 0.411118 0.163881
vt 0.633901 0.940374
vt 0.449553 0.116663
vt 0.471731 0.158156
vt 0.709849 0.940374
vt 0.901901 0.148503
vt 0.961661 0.136865
vt 0.694224 0.559626
vt 0.618276 0.559626
vt 0.935522 0.097746
vt 0.401901 0.148503
vt 0.618276 0.940374
vt 0.435522 0.097746
vt 0.461661 0.136865
vt 0.694224 0.940374
vt 0.891221 0.134103
vt 0.949553 0.116663
vt 0.678599 0.559626
vt 0.602651 0.559626
vt 0.919706 0.080294
vt 0.391221 0.134103
vt 0.602651 0.940374
vt 0.419706 0.080294
vt 0.449553 0.116663
vt 0.678599 0.940374
vt 0.879181 0.120819
vt 0.935522 0.097746
vt 0.662974 0.559626
vt 0.587026 0.559626
vt 0.902254 0.064478
vt 0.379181 0.120819
vt 0.587026 0.940374
vt 0.402254 0.064478
vt 0.435522 0.097746
vt 0.662974 0.940374
vt 0.865897 0.108779
vt 0.919706 0.080294
vt 0.647349 0.559626
vt 0.571401 0.559626
vt 0.883337 0.050447
vt 0.365897 0.108779
vt 0.571401 0.940374
vt 0.383337 0.050447
vt 0.419706 0.080294
vt 0.647349 0.940374
vt 0.851497 0.098099
vt 0.902254 0.064478
vt 0.631724 0.559626
vt 0.555776 0.559626
vt 0.863135 0.038339
vt 0.351497 0.098099
vt 0.555776 0.940374
vt 0.363135 0.038339
vt 0.402254 0.064478
vt 0.631724 0.940374
vt 0.836120 0.088882
vt 0.883337 0.050447
vt 0.616099 0.559626
vt 0.540151 0.559626
vt 0.841844 0.028269
vt 0.336120 0.088882
vt 0.540151 0.940374
vt 0.341844 0.028269
vt 0.383337 0.050447
vt 0.616099 0.940374
vt 0.819913 0.081217
vt 0.863135 0.038339
vt 0.600474 0.559626
vt 0.524526 0.559626
vt 0.819668 0.020334
vt 0.319912 0.081217
vt 0.524526 0.940374
vt 0.319668 0.020334
vt 0.363135 0.038339
vt 0.600474 0.940374
vt 0.803032 0.075177
vt 0.841844 0.028269
vt 0.584849 0.559626
vt 0.508901 0.559626
vt 0.796822 0.014612
vt 0.303032 0.075177
vt 0.508901 0.940374
vt 0.296822 0.014612
vt 0.341844 0.028269
vt 0.584849 0.940374
vt 0.785641 0.070820
vt 0.819668 0.020334
vt 0.569224 0.559626
vt 0.493276 0.559626
vt 0.773524 0.011156
vt 0.285641 0.070820
vt 0.493276 0.940374
vt 0.273524 0.011156
vt 0.319668 0.020334
vt 0.569224 0.940374
vt 0.767907 0.068190
vt 0.796822 0.014612
vt 0.553599 0.559626
vt 0.477651 0.559626
vt 0.750000 0.010000
vt 0.267907 0.068190
vt 0.477651 0.940374
vt 0.250000 0.010000
vt 0.296822 0.014612
vt 0.553599 0.940374
vt 0.750000 0.067310
vt 0.773524 0.011156
vt 0.537974 0.559626
vt 0.462026 0.559626
vt 0.726476 0.011156
vt 0.250000 0.067310
vt 0.462026 0.940374
vt 0.226476 0.011156
vt 0.273524 0.011156
vt 0.537974 0.940374
vt 0.732093 0.068190
vt 0.750000 0.010000
vt 0.522349 0.559626
vt 0.446401 0.559626
vt 0.703178 0.014612
vt 0.232093 0.068190
vt 0.446401 0.940374
vt 0.203178 0.014612
vt 0.250000 0.010000
vt 0.522349 0.940374
vt 0.714359 0.070820
vt 0.726476 0.011156
vt 0.506724 0.559626
vt 0.430776 0.559626
vt 0.680332 0.020334
vt 0.214359 0.070820
vt 0.430776 0.940374
vt 0.180332 0.020334
vt 0.226476 0.011156
vt 0.506724 0.940374
vt 0.696968 0.075177
vt 0.703178 0.014612
vt 0.491099 0.559626
vt 0.415151 0.559626
vt 0.658156 0.028269
vt 0.196968 0.075177
vt 0.415151 0.940374
vt 0.158156 0.028269
vt 0.203178 0.014612
vt 0.491099 0.940374
vt 0.680088 0.081217
vt 0.680332 0.020334
vt 0.475474 0.559626
vt 0.399526 0.559626
vt 0.636865 0.038339
vt 0.180088 0.081217
vt 0.399526 0.940374
vt 0.136865 0.038339
vt 0.180332 0.020334
vt 0.475474 0.940374
vt 0.663880 0.088882
vt 0.658156 0.028269
vt 0.459849 0.559626
vt 0.383901 0.559626
vt 0.616663 0.050447
vt 0.163880 0.088882
vt 0.383901 0.940374
vt 0.116663 0.050447
vt 0.158156 0.028269
vt 0.459849 0.940374
vt 0.648503 0.098099
vt 0.636865 0.038339
vt 0.444224 0.559626
vt 0.368276 0.559626
vt 0.597746 0.064478
vt 0.148503 0.098099
vt 0.368276 0.940374
vt 0.097746 0.064478
vt 0.136865 0.038339
vt 0.444224 0.940374
vt 0.634103 0.108779
vt 0.616663 0.050447
vt 0.428599 0.559626
vt 0.352651 0.559626
vt 0.580294 0.080294
vt 0.134103 0.108779
vt 0.352651 0.940374
vt 0.080294 0.080294
vt 0.116663 0.050447
vt 0.428599 0.940374
vt 0.620819 0.120819
vt 0.597746 0.064478
vt 0.412974 0.559626
vt 0.337026 0.559626
vt 0.564478 0.097746
vt 0.120819 0.120819
vt 0.337026 0.940374
vt 0.064478 0.097746
vt 0.097746 0.064478
vt 0.412974 0.940374
vt 0.608779 0.134103
vt 0.580294 0.080294
vt 0.397349 0.559626
vt 0.321401 0.559626
vt 0.550447 0.116663
vt 0.108779 0.134103
vt 0.321401 0.940374
vt 0.050447 0.116663
vt 0.080294 0.080294
vt 0.397349 0.940374
vt 0.598099 0.148503
vt 0.564478 0.097746
vt 0.381724 0.559626
vt 0.305776 0.559626
vt 0.538339 0.136865
vt 0.098099 0.148503
vt 0.305776 0.940374
vt 0.038339 0.136865
vt 0.064478 0.097746
vt 0.381724 0.940374
vt 0.588882 0.163881
vt 0.550447 0.116663
vt 0.366099 0.559626
vt 0.290151 0.559626
vt 0.528269 0.158156
vt 0.088882 0.163880
vt 0.290151 0.940374
vt 0.028269 0.158156
vt 0.050447 0.116663
vt 0.366099 0.940374
vt 0.581216 0.180088
vt 0.538339 0.136865
vt 0.350474 0.559626
vt 0.274526 0.559626
vt 0.520334 0.180332
vt 0.081217 0.180088
vt 0.274526 0.940374
vt 0.020334 0.180332
vt 0.038339 0.136865
vt 0.350474 0.940374
vt 0.575177 0.196968
vt 0.528269 0.158156
vt 0.334849 0.559626
vt 0.258901 0.559626
vt 0.514612 0.203178
vt 0.075177 0.196968
vt 0.258901 0.940374
vt 0.014612 0.203178
vt 0.028269 0.158156
vt 0.334849 0.940374
vt 0.570820 0.214359
vt 0.520334 0.180332
vt 0.319224 0.559626
vt 0.243276 0.559626
vt 0.511156 0.226476
vt 0.070820 0.214359
vt 0.243276 0.940374
vt 0.011156 0.226476
vt 0.020334 0.180332
vt 0.319224 0.940374
vt 0.568190 0.232093
vt 0.514612 0.203178
vt 0.303599 0.559626
vt 0.227651 0.559626
vt 0.510000 0.250000
vt 0.068190 0.232093
vt 0.227651 0.940374
vt 0.010000 0.250000
vt 0.014612 0.203178
vt 0.303599 0.940374
vt 0.567310 0.250000
vt 0.511156 0.226476
vt 0.287974 0.559626
vt 0.212026 0.559626
vt 0.511156 0.273524
vt 0.067310 0.250000
vt 0.212026 0.940374
vt 0.011156 0.273524
vt 0.011156 0.226476
vt 0.287974 0.940374
vt 0.568190 0.267907
vt 0.510000 0.250000
vt 0.272349 0.559626
vt 0.196401 0.559626
vt 0.514612 0.296822
vt 0.068190 0.267907
vt 0.196401 0.940374
vt 0.014612 0.296822
vt 0.010000 0.250000
vt 0.272349 0.940374
vt 0.570821 0.285641
vt 0.511156 0.273524
vt 0.256724 0.559626
vt 0.180776 0.559626
vt 0.520334 0.319668
vt 0.070820 0.285641
vt 0.180776 0.940374
vt 0.020334 0.319668
vt 0.011156 0.273524
vt 0.256724 0.940374
vt 0.575177 0.303032
vt 0.514612 0.296822
vt 0.241099 0.559626
vt 0.165151 0.559626
vt 0.528269 0.341844
vt 0.075177 0.303032
vt 0.165151 0.940374
vt 0.028269 0.341844
vt 0.014612 0.296822
vt 0.241099 0.940374
vt 0.581216 0.319912
vt 0.520334 0.319668
vt 0.225474 0.559626
vt 0.149526 0.559626
vt 0.538339 0.363135
vt 0.081217 0.319912
vt 0.149526 0.940374
vt 0.038339 0.363135
vt 0.020334 0.319668
vt 0.225474 0.940374
vt 0.588882 0.336120
vt 0.528269 0.341844
vt 0.209849 0.559626
vt 0.133901 0.559626
vt 0.550447 0.383337
vt 0.088882 0.336120
vt 0.133901 0.940374
vt 0.050447 0.383337
vt 0.028269 0.341844
vt 0.209849 0.940374
vt 0.598099 0.351497
vt 0.538339 0.363135
vt 0.194224 0.559626
vt 0.118276 0.559626
vt 0.564478 0.402254
vt 0.098099 0.351497
vt 0.118276 0.940374
vt 0.064478 0.402254
vt 0.038339 0.363135
vt 0.194224 0.940374
vt 0.608779 0.365897
vt 0.550447 0.383337
vt 0.178599 0.559626
vt 0.102651 0.559626
vt 0.580294 0.419706
vt 0.108779 0.365897
vt 0.102651 0.940374
vt 0.080294 0.419706
vt 0.050447 0.383337
vt 0.178599 0.940374
vt 0.620819 0.379181
vt 0.564478 0.402254
vt 0.162974 0.559626
vt 0.087026 0.559626
vt 0.597746 0.435522
vt 0.120819 0.379181
vt 0.087026 0.940374
vt 0.097746 0.435522
vt 0.064478 0.402254
vt 0.162974 0.940374
vt 0.634103 0.391221
vt 0.580294 0.419706
vt 0.147349 0.559626
vt 0.071401 0.559626
vt 0.616663 0.449553
vt 0.134103 0.391221
vt 0.071401 0.940374
vt 0.116663 0.449553
vt 0.080294 0.419706
vt 0.147349 0.940374
vt 0.648503 0.401901
vt 0.597746 0.435522
vt 0.131724 0.559626
vt 0.055776 0.559626
vt 0.636865 0.461661
vt 0.148503 0.401901
vt 0.055776 0.940374
vt 0.136865 0.461661
vt 0.097746 0.435522
vt 0.131724 0.940374
vt 0.663880 0.411118
vt 0.616663 0.449553
vt 0.116099 0.559626
vt 0.040151 0.559626
vt 0.658156 0.471731
vt 0.163880 0.411118
vt 0.040151 0.940374
vt 0.158156 0.471731
vt 0.116663 0.449553
vt 0.116099 0.940374
vt 0.680088 0.418783
vt 0.636865 0.461661
vt 0.100474 0.559626
vt 0.024526 0.559626
vt 0.680332 0.479666
vt 0.180088 0.418783
vt 0.024526 0.940374
vt 0.180332 0.479666
vt 0.136865 0.461661
vt 0.100474 0.940374
vt 0.696968 0.424823
vt 0.658156 0.471731
vt 0.084849 0.559626
vt 0.008901 0.559626
vt 0.703178 0.485388
vt 0.196968 0.424823
vt 0.008901 0.940374
vt 0.203178 0.485388
vt 0.158156 0.471731
vt 0.084849 0.940374
vt 0.714359 0.429180
vt 0.680332 0.479666
vt 0.069224 0.559626
vt -0.006724 0.559626
vt 0.726476 0.488844
vt 0.214359 0.429180
vt -0.006724 0.940374
vt 0.226476 0.488844
vt 0.180332 0.479666
vt 0.069224 0.940374
vt 0.732094 0.431810
vt 0.703178 0.485388
vt 0.053599 0.559626
vt -0.022349 0.559626
vt 0.750000 0.490000
vt 0.232093 0.431810
vt -0.022349 0.940374
vt 0.250000 0.490000
vt 0.203178 0.485388
vt 0.053599 0.940374
vt 0.250000 0.432690
vt 0.250000 0.393695
vt 0.264084 0.393003
vt 0.267907 0.431810
vt 0.278033 0.390934
vt 0.285641 0.429180
vt 0.291712 0.387507
vt 0.303032 0.424823
vt 0.304990 0.382757
vt 0.319912 0.418784
vt 0.317737 0.376727
vt 0.336119 0.411118
vt 0.329833 0.369478
vt 0.351497 0.401901
vt 0.341159 0.361077
vt 0.365897 0.391221
vt 0.351607 0.351607
vt 0.379181 0.379181
vt 0.361077 0.341159
vt 0.391221 0.365897
vt 0.369478 0.329833
vt 0.401901 0.351497
vt 0.376727 0.317737
vt 0.411118 0.336120
vt 0.382757 0.304990
vt 0.418784 0.319912
vt 0.387507 0.291712
vt 0.424823 0.303032
vt 0.390934 0.278033
vt 0.429180 0.285641
vt 0.393003 0.264084
vt 0.431810 0.267907
vt 0.393694 0.250000
vt 0.432690 0.250000
vt 0.393003 0.235916
vt 0.431810 0.232093
vt 0.390934 0.221967
vt 0.429180 0.214359
vt 0.387507 0.208288
vt 0.424823 0.196968
vt 0.382756 0.195010
vt 0.418784 0.180088
vt 0.376727 0.182263
vt 0.411118 0.163881
vt 0.369478 0.170167
vt 0.401901 0.148503
vt 0.361077 0.158841
vt 0.391221 0.134103
vt 0.351607 0.148393
vt 0.379181 0.120819
vt 0.341159 0.138923
vt 0.365897 0.108779
vt 0.329833 0.130522
vt 0.351497 0.098099
vt 0.317737 0.123273
vt 0.336120 0.088882
vt 0.304990 0.117244
vt 0.319912 0.081217
vt 0.291712 0.112493
vt 0.303032 0.075177
vt 0.278033 0.109067
vt 0.285641 0.070820
vt 0.264084 0.106997
vt 0.267907 0.068190
vt 0.250000 0.106305
vt 0.250000 0.067310
vt 0.235916 0.106997
vt 0.232093 0.068190
vt 0.221967 0.109067
vt 0.214359 0.070820
vt 0.208288 0.112493
vt 0.196968 0.075177
vt 0.195010 0.117244
vt 0.180088 0.081217
vt 0.182263 0.123273
vt 0.163880 0.088882
vt 0.170167 0.130522
vt 0.148503 0.098099
vt 0.158841 0.138923
vt 0.134103 0.108779
vt 0.148393 0.148393
vt 0.120819 0.120819
vt 0.138923 0.158841
vt 0.108779 0.134103
vt 0.130522 0.170168
vt 0.098099 0.148503
vt 0.123273 0.182263
vt 0.088882 0.163880
vt 0.117244 0.195010
vt 0.081217 0.180088
vt 0.112493 0.208288
vt 0.075177 0.196968
vt 0.109067 0.221967
vt 0.070820 0.214359
vt 0.106997 0.235916
vt 0.068190 0.232093
vt 0.106305 0.250000
vt 0.067310 0.250000
vt 0.106997 0.264085
vt 0.068190 0.267907
vt 0.109067 0.278033
vt 0.070820 0.285641
vt 0.112493 0.291713
vt 0.075177 0.303032
vt 0.117244 0.304990
vt 0.081217 0.319912
vt 0.123273 0.317737
vt 0.088882 0.336120
vt 0.130522 0.329833
vt 0.098099 0.351497
vt 0.138923 0.341159
vt 0.108779 0.365897
vt 0.148393 0.351607
vt 0.120819 0.379181
vt 0.158841 0.361077
vt 0.134103 0.391221
vt 0.170167 0.369478
vt 0.148503 0.401901
vt 0.182263 0.376727
vt 0.163880 0.411118
vt 0.195010 0.382756
vt 0.180088 0.418783
vt 0.208288 0.387507
vt 0.196968 0.424823
vt 0.221967 0.390934
vt 0.214359 0.429180
vt 0.235916 0.393003
vt 0.232093 0.431810
s 1
f 909/1434/525 911/1437/526 534/809/527 530/800/528
f 543/824/529 545/827/530 552/840/531 548/833/532
f 549/834/533 551/837/534 558/850/535 554/843/536
f 555/844/537 557/847/538 564/860/539 560/853/540
f 561/854/541 563/857/542 570/870/543 566/863/544
f 567/864/545 569/867/546 576/880/547 572/873/548
f 573/874/549 575/877/550 582/890/551 578/883/552
f 579/884/553 581/887/554 588/900/555 584/893/556
f 585/894/557 587/897/558 594/910/559 590/903/560
f 591/904/561 593/907/562 600/920/563 596/913/564
f 597/914/565 599/917/566 606/930/567 602/923/568
f 603/924/569 605/927/570 612/940/571 608/933/572
f 609/934/573 611/937/574 618/950/575 614/943/576
f 615/944/577 617/947/578 624/960/579 620/953/580
f 621/954/581 623/957/582 630/970/583 626/963/584
f 627/964/585 629/967/586 636/980/587 632/973/588
f 633/974/589 635/977/590 642/990/591 638/983/592
f 639/984/593 641/987/594 648/1000/595 644/993/596
f 645/994/597 647/997/598 654/1010/599 650/1003/600
f 651/1004/601 653/1007/602 660/1020/603 656/1013/604
f 657/1014/605 659/1017/606 666/1030/607 662/1023/608
f 663/1024/609 665/1027/610 672/1040/611 668/1033/612
f 669/1034/613 671/1037/614 678/1050/615 674/1043/616
f 675/1044/617 677/1047/618 684/1060/619 680/1053/620
f 681/1054/621 683/1057/622 690/1070/623 686/1063/624
f 687/1064/625 689/1067/626 696/1080/627 692/1073/628
f 693/1074/629 695/1077/630 702/1090/631 698/1083/632
f 699/1084/633 701/1087/634 708/1100/635 704/1093/636
f 705/1094/637 707/1097/638 714/1110/639 710/1103/640
f 711/1104/641 713/1107/642 720/1120/643 716/1113/644
f 717/1114/645 719/1117/646 726/1130/647 722/1123/648
f 723/1124/649 725/1127/650 732/1140/651 728/1133/652
f 729/1134/653 731/1137/654 738/1150/655 734/1143/656
f 735/1144/657 737/1147/658 744/1160/659 740/1153/660
f 741/1154/661 743/1157/662 750/1170/663 746/1163/664
f 747/1164/665 749/1167/666 756/1180/667 752/1173/668
f 753/1174/669 755/1177/670 762/1190/671 758/1183/672
f 759/1184/673 761/1187/674 768/1200/675 764/1193/676
f 765/1194/677 767/1197/678 774/1210/679 770/1203/680
f 771/1204/681 773/1207/682 780/1220/683 776/1213/684
f 777/1214/685 779/1217/686 786/1230/687 782/1223/688
f 783/1224/689 785/1227/690 792/1240/691 788/1233/692
f 789/1234/693 791/1237/694 798/1250/695 794/1243/696
f 795/1244/697 797/1247/698 804/1260/699 800/1253/700
f 801/1254/701 803/1257/702 810/1270/703 806/1263/704
f 807/1264/705 809/1267/706 816/1280/707 812/1273/708
f 813/1274/709 815/1277/710 822/1290/711 818/1283/712
f 819/1284/713 821/1287/714 828/1300/715 824/1293/716
f 825/1294/717 827/1297/718 834/1310/719 830/1303/720
f 831/1304/721 833/1307/722 840/1320/723 836/1313/724
f 837/1314/725 839/1317/726 846/1330/727 842/1323/728
f 843/1324/729 845/1327/730 852/1340/731 848/1333/732
f 849/1334/733 851/1337/734 858/1350/735 854/1343/736
f 855/1344/737 857/1347/738 864/1360/739 860/1353/740
f 861/1354/741 863/1357/742 870/1370/743 866/1363/744
f 867/1364/745 869/1367/746 876/1380/747 872/1373/748
f 873/1374/749 875/1377/750 882/1390/751 878/1383/752
f 879/1384/753 881/1387/754 888/1400/755 884/1393/756
f 885/1394/757 887/1397/758 894/1410/759 890/1403/760
f 891/1404/761 893/1407/762 900/1420/763 896/1413/764
f 897/1414/765 899/1417/766 906/1430/767 902/1423/768
f 903/1424/769 905/1427/770 912/1440/771 908/1433/772
f 537/814/773 539/817/774 546/830/775 542/823/776
f 556/846/777 550/836/778 920/1448/779 922/1450/780
f 531/802/781 533/806/782 540/820/783 536/813/784
f 529/799/785 530/801/528 531/803/781
f 532/805/786 533/807/782 534/810/527
f 535/811/787 536/812/784 537/815/773
f 538/816/788 539/818/774 540/819/783
f 541/821/789 542/822/776 543/825/529
f 544/826/790 545/828/530 546/829/775
f 547/831/791 548/832/532 549/835/533
f 550/836/778 551/838/534 552/839/531
f 553/841/792 554/842/536 555/845/537
f 556/846/777 557/848/538 558/849/535
f 559/851/793 560/852/540 561/855/541
f 562/856/794 563/858/542 564/859/539
f 565/861/795 566/862/544 567/865/545
f 568/866/796 569/868/546 570/869/543
f 571/871/797 572/872/548 573/875/549
f 574/876/798 575/878/550 576/879/547
f 577/881/799 578/882/552 579/885/553
f 580/886/800 581/888/554 582/889/551
f 583/891/801 584/892/556 585/895/557
f 586/896/802 587/898/558 588/899/555
f 589/901/803 590/902/560 591/905/561
f 592/906/804 593/908/562 594/909/559
f 595/911/805 596/912/564 597/915/565
f 598/916/806 599/918/566 600/919/563
f 601/921/807 602/922/568 603/925/569
f 604/926/808 605/928/570 606/929/567
f 607/931/809 608/932/572 609/935/573
f 610/936/810 611/938/574 612/939/571
f 613/941/811 614/942/576 615/945/577
f 616/946/812 617/948/578 618/949/575
f 619/951/813 620/952/580 621/955/581
f 622/956/814 623/958/582 624/959/579
f 625/961/815 626/962/584 627/965/585
f 628/966/816 629/968/586 630/969/583
f 631/971/817 632/972/588 633/975/589
f 634/976/818 635/978/590 636/979/587
f 637/981/819 638/982/592 639/985/593
f 640/986/820 641/988/594 642/989/591
f 643/991/821 644/992/596 645/995/597
f 646/996/822 647/998/598 648/999/595
f 649/1001/823 650/1002/600 651/1005/601
f 652/1006/824 653/1008/602 654/1009/599
f 655/1011/825 656/1012/604 657/1015/605
f 658/1016/826 659/1018/606 660/1019/603
f 661/1021/827 662/1022/608 663/1025/609
f 664/1026/828 665/1028/610 666/1029/607
f 667/1031/829 668/1032/612 669/1035/613
f 670/1036/830 671/1038/614 672/1039/611
f 673/1041/831 674/1042/616 675/1045/617
f 676/1046/832 677/1048/618 678/1049/615
f 679/1051/833 680/1052/620 681/1055/621
f 682/1056/834 683/1058/622 684/1059/619
f 685/1061/835 686/1062/624 687/1065/625
f 688/1066/836 689/1068/626 690/1069/623
f 691/1071/837 692/1072/628 693/1075/629
f 694/1076/838 695/1078/630 696/1079/627
f 697/1081/839 698/1082/632 699/1085/633
f 700/1086/840 701/1088/634 702/1089/631
f 703/1091/841 704/1092/636 705/1095/637
f 706/1096/842 707/1098/638 708/1099/635
f 709/1101/843 710/1102/640 711/1105/641
f 712/1106/844 713/1108/642 714/1109/639
f 715/1111/845 716/1112/644 717/1115/645
f 718/1116/846 719/1118/646 720/1119/643
f 721/1121/847 722/1122/648 723/1125/649
f 724/1126/848 725/1128/650 726/1129/647
f 727/1131/849 728/1132/652 729/1135/653
f 730/1136/850 731/1138/654 732/1139/651
f 733/1141/851 734/1142/656 735/1145/657
f 736/1146/852 737/1148/658 738/1149/655
f 739/1151/853 740/1152/660 741/1155/661
f 742/1156/854 743/1158/662 744/1159/659
f 745/1161/855 746/1162/664 747/1165/665
f 748/1166/856 749/1168/666 750/1169/663
f 751/1171/857 752/1172/668 753/1175/669
f 754/1176/858 755/1178/670 756/1179/667
f 757/1181/859 758/1182/672 759/1185/673
f 760/1186/860 761/1188/674 762/1189/671
f 763/1191/861 764/1192/676 765/1195/677
f 766/1196/862 767/1198/678 768/1199/675
f 769/1201/863 770/1202/680 771/1205/681
f 772/1206/864 773/1208/682 774/1209/679
f 775/1211/865 776/1212/684 777/1215/685
f 778/1216/866 779/1218/686 780/1219/683
f 781/1221/867 782/1222/688 783/1225/689
f 784/1226/868 785/1228/690 786/1229/687
f 787/1231/869 788/1232/692 789/1235/693
f 790/1236/870 791/1238/694 792/1239/691
f 793/1241/871 794/1242/696 795/1245/697
f 796/1246/872 797/1248/698 798/1249/695
f 799/1251/873 800/1252/700 801/1255/701
f 802/1256/874 803/1258/702 804/1259/699
f 805/1261/875 806/1262/704 807/1265/705
f 808/1266/876 809/1268/706 810/1269/703
f 811/1271/877 812/1272/708 813/1275/709
f 814/1276/878 815/1278/710 816/1279/707
f 817/1281/879 818/1282/712 819/1285/713
f 820/1286/880 821/1288/714 822/1289/711
f 823/1291/881 824/1292/716 825/1295/717
f 826/1296/882 827/1298/718 828/1299/715
f 829/1301/883 830/1302/720 831/1305/721
f 832/1306/884 833/1308/722 834/1309/719
f 835/1311/885 836/1312/724 837/1315/725
f 838/1316/886 839/1318/726 840/1319/723
f 841/1321/887 842/1322/728 843/1325/729
f 844/1326/888 845/1328/730 846/1329/727
f 847/1331/889 848/1332/732 849/1335/733
f 850/1336/890 851/1338/734 852/1339/731
f 853/1341/891 854/1342/736 855/1345/737
f 856/1346/892 857/1348/738 858/1349/735
f 859/1351/893 860/1352/740 861/1355/741
f 862/1356/894 863/1358/742 864/1359/739
f 865/1361/895 866/1362/744 867/1365/745
f 868/1366/896 869/1368/746 870/1369/743
f 871/1371/897 872/1372/748 873/1375/749
f 874/1376/898 875/1378/750 876/1379/747
f 877/1381/899 878/1382/752 879/1385/753
f 880/1386/900 881/1388/754 882/1389/751
f 883/1391/901 884/1392/756 885/1395/757
f 886/1396/902 887/1398/758 888/1399/755
f 889/1401/903 890/1402/760 891/1405/761
f 892/1406/904 893/1408/762 894/1409/759
f 895/1411/905 896/1412/764 897/1415/765
f 898/1416/906 899/1418/766 900/1419/763
f 901/1421/907 902/1422/768 903/1425/769
f 904/1426/908 905/1428/770 906/1429/767
f 907/1431/909 908/1432/772 909/1435/525
f 910/1436/910 911/1438/526 912/1439/771
f 531/803/781 536/812/784 535/811/787 529/799/785
f 540/819/783 533/807/782 532/805/786 538/816/788
f 530/800/528 534/809/527 533/808/782 531/804/781
f 539/817/774 537/814/773 536/813/784 540/820/783
f 537/815/773 542/822/776 541/821/789 535/811/787
f 546/829/775 539/818/774 538/816/788 544/826/790
f 545/827/530 543/824/529 542/823/776 546/830/775
f 543/825/529 548/832/532 547/831/791 541/821/789
f 552/839/531 545/828/530 544/826/790 550/836/778
f 551/837/534 549/834/533 548/833/532 552/840/531
f 549/835/533 554/842/536 553/841/792 547/831/791
f 558/849/535 551/838/534 550/836/778 556/846/777
f 557/847/538 555/844/537 554/843/536 558/850/535
f 555/845/537 560/852/540 559/851/793 553/841/792
f 564/859/539 557/848/538 556/846/777 562/856/794
f 563/857/542 561/854/541 560/853/540 564/860/539
f 561/855/541 566/862/544 565/861/795 559/851/793
f 570/869/543 563/858/542 562/856/794 568/866/796
f 569/867/546 567/864/545 566/863/544 570/870/543
f 567/865/545 572/872/548 571/871/797 565/861/795
f 576/879/547 569/868/546 568/866/796 574/876/798
f 575/877/550 573/874/549 572/873/548 576/880/547
f 573/875/549 578/882/552 577/881/799 571/871/797
f 582/889/551 575/878/550 574/876/798 580/886/800
f 581/887/554 579/884/553 578/883/552 582/890/551
f 579/885/553 584/892/556 583/891/801 577/881/799
f 588/899/555 581/888/554 580/886/800 586/896/802
f 587/897/558 585/894/557 584/893/556 588/900/555
f 585/895/557 590/902/560 589/901/803 583/891/801
f 594/909/559 587/898/558 586/896/802 592/906/804
f 593/907/562 591/904/561 590/903/560 594/910/559
f 591/905/561 596/912/564 595/911/805 589/901/803
f 600/919/563 593/908/562 592/906/804 598/916/806
f 599/917/566 597/914/565 596/913/564 600/920/563
f 597/915/565 602/922/568 601/921/807 595/911/805
f 606/929/567 599/918/566 598/916/806 604/926/808
f 605/927/570 603/924/569 602/923/568 606/930/567
f 603/925/569 608/932/572 607/931/809 601/921/807
f 612/939/571 605/928/570 604/926/808 610/936/810
f 611/937/574 609/934/573 608/933/572 612/940/571
f 609/935/573 614/942/576 613/941/811 607/931/809
f 618/949/575 611/938/574 610/936/810 616/946/812
f 617/947/578 615/944/577 614/943/576 618/950/575
f 615/945/577 620/952/580 619/951/813 613/941/811
f 624/959/579 617/948/578 616/946/812 622/956/814
f 623/957/582 621/954/581 620/953/580 624/960/579
f 621/955/581 626/962/584 625/961/815 619/951/813
f 630/969/583 623/958/582 622/956/814 628/966/816
f 629/967/586 627/964/585 626/963/584 630/970/583
f 627/965/585 632/972/588 631/971/817 625/961/815
f 636/979/587 629/968/586 628/966/816 634/976/818
f 635/977/590 633/974/589 632/973/588 636/980/587
f 633/975/589 638/982/592 637/981/819 631/971/817
f 642/989/591 635/978/590 634/976/818 640/986/820
f 641/987/594 639/984/593 638/983/592 642/990/591
f 639/985/593 644/992/596 643/991/821 637/981/819
f 648/999/595 641/988/594 640/986/820 646/996/822
f 647/997/598 645/994/597 644/993/596 648/1000/595
f 645/995/597 650/1002/600 649/1001/823 643/991/821
f 654/1009/599 647/998/598 646/996/822 652/1006/824
f 653/1007/602 651/1004/601 650/1003/600 654/1010/599
f 651/1005/601 656/1012/604 655/1011/825 649/1001/823
f 660/1019/603 653/1008/602 652/1006/824 658/1016/826
f 659/1017/606 657/1014/605 656/1013/604 660/1020/603
f 657/1015/605 662/1022/608 661/1021/827 655/1011/825
f 666/1029/607 659/1018/606 658/1016/826 664/1026/828
f 665/1027/610 663/1024/609 662/1023/608 666/1030/607
f 663/1025/609 668/1032/612 667/1031/829 661/1021/827
f 672/1039/611 665/1028/610 664/1026/828 670/1036/830
f 671/1037/614 669/1034/613 668/1033/612 672/1040/611
f 669/1035/613 674/1042/616 673/1041/831 667/1031/829
f 678/1049/615 671/1038/614 670/1036/830 676/1046/832
f 677/1047/618 675/1044/617 674/1043/616 678/1050/615
f 675/1045/617 680/1052/620 679/1051/833 673/1041/831
f 684/1059/619 677/1048/618 676/1046/832 682/1056/834
f 683/1057/622 681/1054/621 680/1053/620 684/1060/619
f 681/1055/621 686/1062/624 685/1061/835 679/1051/833
f 690/1069/623 683/1058/622 682/1056/834 688/1066/836
f 689/1067/626 687/1064/625 686/1063/624 690/1070/623
f 687/1065/625 692/1072/628 691/1071/837 685/1061/835
f 696/1079/627 689/1068/626 688/1066/836 694/1076/838
f 695/1077/630 693/1074/629 692/1073/628 696/1080/627
f 693/1075/629 698/1082/632 697/1081/839 691/1071/837
f 702/1089/631 695/1078/630 694/1076/838 700/1086/840
f 701/1087/634 699/1084/633 698/1083/632 702/1090/631
f 699/1085/633 704/1092/636 703/1091/841 697/1081/839
f 708/1099/635 701/1088/634 700/1086/840 706/1096/842
f 707/1097/638 705/1094/637 704/1093/636 708/1100/635
f 705/1095/637 710/1102/640 709/1101/843 703/1091/841
f 714/1109/639 707/1098/638 706/1096/842 712/1106/844
f 713/1107/642 711/1104/641 710/1103/640 714/1110/639
f 711/1105/641 716/1112/644 715/1111/845 709/1101/843
f 720/1119/643 713/1108/642 712/1106/844 718/1116/846
f 719/1117/646 717/1114/645 716/1113/644 720/1120/643
f 717/1115/645 722/1122/648 721/1121/847 715/1111/845
f 726/1129/647 719/1118/646 718/1116/846 724/1126/848
f 725/1127/650 723/1124/649 722/1123/648 726/1130/647
f 723/1125/649 728/1132/652 727/1131/849 721/1121/847
f 732/1139/651 725/1128/650 724/1126/848 730/1136/850
f 731/1137/654 729/1134/653 728/1133/652 732/1140/651
f 729/1135/653 734/1142/656 733/1141/851 727/1131/849
f 738/1149/655 731/1138/654 730/1136/850 736/1146/852
f 737/1147/658 735/1144/657 734/1143/656 738/1150/655
f 735/1145/657 740/1152/660 739/1151/853 733/1141/851
f 744/1159/659 737/1148/658 736/1146/852 742/1156/854
f 743/1157/662 741/1154/661 740/1153/660 744/1160/659
f 741/1155/661 746/1162/664 745/1161/855 739/1151/853
f 750/1169/663 743/1158/662 742/1156/854 748/1166/856
f 749/1167/666 747/1164/665 746/1163/664 750/1170/663
f 747/1165/665 752/1172/668 751/1171/857 745/1161/855
f 756/1179/667 749/1168/666 748/1166/856 754/1176/858
f 755/1177/670 753/1174/669 752/1173/668 756/1180/667
f 753/1175/669 758/1182/672 757/1181/859 751/1171/857
f 762/1189/671 755/1178/670 754/1176/858 760/1186/860
f 761/1187/674 759/1184/673 758/1183/672 762/1190/671
f 759/1185/673 764/1192/676 763/1191/861 757/1181/859
f 768/1199/675 761/1188/674 760/1186/860 766/1196/862
f 767/1197/678 765/1194/677 764/1193/676 768/1200/675
f 765/1195/677 770/1202/680 769/1201/863 763/1191/861
f 774/1209/679 767/1198/678 766/1196/862 772/1206/864
f 773/1207/682 771/1204/681 770/1203/680 774/1210/679
f 771/1205/681 776/1212/684 775/1211/865 769/1201/863
f 780/1219/683 773/1208/682 772/1206/864 778/1216/866
f 779/1217/686 777/1214/685 776/1213/684 780/1220/683
f 777/1215/685 782/1222/688 781/1221/867 775/1211/865
f 786/1229/687 779/1218/686 778/1216/866 784/1226/868
f 785/1227/690 783/1224/689 782/1223/688 786/1230/687
f 783/1225/689 788/1232/692 787/1231/869 781/1221/867
f 792/1239/691 785/1228/690 784/1226/868 790/1236/870
f 791/1237/694 789/1234/693 788/1233/692 792/1240/691
f 789/1235/693 794/1242/696 793/1241/871 787/1231/869
f 798/1249/695 791/1238/694 790/1236/870 796/1246/872
f 797/1247/698 795/1244/697 794/1243/696 798/1250/695
f 795/1245/697 800/1252/700 799/1251/873 793/1241/871
f 804/1259/699 797/1248/698 796/1246/872 802/1256/874
f 803/1257/702 801/1254/701 800/1253/700 804/1260/699
f 801/1255/701 806/1262/704 805/1261/875 799/1251/873
f 810/1269/703 803/1258/702 802/1256/874 808/1266/876
f 809/1267/706 807/1264/705 806/1263/704 810/1270/703
f 807/1265/705 812/1272/708 811/1271/877 805/1261/875
f 816/1279/707 809/1268/706 808/1266/876 814/1276/878
f 815/1277/710 813/1274/709 812/1273/708 816/1280/707
f 813/1275/709 818/1282/712 817/1281/879 811/1271/877
f 822/1289/711 815/1278/710 814/1276/878 820/1286/880
f 821/1287/714 819/1284/713 818/1283/712 822/1290/711
f 819/1285/713 824/1292/716 823/1291/881 817/1281/879
f 828/1299/715 821/1288/714 820/1286/880 826/1296/882
f 827/1297/718 825/1294/717 824/1293/716 828/1300/715
f 825/1295/717 830/1302/720 829/1301/883 823/1291/881
f 834/1309/719 827/1298/718 826/1296/882 832/1306/884
f 833/1307/722 831/1304/721 830/1303/720 834/1310/719
f 831/1305/721 836/1312/724 835/1311/885 829/1301/883
f 840/1319/723 833/1308/722 832/1306/884 838/1316/886
f 839/1317/726 837/1314/725 836/1313/724 840/1320/723
f 837/1315/725 842/1322/728 841/1321/887 835/1311/885
f 846/1329/727 839/1318/726 838/1316/886 844/1326/888
f 845/1327/730 843/1324/729 842/1323/728 846/1330/727
f 843/1325/729 848/1332/732 847/1331/889 841/1321/887
f 852/1339/731 845/1328/730 844/1326/888 850/1336/890
f 851/1337/734 849/1334/733 848/1333/732 852/1340/731
f 849/1335/733 854/1342/736 853/1341/891 847/1331/889
f 858/1349/735 851/1338/734 850/1336/890 856/1346/892
f 857/1347/738 855/1344/737 854/1343/736 858/1350/735
f 855/1345/737 860/1352/740 859/1351/893 853/1341/891
f 864/1359/739 857/1348/738 856/1346/892 862/1356/894
f 863/1357/742 861/1354/741 860/1353/740 864/1360/739
f 861/1355/741 866/1362/744 865/1361/895 859/1351/893
f 870/1369/743 863/1358/742 862/1356/894 868/1366/896
f 869/1367/746 867/1364/745 866/1363/744 870/1370/743
f 867/1365/745 872/1372/748 871/1371/897 865/1361/895
f 876/1379/747 869/1368/746 868/1366/896 874/1376/898
f 875/1377/750 873/1374/749 872/1373/748 876/1380/747
f 873/1375/749 878/1382/752 877/1381/899 871/1371/897
f 882/1389/751 875/1378/750 874/1376/898 880/1386/900
f 881/1387/754 879/1384/753 878/1383/752 882/1390/751
f 879/1385/753 884/1392/756 883/1391/901 877/1381/899
f 888/1399/755 881/1388/754 880/1386/900 886/1396/902
f 887/1397/758 885/1394/757 884/1393/756 888/1400/755
f 885/1395/757 890/1402/760 889/1401/903 883/1391/901
f 894/1409/759 887/1398/758 886/1396/902 892/1406/904
f 893/1407/762 891/1404/761 890/1403/760 894/1410/759
f 891/1405/761 896/1412/764 895/1411/905 889/1401/903
f 900/1419/763 893/1408/762 892/1406/904 898/1416/906
f 899/1417/766 897/1414/765 896/1413/764 900/1420/763
f 897/1415/765 902/1422/768 901/1421/907 895/1411/905
f 906/1429/767 899/1418/766 898/1416/906 904/1426/908
f 905/1427/770 903/1424/769 902/1423/768 906/1430/767
f 903/1425/769 908/1432/772 907/1431/909 901/1421/907
f 912/1439/771 905/1428/770 904/1426/908 910/1436/910
f 911/1437/526 909/1434/525 908/1433/772 912/1440/771
f 909/1435/525 530/801/528 529/799/785 907/1431/909
f 534/810/527 911/1438/526 910/1436/910 532/805/786
f 529/799/785 535/811/787 541/821/789 547/831/791 553/841/792 559/851/793 565/861/795 571/871/797 577/881/799 583/891/801 589/901/803 595/911/805 601/921/807 607/931/809 613/941/811 619/951/813 625/961/815 631/971/817 637/981/819 643/991/821 649/1001/823 655/1011/825 661/1021/827 667/1031/829 673/1041/831 679/1051/833 685/1061/835 691/1071/837 697/1081/839 703/1091/841 709/1101/843 715/1111/845 721/1121/847 727/1131/849 733/1141/851 739/1151/853 745/1161/855 751/1171/857 757/1181/859 763/1191/861 769/1201/863 775/1211/865 781/1221/867 787/1231/869 793/1241/871 799/1251/873 805/1261/875 811/1271/877 817/1281/879 823/1291/881 829/1301/883 835/1311/885 841/1321/887 847/1331/889 853/1341/891 859/1351/893 865/1361/895 871/1371/897 877/1381/899 883/1391/901 889/1401/903 895/1411/905 901/1421/907 907/1431/909
f 532/805/786 910/1436/910 1040/1568/911 913/1441/912
f 766/1196/862 760/1186/860 990/1518/913 992/1520/914
f 688/1066/836 682/1056/834 964/1492/915 966/1494/916
f 898/1416/906 892/1406/904 1034/1562/917 1036/1564/918
f 610/936/810 604/926/808 938/1466/919 940/1468/920
f 820/1286/880 814/1276/878 1008/1536/921 1010/1538/922
f 742/1156/854 736/1146/852 982/1510/923 984/1512/924
f 664/1026/828 658/1016/826 956/1484/925 958/1486/926
f 874/1376/898 868/1366/896 1026/1554/927 1028/1556/928
f 586/896/802 580/886/800 930/1458/929 932/1460/930
f 796/1246/872 790/1236/870 1000/1528/931 1002/1530/932
f 718/1116/846 712/1106/844 974/1502/933 976/1504/934
f 640/986/820 634/976/818 948/1476/935 950/1478/936
f 850/1336/890 844/1326/888 1018/1546/937 1020/1548/938
f 562/856/794 556/846/777 922/1450/780 924/1452/939
f 772/1206/864 766/1196/862 992/1520/914 994/1522/940
f 694/1076/838 688/1066/836 966/1494/916 968/1496/941
f 904/1426/908 898/1416/906 1036/1564/918 1038/1566/942
f 616/946/812 610/936/810 940/1468/920 942/1470/943
f 826/1296/882 820/1286/880 1010/1538/922 1012/1540/944
f 748/1166/856 742/1156/854 984/1512/924 986/1514/945
f 670/1036/830 664/1026/828 958/1486/926 960/1488/946
f 880/1386/900 874/1376/898 1028/1556/928 1030/1558/947
f 592/906/804 586/896/802 932/1460/930 934/1462/948
f 802/1256/874 796/1246/872 1002/1530/932 1004/1532/949
f 724/1126/848 718/1116/846 976/1504/934 978/1506/950
f 646/996/822 640/986/820 950/1478/936 952/1480/951
f 856/1346/892 850/1336/890 1020/1548/938 1022/1550/952
f 568/866/796 562/856/794 924/1452/939 926/1454/953
f 915/1443/954 914/1442/955 1039/1567/956 1037/1565/957 1035/1563/958 1033/1561/959 1031/1559/960 1029/1557/961 1027/1555/962 1025/1553/963 1023/1551/964 1021/1549/965 1019/1547/966 1017/1545/967 1015/1543/968 1013/1541/969 1011/1539/970 1009/1537/971 1007/1535/972 1005/1533/973 1003/1531/974 1001/1529/975 999/1527/976 997/1525/977 995/1523/978 993/1521/979 991/1519/980 989/1517/981 987/1515/982 985/1513/983 983/1511/984 981/1509/985 979/1507/986 977/1505/987 975/1503/988 973/1501/989 971/1499/990 969/1497/991 967/1495/992 965/1493/993 963/1491/994 961/1489/995 959/1487/996 957/1485/997 955/1483/998 953/1481/999 951/1479/1000 949/1477/1001 947/1475/1002 945/1473/1003 943/1471/1004 941/1469/1005 939/1467/1006 937/1465/1007 935/1463/1008 933/1461/1009 931/1459/1010 929/1457/1011 927/1455/1012 925/1453/1013 923/1451/1014 921/1449/1015 919/1447/1016 917/1445/1017
f 778/1216/866 772/1206/864 994/1522/940 996/1524/1018
f 700/1086/840 694/1076/838 968/1496/941 970/1498/1019
f 910/1436/910 904/1426/908 1038/1566/942 1040/1568/911
f 622/956/814 616/946/812 942/1470/943 944/1472/1020
f 832/1306/884 826/1296/882 1012/1540/944 1014/1542/1021
f 754/1176/858 748/1166/856 986/1514/945 988/1516/1022
f 676/1046/832 670/1036/830 960/1488/946 962/1490/1023
f 886/1396/902 880/1386/900 1030/1558/947 1032/1560/1024
f 598/916/806 592/906/804 934/1462/948 936/1464/1025
f 808/1266/876 802/1256/874 1004/1532/949 1006/1534/1026
f 730/1136/850 724/1126/848 978/1506/950 980/1508/1027
f 652/1006/824 646/996/822 952/1480/951 954/1482/1028
f 862/1356/894 856/1346/892 1022/1550/952 1024/1552/1029
f 574/876/798 568/866/796 926/1454/953 928/1456/1030
f 784/1226/868 778/1216/866 996/1524/1018 998/1526/1031
f 706/1096/842 700/1086/840 970/1498/1019 972/1500/1032
f 628/966/816 622/956/814 944/1472/1020 946/1474/1033
f 838/1316/886 832/1306/884 1014/1542/1021 1016/1544/1034
f 550/836/778 544/826/790 918/1446/1035 920/1448/779
f 760/1186/860 754/1176/858 988/1516/1022 990/1518/913
f 682/1056/834 676/1046/832 962/1490/1023 964/1492/915
f 892/1406/904 886/1396/902 1032/1560/1024 1034/1562/917
f 604/926/808 598/916/806 936/1464/1025 938/1466/919
f 814/1276/878 808/1266/876 1006/1534/1026 1008/1536/921
f 736/1146/852 730/1136/850 980/1508/1027 982/1510/923
f 658/1016/826 652/1006/824 954/1482/1028 956/1484/925
f 868/1366/896 862/1356/894 1024/1552/1029 1026/1554/927
f 580/886/800 574/876/798 928/1456/1030 930/1458/929
f 790/1236/870 784/1226/868 998/1526/1031 1000/1528/931
f 712/1106/844 706/1096/842 972/1500/1032 974/1502/933
f 544/826/790 538/816/788 916/1444/1036 918/1446/1035
f 634/976/818 628/966/816 946/1474/1033 948/1476/935
f 844/1326/888 838/1316/886 1016/1544/1034 1018/1546/937
f 914/1442/955 915/1443/954 916/1444/1036 913/1441/912
f 915/1443/954 917/1445/1017 918/1446/1035 916/1444/1036
f 917/1445/1017 919/1447/1016 920/1448/779 918/1446/1035
f 919/1447/1016 921/1449/1015 922/1450/780 920/1448/779
f 921/1449/1015 923/1451/1014 924/1452/939 922/1450/780
f 923/1451/1014 925/1453/1013 926/1454/953 924/1452/939
f 925/1453/1013 927/1455/1012 928/1456/1030 926/1454/953
f 927/1455/1012 929/1457/1011 930/1458/929 928/1456/1030
f 929/1457/1011 931/1459/1010 932/1460/930 930/1458/929
f 931/1459/1010 933/1461/1009 934/1462/948 932/1460/930
f 933/1461/1009 935/1463/1008 936/1464/1025 934/1462/948
f 935/1463/1008 937/1465/1007 938/1466/919 936/1464/1025
f 937/1465/1007 939/1467/1006 940/1468/920 938/1466/919
f 939/1467/1006 941/1469/1005 942/1470/943 940/1468/920
f 941/1469/1005 943/1471/1004 944/1472/1020 942/1470/943
f 943/1471/1004 945/1473/1003 946/1474/1033 944/1472/1020
f 945/1473/1003 947/1475/1002 948/1476/935 946/1474/1033
f 947/1475/1002 949/1477/1001 950/1478/936 948/1476/935
f 949/1477/1001 951/1479/1000 952/1480/951 950/1478/936
f 951/1479/1000 953/1481/999 954/1482/1028 952/1480/951
f 953/1481/999 955/1483/998 956/1484/925 954/1482/1028
f 955/1483/998 957/1485/997 958/1486/926 956/1484/925
f 957/1485/997 959/1487/996 960/1488/946 958/1486/926
f 959/1487/996 961/1489/995 962/1490/1023 960/1488/946
f 961/1489/995 963/1491/994 964/1492/915 962/1490/1023
f 963/1491/994 965/1493/993 966/1494/916 964/1492/915
f 965/1493/993 967/1495/992 968/1496/941 966/1494/916
f 967/1495/992 969/1497/991 970/1498/1019 968/1496/941
f 969/1497/991 971/1499/990 972/1500/1032 970/1498/1019
f 971/1499/990 973/1501/989 974/1502/933 972/1500/1032
f 973/1501/989 975/1503/988 976/1504/934 974/1502/933
f 975/1503/988 977/1505/987 978/1506/950 976/1504/934
f 977/1505/987 979/1507/986 980/1508/1027 978/1506/950
f 979/1507/986 981/1509/985 982/1510/923 980/1508/1027
f 981/1509/985 983/1511/984 984/1512/924 982/1510/923
f 983/1511/984 985/1513/983 986/1514/945 984/1512/924
f 985/1513/983 987/1515/982 988/1516/1022 986/1514/945
f 987/1515/982 989/1517/981 990/1518/913 988/1516/1022
f 989/1517/981 991/1519/980 992/1520/914 990/1518/913
f 991/1519/980 993/1521/979 994/1522/940 992/1520/914
f 993/1521/979 995/1523/978 996/1524/1018 994/1522/940
f 995/1523/978 997/1525/977 998/1526/1031 996/1524/1018
f 997/1525/977 999/1527/976 1000/1528/931 998/1526/1031
f 999/1527/976 1001/1529/975 1002/1530/932 1000/1528/931
f 1001/1529/975 1003/1531/974 1004/1532/949 1002/1530/932
f 1003/1531/974 1005/1533/973 1006/1534/1026 1004/1532/949
f 1005/1533/973 1007/1535/972 1008/1536/921 1006/1534/1026
f 1007/1535/972 1009/1537/971 1010/1538/922 1008/1536/921
f 1009/1537/971 1011/1539/970 1012/1540/944 1010/1538/922
f 1011/1539/970 1013/1541/969 1014/1542/1021 1012/1540/944
f 1013/1541/969 1015/1543/968 1016/1544/1034 1014/1542/1021
f 1015/1543/968 1017/1545/967 1018/1546/937 1016/1544/1034
f 1017/1545/967 1019/1547/966 1020/1548/938 1018/1546/937
f 1019/1547/966 1021/1549/965 1022/1550/952 1020/1548/938
f 1021/1549/965 1023/1551/964 1024/1552/1029 1022/1550/952
f 1023/1551/964 1025/1553/963 1026/1554/927 1024/1552/1029
f 1025/1553/963 1027/1555/962 1028/1556/928 1026/1554/927
f 1027/1555/962 1029/1557/961 1030/1558/947 1028/1556/928
f 1029/1557/961 1031/1559/960 1032/1560/1024 1030/1558/947
f 1031/1559/960 1033/1561/959 1034/1562/917 1032/1560/1024
f 1033/1561/959 1035/1563/958 1036/1564/918 1034/1562/917
f 1035/1563/958 1037/1565/957 1038/1566/942 1036/1564/918
f 1037/1565/957 1039/1567/956 1040/1568/911 1038/1566/942
f 1039/1567/956 914/1442/955 913/1441/912 1040/1568/911
f 538/816/788 532/805/786 913/1441/912 916/1444/1036
g Tire_001
o Tire.001
v -5.600000 -0.119396 0.500000
v -5.719109 -0.005852 0.571551
v -5.480891 -0.005851 0.571551
v -5.600000 -0.119396 1.100000
v -5.480891 -0.005852 1.028449
v -5.719109 -0.005851 1.028449
v -5.562695 -0.121229 0.500000
v -5.670100 0.003444 0.571551
v -5.433030 -0.019906 0.571551
v -5.562695 -0.121229 1.100000
v -5.433030 -0.019906 1.028449
v -5.670100 0.003444 1.028449
v -5.525748 -0.126709 0.500000
v -5.620416 0.007891 0.571551
v -5.386776 -0.038583 0.571551
v -5.525748 -0.126709 1.100000
v -5.386776 -0.038583 1.028449
v -5.620416 0.007891 1.028449
v -5.489516 -0.135785 0.500000
v -5.570536 0.007446 0.571551
v -5.342577 -0.061705 0.571551
v -5.489516 -0.135785 1.100000
v -5.342577 -0.061705 1.028449
v -5.570536 0.007446 1.028449
v -5.454349 -0.148368 0.500000
v -5.520939 0.002115 0.571551
v -5.300856 -0.089047 0.571551
v -5.454349 -0.148368 1.100000
v -5.300856 -0.089047 1.028449
v -5.520939 0.002115 1.028449
v -5.420584 -0.164337 0.500000
v -5.472104 -0.008052 0.571551
v -5.262015 -0.120347 0.571551
v -5.420584 -0.164337 1.100000
v -5.262015 -0.120347 1.028449
v -5.472104 -0.008052 1.028449
v -5.388547 -0.183539 0.500000
v -5.424501 -0.022957 0.571551
v -5.226430 -0.155304 0.571551
v -5.388547 -0.183539 1.100000
v -5.226430 -0.155304 1.028449
v -5.424501 -0.022957 1.028449
v -5.358547 -0.205789 0.500000
v -5.378588 -0.042456 0.571551
v -5.194443 -0.193580 0.571551
v -5.358547 -0.205789 1.100000
v -5.194443 -0.193580 1.028449
v -5.378588 -0.042456 1.028449
v -5.330872 -0.230872 0.500000
v -5.334806 -0.066362 0.571551
v -5.166362 -0.234807 0.571551
v -5.330872 -0.230872 1.100000
v -5.166362 -0.234807 1.028449
v -5.334806 -0.066362 1.028449
v -5.305789 -0.258547 0.500000
v -5.293580 -0.094443 0.571551
v -5.142456 -0.278588 0.571551
v -5.305789 -0.258547 1.100000
v -5.142456 -0.278588 1.028449
v -5.293580 -0.094443 1.028449
v -5.283539 -0.288548 0.500000
v -5.255303 -0.126431 0.571551
v -5.122957 -0.324501 0.571551
v -5.283539 -0.288548 1.100000
v -5.122957 -0.324501 1.028449
v -5.255303 -0.126431 1.028449
v -5.264337 -0.320584 0.500000
v -5.220347 -0.162016 0.571551
v -5.108052 -0.372104 0.571551
v -5.264337 -0.320584 1.100000
v -5.108052 -0.372104 1.028449
v -5.220347 -0.162016 1.028449
v -5.248368 -0.354349 0.500000
v -5.189047 -0.200856 0.571551
v -5.097885 -0.420939 0.571551
v -5.248368 -0.354349 1.100000
v -5.097885 -0.420939 1.028449
v -5.189047 -0.200856 1.028449
v -5.235785 -0.389516 0.500000
v -5.161705 -0.242577 0.571551
v -5.092554 -0.470536 0.571551
v -5.235785 -0.389516 1.100000
v -5.092554 -0.470536 1.028449
v -5.161705 -0.242577 1.028449
v -5.226709 -0.425748 0.500000
v -5.138583 -0.286776 0.571551
v -5.092109 -0.520416 0.571551
v -5.226709 -0.425748 1.100000
v -5.092109 -0.520416 1.028449
v -5.138583 -0.286777 1.028449
v -5.221229 -0.462694 0.500000
v -5.119905 -0.333030 0.571551
v -5.096556 -0.570100 0.571551
v -5.221229 -0.462695 1.100000
v -5.096556 -0.570100 1.028449
v -5.119905 -0.333030 1.028449
v -5.219396 -0.500000 0.500000
v -5.105851 -0.380892 0.571551
v -5.105851 -0.619108 0.571551
v -5.219396 -0.500000 1.100000
v -5.105851 -0.619108 1.028449
v -5.105851 -0.380892 1.028449
v -5.221229 -0.537305 0.500000
v -5.096556 -0.429900 0.571551
v -5.119905 -0.666970 0.571551
v -5.221229 -0.537305 1.100000
v -5.119905 -0.666970 1.028449
v -5.096556 -0.429900 1.028449
v -5.226709 -0.574252 0.500000
v -5.092109 -0.479584 0.571551
v -5.138583 -0.713223 0.571551
v -5.226709 -0.574252 1.100000
v -5.138583 -0.713224 1.028449
v -5.092109 -0.479584 1.028449
v -5.235785 -0.610484 0.500000
v -5.092554 -0.529464 0.571551
v -5.161705 -0.757423 0.571551
v -5.235785 -0.610484 1.100000
v -5.161705 -0.757423 1.028449
v -5.092554 -0.529464 1.028449
v -5.248368 -0.645651 0.500000
v -5.097885 -0.579061 0.571551
v -5.189047 -0.799144 0.571551
v -5.248368 -0.645651 1.100000
v -5.189047 -0.799144 1.028449
v -5.097885 -0.579061 1.028449
v -5.264337 -0.679416 0.500000
v -5.108052 -0.627896 0.571551
v -5.220347 -0.837984 0.571551
v -5.264337 -0.679416 1.100000
v -5.220347 -0.837984 1.028449
v -5.108052 -0.627896 1.028449
v -5.283539 -0.711452 0.500000
v -5.122957 -0.675499 0.571551
v -5.255303 -0.873569 0.571551
v -5.283539 -0.711452 1.100000
v -5.255303 -0.873569 1.028449
v -5.122957 -0.675499 1.028449
v -5.305789 -0.741453 0.500000
v -5.142456 -0.721412 0.571551
v -5.293580 -0.905557 0.571551
v -5.305789 -0.741453 1.100000
v -5.293580 -0.905557 1.028449
v -5.142456 -0.721412 1.028449
v -5.330872 -0.769128 0.500000
v -5.166362 -0.765193 0.571551
v -5.334806 -0.933638 0.571551
v -5.330872 -0.769128 1.100000
v -5.334806 -0.933638 1.028449
v -5.166362 -0.765193 1.028449
v -5.358547 -0.794211 0.500000
v -5.194443 -0.806420 0.571551
v -5.378588 -0.957544 0.571551
v -5.358547 -0.794211 1.100000
v -5.378588 -0.957544 1.028449
v -5.194443 -0.806420 1.028449
v -5.388547 -0.816461 0.500000
v -5.226430 -0.844696 0.571551
v -5.424501 -0.977043 0.571551
v -5.388547 -0.816461 1.100000
v -5.424501 -0.977043 1.028449
v -5.226430 -0.844696 1.028449
v -5.420584 -0.835663 0.500000
v -5.262015 -0.879653 0.571551
v -5.472104 -0.991948 0.571551
v -5.420584 -0.835663 1.100000
v -5.472104 -0.991948 1.028449
v -5.262015 -0.879653 1.028449
v -5.454349 -0.851632 0.500000
v -5.300856 -0.910953 0.571551
v -5.520939 -1.002115 0.571551
v -5.454349 -0.851632 1.100000
v -5.520939 -1.002115 1.028449
v -5.300856 -0.910953 1.028449
v -5.489516 -0.864215 0.500000
v -5.342577 -0.938295 0.571551
v -5.570536 -1.007446 0.571551
v -5.489516 -0.864215 1.100000
v -5.570536 -1.007446 1.028449
v -5.342577 -0.938295 1.028449
v -5.525748 -0.873291 0.500000
v -5.386776 -0.961417 0.571551
v -5.620416 -1.007891 0.571551
v -5.525748 -0.873291 1.100000
v -5.620416 -1.007891 1.028449
v -5.386776 -0.961417 1.028449
v -5.562695 -0.878771 0.500000
v -5.433030 -0.980094 0.571551
v -5.670100 -1.003444 0.571551
v -5.562695 -0.878771 1.100000
v -5.670100 -1.003444 1.028449
v -5.433030 -0.980094 1.028449
v -5.600000 -0.880604 0.500000
v -5.480891 -0.994148 0.571551
v -5.719109 -0.994149 0.571551
v -5.600000 -0.880604 1.100000
v -5.719109 -0.994148 1.028449
v -5.480891 -0.994149 1.028449
v -5.637305 -0.878771 0.500000
v -5.529900 -1.003444 0.571551
v -5.766970 -0.980094 0.571551
v -5.637305 -0.878771 1.100000
v -5.766970 -0.980094 1.028449
v -5.529900 -1.003444 1.028449
v -5.674252 -0.873291 0.500000
v -5.579584 -1.007891 0.571551
v -5.813223 -0.961417 0.571551
v -5.674252 -0.873291 1.100000
v -5.813223 -0.961417 1.028449
v -5.579584 -1.007891 1.028449
v -5.710484 -0.864215 0.500000
v -5.629464 -1.007446 0.571551
v -5.857423 -0.938295 0.571551
v -5.710484 -0.864215 1.100000
v -5.857423 -0.938295 1.028449
v -5.629464 -1.007446 1.028449
v -5.745651 -0.851632 0.500000
v -5.679060 -1.002115 0.571551
v -5.899144 -0.910953 0.571551
v -5.745651 -0.851632 1.100000
v -5.899144 -0.910953 1.028449
v -5.679060 -1.002115 1.028449
v -5.779416 -0.835663 0.500000
v -5.727896 -0.991948 0.571551
v -5.937984 -0.879653 0.571551
v -5.779416 -0.835663 1.100000
v -5.937984 -0.879653 1.028449
v -5.727896 -0.991948 1.028449
v -5.811452 -0.816461 0.500000
v -5.775499 -0.977043 0.571551
v -5.973569 -0.844696 0.571551
v -5.811452 -0.816461 1.100000
v -5.973569 -0.844696 1.028449
v -5.775499 -0.977043 1.028449
v -5.841453 -0.794211 0.500000
v -5.821412 -0.957544 0.571551
v -6.005557 -0.806420 0.571551
v -5.841453 -0.794211 1.100000
v -6.005557 -0.806420 1.028449
v -5.821412 -0.957544 1.028449
v -5.869128 -0.769128 0.500000
v -5.865193 -0.933638 0.571551
v -6.033638 -0.765193 0.571551
v -5.869128 -0.769128 1.100000
v -6.033638 -0.765193 1.028449
v -5.865193 -0.933638 1.028449
v -5.894211 -0.741453 0.500000
v -5.906420 -0.905557 0.571551
v -6.057544 -0.721412 0.571551
v -5.894211 -0.741453 1.100000
v -6.057544 -0.721412 1.028449
v -5.906420 -0.905557 1.028449
v -5.916461 -0.711452 0.500000
v -5.944696 -0.873569 0.571551
v -6.077043 -0.675499 0.571551
v -5.916461 -0.711452 1.100000
v -6.077043 -0.675499 1.028449
v -5.944696 -0.873569 1.028449
v -5.935663 -0.679416 0.500000
v -5.979653 -0.837984 0.571551
v -6.091948 -0.627896 0.571551
v -5.935663 -0.679416 1.100000
v -6.091948 -0.627896 1.028449
v -5.979653 -0.837984 1.028449
v -5.951632 -0.645651 0.500000
v -6.010953 -0.799144 0.571551
v -6.102115 -0.579061 0.571551
v -5.951632 -0.645651 1.100000
v -6.102115 -0.579061 1.028449
v -6.010953 -0.799144 1.028449
v -5.964215 -0.610484 0.500000
v -6.038295 -0.757423 0.571551
v -6.107446 -0.529464 0.571551
v -5.964215 -0.610484 1.100000
v -6.107446 -0.529464 1.028449
v -6.038295 -0.757423 1.028449
v -5.973291 -0.574252 0.500000
v -6.061417 -0.713223 0.571551
v -6.107891 -0.479584 0.571551
v -5.973291 -0.574252 1.100000
v -6.107891 -0.479584 1.028449
v -6.061417 -0.713224 1.028449
v -5.978771 -0.537305 0.500000
v -6.080094 -0.666970 0.571551
v -6.103444 -0.429900 0.571551
v -5.978771 -0.537305 1.100000
v -6.103444 -0.429900 1.028449
v -6.080094 -0.666970 1.028449
v -5.980604 -0.500000 0.500000
v -6.094149 -0.619108 0.571551
v -6.094149 -0.380892 0.571551
v -5.980604 -0.500000 1.100000
v -6.094149 -0.380892 1.028449
v -6.094149 -0.619108 1.028449
v -5.978771 -0.462694 0.500000
v -6.103444 -0.570100 0.571551
v -6.080094 -0.333030 0.571551
v -5.978771 -0.462695 1.100000
v -6.080094 -0.333030 1.028449
v -6.103444 -0.570100 1.028449
v -5.973291 -0.425748 0.500000
v -6.107891 -0.520416 0.571551
v -6.061417 -0.286776 0.571551
v -5.973291 -0.425748 1.100000
v -6.061417 -0.286777 1.028449
v -6.107891 -0.520416 1.028449
v -5.964215 -0.389516 0.500000
v -6.107446 -0.470536 0.571551
v -6.038295 -0.242577 0.571551
v -5.964215 -0.389516 1.100000
v -6.038295 -0.242577 1.028449
v -6.107446 -0.470536 1.028449
v -5.951632 -0.354349 0.500000
v -6.102115 -0.420939 0.571551
v -6.010953 -0.200856 0.571551
v -5.951632 -0.354349 1.100000
v -6.010953 -0.200856 1.028449
v -6.102115 -0.420939 1.028449
v -5.935663 -0.320584 0.500000
v -6.091948 -0.372104 0.571551
v -5.979653 -0.162016 0.571551
v -5.935663 -0.320584 1.100000
v -5.979653 -0.162016 1.028449
v -6.091948 -0.372104 1.028449
v -5.916461 -0.288548 0.500000
v -6.077043 -0.324501 0.571551
v -5.944696 -0.126431 0.571551
v -5.916461 -0.288548 1.100000
v -5.944696 -0.126431 1.028449
v -6.077043 -0.324501 1.028449
v -5.894211 -0.258547 0.500000
v -6.057544 -0.278588 0.571551
v -5.906420 -0.094443 0.571551
v -5.894211 -0.258547 1.100000
v -5.906420 -0.094443 1.028449
v -6.057544 -0.278588 1.028449
v -5.869128 -0.230872 0.500000
v -6.033638 -0.234807 0.571551
v -5.865193 -0.066362 0.571551
v -5.869128 -0.230872 1.100000
v -5.865193 -0.066362 1.028449
v -6.033638 -0.234807 1.028449
v -5.841453 -0.205789 0.500000
v -6.005557 -0.193580 0.571551
v -5.821412 -0.042456 0.571551
v -5.841453 -0.205789 1.100000
v -5.821412 -0.042456 1.028449
v -6.005557 -0.193580 1.028449
v -5.811452 -0.183539 0.500000
v -5.973569 -0.155304 0.571551
v -5.775499 -0.022957 0.571551
v -5.811452 -0.183539 1.100000
v -5.775499 -0.022957 1.028449
v -5.973569 -0.155304 1.028449
v -5.779416 -0.164337 0.500000
v -5.937984 -0.120347 0.571551
v -5.727896 -0.008052 0.571551
v -5.779416 -0.164337 1.100000
v -5.727896 -0.008052 1.028449
v -5.937984 -0.120347 1.028449
v -5.745651 -0.148368 0.500000
v -5.899144 -0.089047 0.571551
v -5.679060 0.002115 0.571551
v -5.745651 -0.148368 1.100000
v -5.679060 0.002115 1.028449
v -5.899144 -0.089047 1.028449
v -5.710484 -0.135785 0.500000
v -5.857423 -0.061705 0.571551
v -5.629464 0.007446 0.571551
v -5.710484 -0.135785 1.100000
v -5.629464 0.007446 1.028449
v -5.857423 -0.061705 1.028449
v -5.674252 -0.126709 0.500000
v -5.813223 -0.038583 0.571551
v -5.579584 0.007891 0.571551
v -5.674252 -0.126709 1.100000
v -5.579584 0.007891 1.028449
v -5.813223 -0.038583 1.028449
v -5.637305 -0.121229 0.500000
v -5.766970 -0.019906 0.571551
v -5.529900 0.003444 0.571551
v -5.637305 -0.121229 1.100000
v -5.529900 0.003444 1.028449
v -5.766970 -0.019906 1.028449
v -5.600000 -0.119396 1.048686
v -5.600000 -0.200636 1.000000
v -5.570657 -0.202078 1.000000
v -5.562695 -0.121229 1.048686
v -5.541597 -0.206389 1.000000
v -5.525748 -0.126709 1.048686
v -5.513099 -0.213527 1.000000
v -5.489516 -0.135785 1.048686
v -5.485438 -0.223424 1.000000
v -5.454349 -0.148368 1.048686
v -5.458881 -0.235985 1.000000
v -5.420584 -0.164337 1.048686
v -5.433682 -0.251088 1.000000
v -5.388547 -0.183539 1.048686
v -5.410086 -0.268589 1.000000
v -5.358547 -0.205789 1.048686
v -5.388318 -0.288318 1.000000
v -5.330872 -0.230872 1.048686
v -5.368589 -0.310086 1.000000
v -5.305789 -0.258547 1.048686
v -5.351088 -0.333682 1.000000
v -5.283539 -0.288548 1.048686
v -5.335985 -0.358881 1.000000
v -5.264337 -0.320584 1.048686
v -5.323424 -0.385439 1.000000
v -5.248368 -0.354349 1.048686
v -5.313527 -0.413099 1.000000
v -5.235785 -0.389516 1.048686
v -5.306388 -0.441597 1.000000
v -5.226709 -0.425748 1.048686
v -5.302078 -0.470657 1.000000
v -5.221229 -0.462695 1.048686
v -5.300636 -0.500000 1.000000
v -5.219396 -0.500000 1.048686
v -5.302078 -0.529343 1.000000
v -5.221229 -0.537305 1.048686
v -5.306388 -0.558403 1.000000
v -5.226709 -0.574252 1.048686
v -5.313527 -0.586901 1.000000
v -5.235785 -0.610484 1.048686
v -5.323424 -0.614562 1.000000
v -5.248368 -0.645651 1.048686
v -5.335985 -0.641119 1.000000
v -5.264337 -0.679416 1.048686
v -5.351089 -0.666318 1.000000
v -5.283539 -0.711452 1.048686
v -5.368588 -0.689914 1.000000
v -5.305789 -0.741453 1.048686
v -5.388318 -0.711682 1.000000
v -5.330872 -0.769128 1.048686
v -5.410086 -0.731411 1.000000
v -5.358547 -0.794211 1.048686
v -5.433682 -0.748912 1.000000
v -5.388547 -0.816461 1.048686
v -5.458881 -0.764015 1.000000
v -5.420584 -0.835663 1.048686
v -5.485438 -0.776576 1.000000
v -5.454349 -0.851632 1.048686
v -5.513099 -0.786473 1.000000
v -5.489516 -0.864215 1.048686
v -5.541597 -0.793611 1.000000
v -5.525748 -0.873291 1.048686
v -5.570657 -0.797922 1.000000
v -5.562695 -0.878771 1.048686
v -5.600000 -0.799364 1.000000
v -5.600000 -0.880604 1.048686
v -5.629343 -0.797922 1.000000
v -5.637305 -0.878771 1.048686
v -5.658403 -0.793611 1.000000
v -5.674252 -0.873291 1.048686
v -5.686901 -0.786473 1.000000
v -5.710484 -0.864215 1.048686
v -5.714561 -0.776576 1.000000
v -5.745651 -0.851632 1.048686
v -5.741119 -0.764015 1.000000
v -5.779416 -0.835663 1.048686
v -5.766318 -0.748912 1.000000
v -5.811452 -0.816461 1.048686
v -5.789914 -0.731411 1.000000
v -5.841453 -0.794211 1.048686
v -5.811682 -0.711682 1.000000
v -5.869128 -0.769128 1.048686
v -5.831411 -0.689914 1.000000
v -5.894211 -0.741453 1.048686
v -5.848912 -0.666318 1.000000
v -5.916461 -0.711452 1.048686
v -5.864015 -0.641119 1.000000
v -5.935663 -0.679416 1.048686
v -5.876576 -0.614562 1.000000
v -5.951632 -0.645651 1.048686
v -5.886473 -0.586901 1.000000
v -5.964215 -0.610484 1.048686
v -5.893611 -0.558403 1.000000
v -5.973291 -0.574252 1.048686
v -5.897922 -0.529343 1.000000
v -5.978771 -0.537305 1.048686
v -5.899364 -0.500000 1.000000
v -5.980604 -0.500000 1.048686
v -5.897922 -0.470657 1.000000
v -5.978771 -0.462695 1.048686
v -5.893611 -0.441597 1.000000
v -5.973291 -0.425748 1.048686
v -5.886473 -0.413099 1.000000
v -5.964215 -0.389516 1.048686
v -5.876576 -0.385439 1.000000
v -5.951632 -0.354349 1.048686
v -5.864015 -0.358881 1.000000
v -5.935663 -0.320584 1.048686
v -5.848911 -0.333682 1.000000
v -5.916461 -0.288548 1.048686
v -5.831411 -0.310086 1.000000
v -5.894211 -0.258547 1.048686
v -5.811682 -0.288318 1.000000
v -5.869128 -0.230872 1.048686
v -5.789914 -0.268589 1.000000
v -5.841453 -0.205789 1.048686
v -5.766318 -0.251088 1.000000
v -5.811452 -0.183539 1.048686
v -5.741119 -0.235985 1.000000
v -5.779416 -0.164337 1.048686
v -5.714561 -0.223424 1.000000
v -5.745651 -0.148368 1.048686
v -5.686901 -0.213527 1.000000
v -5.710484 -0.135785 1.048686
v -5.658403 -0.206389 1.000000
v -5.674252 -0.126709 1.048686
v -5.629343 -0.202078 1.000000
v -5.637305 -0.121229 1.048686
vn -0.8439 -0.1244 0.5220
vn -0.8439 -0.1244 -0.5220
vn 0.8520 -0.0410 -0.5220
vn 0.8520 -0.0410 0.5220
vn -0.8436 0.1260 0.5220
vn -0.8436 0.1260 -0.5220
vn 0.8034 -0.2866 -0.5220
vn 0.8034 -0.2866 0.5220
vn -0.8272 0.2080 0.5220
vn -0.8272 0.2080 -0.5220
vn 0.7714 -0.3640 -0.5220
vn 0.7714 -0.3640 0.5220
vn -0.8028 0.2881 0.5220
vn -0.8028 0.2881 -0.5220
vn 0.7320 -0.4378 -0.5220
vn 0.7320 -0.4378 0.5220
vn -0.7707 0.3654 0.5220
vn -0.7707 0.3654 -0.5220
vn 0.6856 -0.5075 -0.5220
vn 0.6856 -0.5075 0.5220
vn -0.7312 0.4392 0.5220
vn -0.7312 0.4392 -0.5220
vn 0.6325 -0.5722 -0.5220
vn 0.6325 -0.5722 0.5220
vn -0.6846 0.5088 0.5220
vn -0.6846 0.5088 -0.5220
vn 0.5734 -0.6315 -0.5220
vn 0.5734 -0.6315 0.5220
vn -0.6315 0.5734 0.5220
vn -0.6315 0.5734 -0.5220
vn 0.5088 -0.6846 -0.5220
vn 0.5088 -0.6846 0.5220
vn -0.5722 0.6325 0.5220
vn -0.5722 0.6325 -0.5220
vn 0.4392 -0.7312 -0.5220
vn 0.4392 -0.7312 0.5220
vn -0.5075 0.6856 0.5220
vn -0.5075 0.6856 -0.5220
vn 0.3654 -0.7707 -0.5220
vn 0.3654 -0.7707 0.5220
vn -0.4378 0.7320 0.5220
vn -0.4378 0.7320 -0.5220
vn 0.2881 -0.8028 -0.5220
vn 0.2881 -0.8028 0.5220
vn -0.3640 0.7714 0.5220
vn -0.3640 0.7714 -0.5220
vn 0.2080 -0.8272 -0.5220
vn 0.2080 -0.8272 0.5220
vn -0.2866 0.8034 0.5220
vn -0.2866 0.8034 -0.5220
vn 0.1260 -0.8436 -0.5220
vn 0.1260 -0.8436 0.5220
vn -0.2065 0.8276 0.5220
vn -0.2065 0.8276 -0.5220
vn 0.0427 -0.8519 -0.5220
vn 0.0427 -0.8519 0.5220
vn -0.1244 0.8438 0.5220
vn -0.1244 0.8439 -0.5220
vn -0.0410 -0.8520 -0.5220
vn -0.0410 -0.8520 0.5220
vn -0.0410 0.8520 0.5220
vn -0.0410 0.8520 -0.5220
vn -0.1244 -0.8438 -0.5220
vn -0.1244 -0.8439 0.5220
vn 0.0427 0.8519 0.5220
vn 0.0427 0.8519 -0.5220
vn -0.2065 -0.8276 -0.5220
vn -0.2065 -0.8276 0.5220
vn 0.1260 0.8436 0.5220
vn 0.1260 0.8436 -0.5220
vn -0.2866 -0.8034 -0.5220
vn -0.2866 -0.8034 0.5220
vn 0.2080 0.8272 0.5220
vn 0.2080 0.8272 -0.5220
vn -0.3640 -0.7714 -0.5220
vn -0.3640 -0.7714 0.5220
vn 0.2881 0.8028 0.5220
vn 0.2881 0.8028 -0.5220
vn -0.4378 -0.7320 -0.5220
vn -0.4378 -0.7320 0.5220
vn 0.3654 0.7707 0.5220
vn 0.3654 0.7707 -0.5220
vn -0.5075 -0.6856 -0.5220
vn -0.5075 -0.6856 0.5220
vn 0.4392 0.7312 0.5220
vn 0.4392 0.7312 -0.5220
vn -0.5722 -0.6325 -0.5220
vn -0.5722 -0.6325 0.5220
vn 0.5088 0.6846 0.5220
vn 0.5088 0.6846 -0.5220
vn -0.6315 -0.5734 -0.5220
vn -0.6315 -0.5734 0.5220
vn 0.5734 0.6315 0.5220
vn 0.5734 0.6315 -0.5220
vn -0.6846 -0.5088 -0.5220
vn -0.6846 -0.5088 0.5220
vn 0.6325 0.5722 0.5220
vn 0.6325 0.5722 -0.5220
vn -0.7312 -0.4392 -0.5220
vn -0.7312 -0.4392 0.5220
vn 0.6856 0.5075 0.5220
vn 0.6856 0.5075 -0.5220
vn -0.7707 -0.3654 -0.5220
vn -0.7707 -0.3654 0.5220
vn 0.7320 0.4378 0.5220
vn 0.7320 0.4378 -0.5220
vn -0.8028 -0.2881 -0.5220
vn -0.8028 -0.2881 0.5220
vn 0.7714 0.3640 0.5220
vn 0.7714 0.3640 -0.5220
vn -0.8272 -0.2080 -0.5220
vn -0.8272 -0.2080 0.5220
vn 0.8034 0.2866 0.5220
vn 0.8034 0.2866 -0.5220
vn -0.8436 -0.1260 -0.5220
vn -0.8436 -0.1260 0.5220
vn 0.8276 0.2065 0.5220
vn 0.8276 0.2065 -0.5220
vn -0.8519 -0.0427 -0.5220
vn -0.8519 -0.0427 0.5220
vn 0.8439 0.1244 0.5220
vn 0.8439 0.1244 -0.5220
vn -0.8520 0.0410 -0.5220
vn -0.8520 0.0410 0.5220
vn 0.8520 0.0410 0.5220
vn 0.8520 0.0410 -0.5220
vn -0.8439 0.1244 -0.5220
vn -0.8439 0.1244 0.5220
vn 0.8519 -0.0427 0.5220
vn 0.8519 -0.0427 -0.5220
vn -0.8276 0.2065 -0.5220
vn -0.8276 0.2065 0.5220
vn 0.8436 -0.1260 0.5220
vn 0.8436 -0.1260 -0.5220
vn -0.8034 0.2866 -0.5220
vn -0.8034 0.2866 0.5220
vn 0.8272 -0.2080 0.5220
vn 0.8272 -0.2080 -0.5220
vn -0.7714 0.3640 -0.5220
vn -0.7714 0.3640 0.5220
vn 0.8028 -0.2881 0.5220
vn 0.8028 -0.2881 -0.5220
vn -0.7320 0.4378 -0.5220
vn -0.7320 0.4378 0.5220
vn 0.7707 -0.3654 0.5220
vn 0.7707 -0.3654 -0.5220
vn -0.6856 0.5075 -0.5220
vn -0.6856 0.5075 0.5220
vn 0.7312 -0.4392 0.5220
vn 0.7312 -0.4392 -0.5220
vn -0.6325 0.5722 -0.5220
vn -0.6325 0.5722 0.5220
vn 0.6846 -0.5088 0.5220
vn 0.6846 -0.5088 -0.5220
vn -0.5734 0.6315 -0.5220
vn -0.5734 0.6315 0.5220
vn 0.6315 -0.5734 0.5220
vn 0.6315 -0.5734 -0.5220
vn -0.5088 0.6846 -0.5220
vn -0.5088 0.6846 0.5220
vn 0.5722 -0.6325 0.5220
vn 0.5722 -0.6325 -0.5220
vn -0.4392 0.7312 -0.5220
vn -0.4392 0.7312 0.5220
vn 0.5075 -0.6856 0.5220
vn 0.5075 -0.6856 -0.5220
vn -0.3654 0.7707 -0.5220
vn -0.3654 0.7707 0.5220
vn 0.4378 -0.7320 0.5220
vn 0.4378 -0.7320 -0.5220
vn -0.2881 0.8028 -0.5220
vn -0.2881 0.8028 0.5220
vn 0.3640 -0.7714 0.5220
vn 0.3640 -0.7714 -0.5220
vn -0.2080 0.8272 -0.5220
vn -0.2080 0.8272 0.5220
vn 0.2866 -0.8034 0.5220
vn 0.2866 -0.8034 -0.5220
vn -0.1260 0.8436 -0.5220
vn -0.1260 0.8436 0.5220
vn 0.2065 -0.8276 0.5220
vn 0.2065 -0.8276 -0.5220
vn -0.0427 0.8519 -0.5220
vn -0.0427 0.8519 0.5220
vn 0.1244 -0.8438 0.5220
vn 0.1244 -0.8439 -0.5220
vn 0.0410 0.8520 -0.5220
vn 0.0410 0.8520 0.5220
vn 0.0410 -0.8520 0.5220
vn 0.0410 -0.8520 -0.5220
vn 0.1244 0.8438 -0.5220
vn 0.1244 0.8439 0.5220
vn -0.0427 -0.8519 0.5220
vn -0.0427 -0.8519 -0.5220
vn 0.2065 0.8276 -0.5220
vn 0.2065 0.8276 0.5220
vn -0.1260 -0.8436 0.5220
vn -0.1260 -0.8436 -0.5220
vn 0.2866 0.8034 -0.5220
vn 0.2866 0.8034 0.5220
vn -0.2080 -0.8272 0.5220
vn -0.2080 -0.8272 -0.5220
vn 0.3640 0.7714 -0.5220
vn 0.3640 0.7714 0.5220
vn -0.2881 -0.8028 0.5220
vn -0.2881 -0.8028 -0.5220
vn 0.4378 0.7320 -0.5220
vn 0.4378 0.7320 0.5220
vn -0.3654 -0.7707 0.5220
vn -0.3654 -0.7707 -0.5220
vn 0.5075 0.6856 -0.5220
vn 0.5075 0.6856 0.5220
vn -0.4392 -0.7312 0.5220
vn -0.4392 -0.7312 -0.5220
vn 0.5722 0.6325 -0.5220
vn 0.5722 0.6325 0.5220
vn -0.5088 -0.6846 0.5220
vn -0.5088 -0.6846 -0.5220
vn 0.6315 0.5734 -0.5220
vn 0.6315 0.5734 0.5220
vn -0.5734 -0.6315 0.5220
vn -0.5734 -0.6315 -0.5220
vn 0.6846 0.5088 -0.5220
vn 0.6846 0.5088 0.5220
vn -0.6325 -0.5722 0.5220
vn -0.6325 -0.5722 -0.5220
vn 0.7312 0.4392 -0.5220
vn 0.7312 0.4392 0.5220
vn -0.6856 -0.5075 0.5220
vn -0.6856 -0.5075 -0.5220
vn 0.7707 0.3654 -0.5220
vn 0.7707 0.3654 0.5220
vn -0.7320 -0.4378 0.5220
vn -0.7320 -0.4378 -0.5220
vn 0.8028 0.2881 -0.5220
vn 0.8028 0.2881 0.5220
vn -0.7714 -0.3640 0.5220
vn -0.7714 -0.3640 -0.5220
vn 0.8272 0.2080 -0.5220
vn 0.8272 0.2080 0.5220
vn -0.8034 -0.2866 0.5220
vn -0.8034 -0.2866 -0.5220
vn 0.8436 0.1260 -0.5220
vn 0.8436 0.1260 0.5220
vn -0.8276 -0.2065 0.5220
vn -0.8276 -0.2065 -0.5220
vn 0.8519 0.0427 -0.5220
vn 0.8519 0.0427 0.5220
vn -0.8519 0.0427 0.5220
vn -0.8519 0.0427 -0.5220
vn 0.8276 -0.2065 -0.5220
vn 0.8276 -0.2065 0.5220
vn -0.3721 -0.8983 -0.2335
vn -0.2823 -0.9305 -0.2335
vn -0.2398 -0.7905 0.5635
vn -0.3161 -0.7632 0.5635
vn -0.8520 -0.0410 0.5220
vn -0.8520 -0.0410 -0.5220
vn 0.8439 -0.1244 -0.5220
vn 0.8439 -0.1244 0.5220
vn -0.0000 -0.1124 -0.9937
vn -0.0000 -0.9724 -0.2335
vn -0.0110 -0.1119 -0.9937
vn -0.0953 -0.9677 -0.2335
vn -0.0219 -0.1102 -0.9937
vn -0.1897 -0.9537 -0.2335
vn -0.0326 -0.1076 -0.9937
vn -0.0430 -0.1038 -0.9937
vn -0.0530 -0.0991 -0.9937
vn -0.4584 -0.8575 -0.2335
vn -0.0624 -0.0935 -0.9937
vn -0.5402 -0.8085 -0.2335
vn -0.0713 -0.0869 -0.9937
vn -0.6169 -0.7516 -0.2335
vn -0.0795 -0.0795 -0.9937
vn -0.6876 -0.6876 -0.2335
vn -0.0869 -0.0713 -0.9937
vn -0.7516 -0.6169 -0.2335
vn -0.0935 -0.0624 -0.9937
vn -0.8085 -0.5402 -0.2335
vn -0.0991 -0.0530 -0.9937
vn -0.8575 -0.4584 -0.2335
vn -0.1038 -0.0430 -0.9937
vn -0.8983 -0.3721 -0.2335
vn -0.1076 -0.0326 -0.9937
vn -0.9305 -0.2823 -0.2335
vn -0.1102 -0.0219 -0.9937
vn -0.9537 -0.1897 -0.2335
vn -0.1119 -0.0110 -0.9937
vn -0.9677 -0.0953 -0.2335
vn -0.1124 -0.0000 -0.9937
vn -0.9724 -0.0000 -0.2335
vn -0.1119 0.0110 -0.9937
vn -0.9677 0.0953 -0.2335
vn -0.1102 0.0219 -0.9937
vn -0.9537 0.1897 -0.2335
vn -0.1076 0.0326 -0.9937
vn -0.9305 0.2823 -0.2335
vn -0.1038 0.0430 -0.9937
vn -0.8983 0.3721 -0.2335
vn -0.0991 0.0530 -0.9937
vn -0.8575 0.4584 -0.2335
vn -0.0935 0.0624 -0.9937
vn -0.8085 0.5402 -0.2335
vn -0.0869 0.0713 -0.9937
vn -0.7516 0.6169 -0.2335
vn -0.0795 0.0795 -0.9937
vn -0.6876 0.6876 -0.2335
vn -0.0713 0.0869 -0.9937
vn -0.6169 0.7516 -0.2335
vn -0.0624 0.0935 -0.9937
vn -0.5402 0.8085 -0.2335
vn -0.0530 0.0991 -0.9937
vn -0.4584 0.8575 -0.2335
vn -0.0430 0.1038 -0.9937
vn -0.3721 0.8983 -0.2335
vn -0.0326 0.1076 -0.9937
vn -0.2823 0.9305 -0.2335
vn -0.0219 0.1102 -0.9937
vn -0.1897 0.9537 -0.2335
vn -0.0110 0.1119 -0.9937
vn -0.0953 0.9677 -0.2335
vn -0.0000 0.1124 -0.9937
vn -0.0000 0.9724 -0.2335
vn 0.0110 0.1119 -0.9937
vn 0.0953 0.9677 -0.2335
vn 0.0219 0.1102 -0.9937
vn 0.1897 0.9537 -0.2335
vn 0.0326 0.1076 -0.9937
vn 0.2823 0.9305 -0.2335
vn 0.0430 0.1038 -0.9937
vn 0.3721 0.8983 -0.2335
vn 0.0530 0.0991 -0.9937
vn 0.4584 0.8575 -0.2335
vn 0.0624 0.0935 -0.9937
vn 0.5402 0.8085 -0.2335
vn 0.0713 0.0869 -0.9937
vn 0.6169 0.7516 -0.2335
vn 0.0795 0.0795 -0.9937
vn 0.6876 0.6876 -0.2335
vn 0.0869 0.0713 -0.9937
vn 0.7516 0.6169 -0.2335
vn 0.0935 0.0624 -0.9937
vn 0.8085 0.5402 -0.2335
vn 0.0991 0.0530 -0.9937
vn 0.8575 0.4584 -0.2335
vn 0.1038 0.0430 -0.9937
vn 0.8983 0.3721 -0.2335
vn 0.1076 0.0326 -0.9937
vn 0.9305 0.2823 -0.2335
vn 0.1102 0.0219 -0.9937
vn 0.9537 0.1897 -0.2335
vn 0.1119 0.0110 -0.9937
vn 0.9677 0.0953 -0.2335
vn 0.1124 -0.0000 -0.9937
vn 0.9724 -0.0000 -0.2335
vn 0.1119 -0.0110 -0.9937
vn 0.9677 -0.0953 -0.2335
vn 0.1102 -0.0219 -0.9937
vn 0.9537 -0.1897 -0.2335
vn 0.1076 -0.0326 -0.9937
vn 0.9305 -0.2823 -0.2335
vn 0.1038 -0.0430 -0.9937
vn 0.8983 -0.3721 -0.2335
vn 0.0991 -0.0530 -0.9937
vn 0.8575 -0.4584 -0.2335
vn 0.0935 -0.0624 -0.9937
vn 0.8085 -0.5402 -0.2335
vn 0.0869 -0.0713 -0.9937
vn 0.7516 -0.6169 -0.2335
vn 0.0795 -0.0795 -0.9937
vn 0.6876 -0.6876 -0.2335
vn 0.0713 -0.0869 -0.9937
vn 0.6169 -0.7516 -0.2335
vn 0.0624 -0.0935 -0.9937
vn 0.5402 -0.8085 -0.2335
vn 0.0530 -0.0991 -0.9937
vn 0.4584 -0.8575 -0.2335
vn 0.0430 -0.1038 -0.9937
vn 0.3721 -0.8983 -0.2335
vn 0.0326 -0.1076 -0.9937
vn 0.2823 -0.9305 -0.2335
vn 0.0219 -0.1102 -0.9937
vn 0.1897 -0.9537 -0.2335
vn 0.0110 -0.1119 -0.9937
vn 0.0953 -0.9677 -0.2335
vn 0.0810 -0.8221 0.5635
vn -0.0000 -0.8261 0.5635
vn 0.4590 0.6869 0.5635
vn 0.5241 0.6386 0.5635
vn -0.5241 0.6386 0.5635
vn -0.4590 0.6869 0.5635
vn 0.3161 -0.7632 0.5635
vn 0.2398 -0.7905 0.5635
vn -0.7632 -0.3161 0.5635
vn -0.7905 -0.2398 0.5635
vn 0.8221 0.0810 0.5635
vn 0.8261 -0.0000 0.5635
vn 0.1612 0.8102 0.5635
vn 0.2398 0.7905 0.5635
vn -0.7286 0.3894 0.5635
vn -0.6869 0.4590 0.5635
vn 0.5841 -0.5841 0.5635
vn 0.5241 -0.6386 0.5635
vn -0.5841 -0.5841 0.5635
vn -0.6386 -0.5241 0.5635
vn 0.7286 0.3894 0.5635
vn 0.7632 0.3161 0.5635
vn -0.1612 0.8102 0.5635
vn -0.0810 0.8221 0.5635
vn -0.8221 0.0810 0.5635
vn -0.8102 0.1612 0.5635
vn 0.7632 -0.3161 0.5635
vn 0.7286 -0.3894 0.5635
vn -0.3894 -0.7286 0.5635
vn 0.5841 0.5841 0.5635
vn -0.3894 0.7286 0.5635
vn 0.1612 -0.8102 0.5635
vn -0.8102 -0.1612 0.5635
vn 0.8221 -0.0810 0.5635
vn 0.3161 0.7632 0.5635
vn -0.6386 0.5241 0.5635
vn 0.4590 -0.6869 0.5635
vn -0.6869 -0.4590 0.5635
vn 0.7905 0.2398 0.5635
vn -0.0000 0.8261 0.5635
vn -0.7905 0.2398 0.5635
vn 0.6869 -0.4590 0.5635
vn -0.4590 -0.6869 0.5635
vn -0.0243 -0.2469 0.9687
vn -0.0000 -0.2481 0.9687
vn 0.0243 -0.2469 0.9687
vn 0.0484 -0.2433 0.9687
vn 0.0720 -0.2374 0.9687
vn 0.0949 -0.2292 0.9687
vn 0.1169 -0.2188 0.9687
vn 0.1378 -0.2063 0.9687
vn 0.1574 -0.1917 0.9687
vn 0.1754 -0.1754 0.9687
vn 0.1917 -0.1574 0.9687
vn 0.2063 -0.1378 0.9687
vn 0.2188 -0.1169 0.9687
vn 0.2292 -0.0949 0.9687
vn 0.2374 -0.0720 0.9687
vn 0.2433 -0.0484 0.9687
vn 0.2469 -0.0243 0.9687
vn 0.2481 -0.0000 0.9687
vn 0.2469 0.0243 0.9687
vn 0.2433 0.0484 0.9687
vn 0.2374 0.0720 0.9687
vn 0.2292 0.0949 0.9687
vn 0.2188 0.1169 0.9687
vn 0.2063 0.1378 0.9687
vn 0.1917 0.1574 0.9687
vn 0.1754 0.1754 0.9687
vn 0.1574 0.1917 0.9687
vn 0.1378 0.2063 0.9687
vn 0.1169 0.2188 0.9687
vn 0.0949 0.2292 0.9687
vn 0.0720 0.2374 0.9687
vn 0.0484 0.2433 0.9687
vn 0.0243 0.2469 0.9687
vn -0.0000 0.2481 0.9687
vn -0.0243 0.2469 0.9687
vn -0.0484 0.2433 0.9687
vn -0.0720 0.2374 0.9687
vn -0.0949 0.2292 0.9687
vn -0.1169 0.2188 0.9687
vn -0.1378 0.2063 0.9687
vn -0.1574 0.1917 0.9687
vn -0.1754 0.1754 0.9687
vn -0.1917 0.1574 0.9687
vn -0.2063 0.1378 0.9687
vn -0.2188 0.1169 0.9687
vn -0.2292 0.0949 0.9687
vn -0.2374 0.0720 0.9687
vn -0.2433 0.0484 0.9687
vn -0.2469 0.0243 0.9687
vn -0.2481 -0.0000 0.9687
vn -0.2469 -0.0243 0.9687
vn -0.2433 -0.0484 0.9687
vn -0.2374 -0.0720 0.9687
vn -0.2292 -0.0949 0.9687
vn -0.2188 -0.1169 0.9687
vn -0.2063 -0.1378 0.9687
vn -0.1917 -0.1574 0.9687
vn -0.1754 -0.1754 0.9687
vn -0.1574 -0.1917 0.9687
vn -0.1378 -0.2063 0.9687
vn -0.1169 -0.2188 0.9687
vn -0.0949 -0.2292 0.9687
vn -0.0720 -0.2374 0.9687
vn -0.0484 -0.2433 0.9687
vn 0.6386 0.5241 0.5635
vn -0.3161 0.7632 0.5635
vn -0.8221 -0.0810 0.5635
vn 0.8102 -0.1612 0.5635
vn 0.3894 0.7286 0.5635
vn -0.5841 0.5841 0.5635
vn 0.3894 -0.7286 0.5635
vn -0.7286 -0.3894 0.5635
vn 0.8102 0.1612 0.5635
vn 0.0810 0.8221 0.5635
vn -0.7632 0.3161 0.5635
vn 0.6386 -0.5241 0.5635
vn -0.5241 -0.6386 0.5635
vn 0.6869 0.4590 0.5635
vn -0.2398 0.7905 0.5635
vn -0.8261 -0.0000 0.5635
vn 0.7905 -0.2398 0.5635
vn -0.1612 -0.8102 0.5635
vn -0.0810 -0.8221 0.5635
vt 0.750000 0.432690
vt 0.037974 0.559626
vt 0.726476 0.488844
vt 0.962026 0.559626
vt 0.773524 0.488844
vt 0.000000 0.559626
vt 0.250000 0.432690
vt 0.962025 0.940374
vt 0.273524 0.488844
vt 0.000000 0.940374
vt 0.037974 0.940374
vt 0.226476 0.488844
vt 0.767906 0.431810
vt 0.750000 0.490000
vt 1.022349 0.559626
vt 0.946401 0.559626
vt 0.796822 0.485388
vt 0.267907 0.431810
vt 0.946401 0.940374
vt 0.296822 0.485388
vt 0.250000 0.490000
vt 1.022349 0.940374
vt 0.785641 0.429179
vt 0.773524 0.488844
vt 1.006724 0.559626
vt 0.930776 0.559626
vt 0.819668 0.479666
vt 0.285641 0.429180
vt 0.930776 0.940374
vt 0.319668 0.479666
vt 0.273524 0.488844
vt 1.006724 0.940374
vt 0.803032 0.424823
vt 0.796822 0.485388
vt 0.991099 0.559626
vt 0.915151 0.559626
vt 0.841844 0.471731
vt 0.303032 0.424823
vt 0.915151 0.940374
vt 0.341844 0.471731
vt 0.296822 0.485388
vt 0.991099 0.940374
vt 0.819912 0.418783
vt 0.819668 0.479666
vt 0.975474 0.559626
vt 0.899526 0.559626
vt 0.863135 0.461661
vt 0.319912 0.418784
vt 0.899526 0.940374
vt 0.363135 0.461661
vt 0.319668 0.479666
vt 0.975474 0.940374
vt 0.836120 0.411118
vt 0.841844 0.471731
vt 0.959849 0.559626
vt 0.883901 0.559626
vt 0.883337 0.449553
vt 0.336119 0.411118
vt 0.883901 0.940374
vt 0.383337 0.449553
vt 0.341844 0.471731
vt 0.959849 0.940374
vt 0.851497 0.401901
vt 0.863135 0.461661
vt 0.944224 0.559626
vt 0.868276 0.559626
vt 0.902254 0.435522
vt 0.351497 0.401901
vt 0.868276 0.940374
vt 0.402254 0.435522
vt 0.363135 0.461661
vt 0.944224 0.940374
vt 0.865897 0.391221
vt 0.883337 0.449553
vt 0.928599 0.559626
vt 0.852651 0.559626
vt 0.919706 0.419706
vt 0.365897 0.391221
vt 0.852651 0.940374
vt 0.419706 0.419706
vt 0.383337 0.449553
vt 0.928599 0.940374
vt 0.879181 0.379181
vt 0.902254 0.435522
vt 0.912974 0.559626
vt 0.837026 0.559626
vt 0.935522 0.402254
vt 0.379181 0.379181
vt 0.837026 0.940374
vt 0.435522 0.402254
vt 0.402254 0.435522
vt 0.912974 0.940374
vt 0.891221 0.365897
vt 0.919706 0.419706
vt 0.897349 0.559626
vt 0.821401 0.559626
vt 0.949553 0.383337
vt 0.391221 0.365897
vt 0.821401 0.940374
vt 0.449553 0.383337
vt 0.419706 0.419706
vt 0.897350 0.940374
vt 0.901901 0.351497
vt 0.935522 0.402254
vt 0.881724 0.559626
vt 0.805776 0.559626
vt 0.961661 0.363135
vt 0.401901 0.351497
vt 0.805776 0.940374
vt 0.461661 0.363135
vt 0.435522 0.402254
vt 0.881724 0.940374
vt 0.911118 0.336120
vt 0.949553 0.383337
vt 0.866099 0.559626
vt 0.790151 0.559626
vt 0.971731 0.341844
vt 0.411118 0.336120
vt 0.790151 0.940374
vt 0.471731 0.341844
vt 0.449553 0.383337
vt 0.866099 0.940374
vt 0.918783 0.319912
vt 0.961661 0.363135
vt 0.850474 0.559626
vt 0.774526 0.559626
vt 0.979666 0.319668
vt 0.418784 0.319912
vt 0.774526 0.940374
vt 0.479666 0.319668
vt 0.461661 0.363135
vt 0.850474 0.940374
vt 0.924823 0.303032
vt 0.971731 0.341844
vt 0.834849 0.559626
vt 0.758901 0.559626
vt 0.985388 0.296822
vt 0.424823 0.303032
vt 0.758901 0.940374
vt 0.485388 0.296822
vt 0.471731 0.341844
vt 0.834849 0.940374
vt 0.929180 0.285641
vt 0.979666 0.319668
vt 0.819224 0.559626
vt 0.743276 0.559626
vt 0.988844 0.273524
vt 0.429180 0.285641
vt 0.743276 0.940374
vt 0.488844 0.273524
vt 0.479666 0.319668
vt 0.819224 0.940374
vt 0.931810 0.267907
vt 0.985388 0.296822
vt 0.803599 0.559626
vt 0.727651 0.559626
vt 0.990000 0.250000
vt 0.431810 0.267907
vt 0.727651 0.940374
vt 0.490000 0.250000
vt 0.485388 0.296822
vt 0.803599 0.940374
vt 0.932690 0.250000
vt 0.988844 0.273524
vt 0.787974 0.559626
vt 0.712026 0.559626
vt 0.988844 0.226476
vt 0.432690 0.250000
vt 0.712026 0.940374
vt 0.488844 0.226476
vt 0.488844 0.273524
vt 0.787975 0.940374
vt 0.931810 0.232093
vt 0.990000 0.250000
vt 0.772349 0.559626
vt 0.696401 0.559626
vt 0.985388 0.203178
vt 0.431810 0.232093
vt 0.696401 0.940374
vt 0.485388 0.203178
vt 0.490000 0.250000
vt 0.772349 0.940374
vt 0.929180 0.214359
vt 0.988844 0.226476
vt 0.756724 0.559626
vt 0.680776 0.559626
vt 0.979666 0.180332
vt 0.429180 0.214359
vt 0.680776 0.940374
vt 0.479666 0.180332
vt 0.488844 0.226476
vt 0.756724 0.940374
vt 0.924823 0.196968
vt 0.985388 0.203178
vt 0.741099 0.559626
vt 0.665151 0.559626
vt 0.971731 0.158156
vt 0.424823 0.196968
vt 0.665151 0.940374
vt 0.471731 0.158156
vt 0.485388 0.203178
vt 0.741099 0.940374
vt 0.918783 0.180088
vt 0.979666 0.180332
vt 0.725474 0.559626
vt 0.649526 0.559626
vt 0.961661 0.136865
vt 0.418784 0.180088
vt 0.649526 0.940374
vt 0.461661 0.136865
vt 0.479666 0.180332
vt 0.725474 0.940374
vt 0.911118 0.163880
vt 0.971731 0.158156
vt 0.709849 0.559626
vt 0.633901 0.559626
vt 0.949553 0.116663
vt 0.411118 0.163881
vt 0.633901 0.940374
vt 0.449553 0.116663
vt 0.471731 0.158156
vt 0.709849 0.940374
vt 0.901901 0.148503
vt 0.961661 0.136865
vt 0.694224 0.559626
vt 0.618276 0.559626
vt 0.935522 0.097746
vt 0.401901 0.148503
vt 0.618276 0.940374
vt 0.435522 0.097746
vt 0.461661 0.136865
vt 0.694224 0.940374
vt 0.891221 0.134103
vt 0.949553 0.116663
vt 0.678599 0.559626
vt 0.602651 0.559626
vt 0.919706 0.080294
vt 0.391221 0.134103
vt 0.602651 0.940374
vt 0.419706 0.080294
vt 0.449553 0.116663
vt 0.678599 0.940374
vt 0.879181 0.120819
vt 0.935522 0.097746
vt 0.662974 0.559626
vt 0.587026 0.559626
vt 0.902254 0.064478
vt 0.379181 0.120819
vt 0.587026 0.940374
vt 0.402254 0.064478
vt 0.435522 0.097746
vt 0.662974 0.940374
vt 0.865897 0.108779
vt 0.919706 0.080294
vt 0.647349 0.559626
vt 0.571401 0.559626
vt 0.883337 0.050447
vt 0.365897 0.108779
vt 0.571401 0.940374
vt 0.383337 0.050447
vt 0.419706 0.080294
vt 0.647349 0.940374
vt 0.851497 0.098099
vt 0.902254 0.064478
vt 0.631724 0.559626
vt 0.555776 0.559626
vt 0.863135 0.038339
vt 0.351497 0.098099
vt 0.555776 0.940374
vt 0.363135 0.038339
vt 0.402254 0.064478
vt 0.631724 0.940374
vt 0.836120 0.088882
vt 0.883337 0.050447
vt 0.616099 0.559626
vt 0.540151 0.559626
vt 0.841844 0.028269
vt 0.336120 0.088882
vt 0.540151 0.940374
vt 0.341844 0.028269
vt 0.383337 0.050447
vt 0.616099 0.940374
vt 0.819913 0.081217
vt 0.863135 0.038339
vt 0.600474 0.559626
vt 0.524526 0.559626
vt 0.819668 0.020334
vt 0.319912 0.081217
vt 0.524526 0.940374
vt 0.319668 0.020334
vt 0.363135 0.038339
vt 0.600474 0.940374
vt 0.803032 0.075177
vt 0.841844 0.028269
vt 0.584849 0.559626
vt 0.508901 0.559626
vt 0.796822 0.014612
vt 0.303032 0.075177
vt 0.508901 0.940374
vt 0.296822 0.014612
vt 0.341844 0.028269
vt 0.584849 0.940374
vt 0.785641 0.070820
vt 0.819668 0.020334
vt 0.569224 0.559626
vt 0.493276 0.559626
vt 0.773524 0.011156
vt 0.285641 0.070820
vt 0.493276 0.940374
vt 0.273524 0.011156
vt 0.319668 0.020334
vt 0.569224 0.940374
vt 0.767907 0.068190
vt 0.796822 0.014612
vt 0.553599 0.559626
vt 0.477651 0.559626
vt 0.750000 0.010000
vt 0.267907 0.068190
vt 0.477651 0.940374
vt 0.250000 0.010000
vt 0.296822 0.014612
vt 0.553599 0.940374
vt 0.750000 0.067310
vt 0.773524 0.011156
vt 0.537974 0.559626
vt 0.462026 0.559626
vt 0.726476 0.011156
vt 0.250000 0.067310
vt 0.462026 0.940374
vt 0.226476 0.011156
vt 0.273524 0.011156
vt 0.537974 0.940374
vt 0.732093 0.068190
vt 0.750000 0.010000
vt 0.522349 0.559626
vt 0.446401 0.559626
vt 0.703178 0.014612
vt 0.232093 0.068190
vt 0.446401 0.940374
vt 0.203178 0.014612
vt 0.250000 0.010000
vt 0.522349 0.940374
vt 0.714359 0.070820
vt 0.726476 0.011156
vt 0.506724 0.559626
vt 0.430776 0.559626
vt 0.680332 0.020334
vt 0.214359 0.070820
vt 0.430776 0.940374
vt 0.180332 0.020334
vt 0.226476 0.011156
vt 0.506724 0.940374
vt 0.696968 0.075177
vt 0.703178 0.014612
vt 0.491099 0.559626
vt 0.415151 0.559626
vt 0.658156 0.028269
vt 0.196968 0.075177
vt 0.415151 0.940374
vt 0.158156 0.028269
vt 0.203178 0.014612
vt 0.491099 0.940374
vt 0.680088 0.081217
vt 0.680332 0.020334
vt 0.475474 0.559626
vt 0.399526 0.559626
vt 0.636865 0.038339
vt 0.180088 0.081217
vt 0.399526 0.940374
vt 0.136865 0.038339
vt 0.180332 0.020334
vt 0.475474 0.940374
vt 0.663880 0.088882
vt 0.658156 0.028269
vt 0.459849 0.559626
vt 0.383901 0.559626
vt 0.616663 0.050447
vt 0.163880 0.088882
vt 0.383901 0.940374
vt 0.116663 0.050447
vt 0.158156 0.028269
vt 0.459849 0.940374
vt 0.648503 0.098099
vt 0.636865 0.038339
vt 0.444224 0.559626
vt 0.368276 0.559626
vt 0.597746 0.064478
vt 0.148503 0.098099
vt 0.368276 0.940374
vt 0.097746 0.064478
vt 0.136865 0.038339
vt 0.444224 0.940374
vt 0.634103 0.108779
vt 0.616663 0.050447
vt 0.428599 0.559626
vt 0.352651 0.559626
vt 0.580294 0.080294
vt 0.134103 0.108779
vt 0.352651 0.940374
vt 0.080294 0.080294
vt 0.116663 0.050447
vt 0.428599 0.940374
vt 0.620819 0.120819
vt 0.597746 0.064478
vt 0.412974 0.559626
vt 0.337026 0.559626
vt 0.564478 0.097746
vt 0.120819 0.120819
vt 0.337026 0.940374
vt 0.064478 0.097746
vt 0.097746 0.064478
vt 0.412974 0.940374
vt 0.608779 0.134103
vt 0.580294 0.080294
vt 0.397349 0.559626
vt 0.321401 0.559626
vt 0.550447 0.116663
vt 0.108779 0.134103
vt 0.321401 0.940374
vt 0.050447 0.116663
vt 0.080294 0.080294
vt 0.397349 0.940374
vt 0.598099 0.148503
vt 0.564478 0.097746
vt 0.381724 0.559626
vt 0.305776 0.559626
vt 0.538339 0.136865
vt 0.098099 0.148503
vt 0.305776 0.940374
vt 0.038339 0.136865
vt 0.064478 0.097746
vt 0.381724 0.940374
vt 0.588882 0.163881
vt 0.550447 0.116663
vt 0.366099 0.559626
vt 0.290151 0.559626
vt 0.528269 0.158156
vt 0.088882 0.163880
vt 0.290151 0.940374
vt 0.028269 0.158156
vt 0.050447 0.116663
vt 0.366099 0.940374
vt 0.581216 0.180088
vt 0.538339 0.136865
vt 0.350474 0.559626
vt 0.274526 0.559626
vt 0.520334 0.180332
vt 0.081217 0.180088
vt 0.274526 0.940374
vt 0.020334 0.180332
vt 0.038339 0.136865
vt 0.350474 0.940374
vt 0.575177 0.196968
vt 0.528269 0.158156
vt 0.334849 0.559626
vt 0.258901 0.559626
vt 0.514612 0.203178
vt 0.075177 0.196968
vt 0.258901 0.940374
vt 0.014612 0.203178
vt 0.028269 0.158156
vt 0.334849 0.940374
vt 0.570820 0.214359
vt 0.520334 0.180332
vt 0.319224 0.559626
vt 0.243276 0.559626
vt 0.511156 0.226476
vt 0.070820 0.214359
vt 0.243276 0.940374
vt 0.011156 0.226476
vt 0.020334 0.180332
vt 0.319224 0.940374
vt 0.568190 0.232093
vt 0.514612 0.203178
vt 0.303599 0.559626
vt 0.227651 0.559626
vt 0.510000 0.250000
vt 0.068190 0.232093
vt 0.227651 0.940374
vt 0.010000 0.250000
vt 0.014612 0.203178
vt 0.303599 0.940374
vt 0.567310 0.250000
vt 0.511156 0.226476
vt 0.287974 0.559626
vt 0.212026 0.559626
vt 0.511156 0.273524
vt 0.067310 0.250000
vt 0.212026 0.940374
vt 0.011156 0.273524
vt 0.011156 0.226476
vt 0.287974 0.940374
vt 0.568190 0.267907
vt 0.510000 0.250000
vt 0.272349 0.559626
vt 0.196401 0.559626
vt 0.514612 0.296822
vt 0.068190 0.267907
vt 0.196401 0.940374
vt 0.014612 0.296822
vt 0.010000 0.250000
vt 0.272349 0.940374
vt 0.570821 0.285641
vt 0.511156 0.273524
vt 0.256724 0.559626
vt 0.180776 0.559626
vt 0.520334 0.319668
vt 0.070820 0.285641
vt 0.180776 0.940374
vt 0.020334 0.319668
vt 0.011156 0.273524
vt 0.256724 0.940374
vt 0.575177 0.303032
vt 0.514612 0.296822
vt 0.241099 0.559626
vt 0.165151 0.559626
vt 0.528269 0.341844
vt 0.075177 0.303032
vt 0.165151 0.940374
vt 0.028269 0.341844
vt 0.014612 0.296822
vt 0.241099 0.940374
vt 0.581216 0.319912
vt 0.520334 0.319668
vt 0.225474 0.559626
vt 0.149526 0.559626
vt 0.538339 0.363135
vt 0.081217 0.319912
vt 0.149526 0.940374
vt 0.038339 0.363135
vt 0.020334 0.319668
vt 0.225474 0.940374
vt 0.588882 0.336120
vt 0.528269 0.341844
vt 0.209849 0.559626
vt 0.133901 0.559626
vt 0.550447 0.383337
vt 0.088882 0.336120
vt 0.133901 0.940374
vt 0.050447 0.383337
vt 0.028269 0.341844
vt 0.209849 0.940374
vt 0.598099 0.351497
vt 0.538339 0.363135
vt 0.194224 0.559626
vt 0.118276 0.559626
vt 0.564478 0.402254
vt 0.098099 0.351497
vt 0.118276 0.940374
vt 0.064478 0.402254
vt 0.038339 0.363135
vt 0.194224 0.940374
vt 0.608779 0.365897
vt 0.550447 0.383337
vt 0.178599 0.559626
vt 0.102651 0.559626
vt 0.580294 0.419706
vt 0.108779 0.365897
vt 0.102651 0.940374
vt 0.080294 0.419706
vt 0.050447 0.383337
vt 0.178599 0.940374
vt 0.620819 0.379181
vt 0.564478 0.402254
vt 0.162974 0.559626
vt 0.087026 0.559626
vt 0.597746 0.435522
vt 0.120819 0.379181
vt 0.087026 0.940374
vt 0.097746 0.435522
vt 0.064478 0.402254
vt 0.162974 0.940374
vt 0.634103 0.391221
vt 0.580294 0.419706
vt 0.147349 0.559626
vt 0.071401 0.559626
vt 0.616663 0.449553
vt 0.134103 0.391221
vt 0.071401 0.940374
vt 0.116663 0.449553
vt 0.080294 0.419706
vt 0.147349 0.940374
vt 0.648503 0.401901
vt 0.597746 0.435522
vt 0.131724 0.559626
vt 0.055776 0.559626
vt 0.636865 0.461661
vt 0.148503 0.401901
vt 0.055776 0.940374
vt 0.136865 0.461661
vt 0.097746 0.435522
vt 0.131724 0.940374
vt 0.663880 0.411118
vt 0.616663 0.449553
vt 0.116099 0.559626
vt 0.040151 0.559626
vt 0.658156 0.471731
vt 0.163880 0.411118
vt 0.040151 0.940374
vt 0.158156 0.471731
vt 0.116663 0.449553
vt 0.116099 0.940374
vt 0.680088 0.418783
vt 0.636865 0.461661
vt 0.100474 0.559626
vt 0.024526 0.559626
vt 0.680332 0.479666
vt 0.180088 0.418783
vt 0.024526 0.940374
vt 0.180332 0.479666
vt 0.136865 0.461661
vt 0.100474 0.940374
vt 0.696968 0.424823
vt 0.658156 0.471731
vt 0.084849 0.559626
vt 0.008901 0.559626
vt 0.703178 0.485388
vt 0.196968 0.424823
vt 0.008901 0.940374
vt 0.203178 0.485388
vt 0.158156 0.471731
vt 0.084849 0.940374
vt 0.714359 0.429180
vt 0.680332 0.479666
vt 0.069224 0.559626
vt -0.006724 0.559626
vt 0.726476 0.488844
vt 0.214359 0.429180
vt -0.006724 0.940374
vt 0.226476 0.488844
vt 0.180332 0.479666
vt 0.069224 0.940374
vt 0.732094 0.431810
vt 0.703178 0.485388
vt 0.053599 0.559626
vt -0.022349 0.559626
vt 0.750000 0.490000
vt 0.232093 0.431810
vt -0.022349 0.940374
vt 0.250000 0.490000
vt 0.203178 0.485388
vt 0.053599 0.940374
vt 0.250000 0.432690
vt 0.250000 0.393695
vt 0.264084 0.393003
vt 0.267907 0.431810
vt 0.278033 0.390934
vt 0.285641 0.429180
vt 0.291712 0.387507
vt 0.303032 0.424823
vt 0.304990 0.382757
vt 0.319912 0.418784
vt 0.317737 0.376727
vt 0.336119 0.411118
vt 0.329833 0.369478
vt 0.351497 0.401901
vt 0.341159 0.361077
vt 0.365897 0.391221
vt 0.351607 0.351607
vt 0.379181 0.379181
vt 0.361077 0.341159
vt 0.391221 0.365897
vt 0.369478 0.329833
vt 0.401901 0.351497
vt 0.376727 0.317737
vt 0.411118 0.336120
vt 0.382757 0.304990
vt 0.418784 0.319912
vt 0.387507 0.291712
vt 0.424823 0.303032
vt 0.390934 0.278033
vt 0.429180 0.285641
vt 0.393003 0.264084
vt 0.431810 0.267907
vt 0.393694 0.250000
vt 0.432690 0.250000
vt 0.393003 0.235916
vt 0.431810 0.232093
vt 0.390934 0.221967
vt 0.429180 0.214359
vt 0.387507 0.208288
vt 0.424823 0.196968
vt 0.382756 0.195010
vt 0.418784 0.180088
vt 0.376727 0.182263
vt 0.411118 0.163881
vt 0.369478 0.170167
vt 0.401901 0.148503
vt 0.361077 0.158841
vt 0.391221 0.134103
vt 0.351607 0.148393
vt 0.379181 0.120819
vt 0.341159 0.138923
vt 0.365897 0.108779
vt 0.329833 0.130522
vt 0.351497 0.098099
vt 0.317737 0.123273
vt 0.336120 0.088882
vt 0.304990 0.117244
vt 0.319912 0.081217
vt 0.291712 0.112493
vt 0.303032 0.075177
vt 0.278033 0.109067
vt 0.285641 0.070820
vt 0.264084 0.106997
vt 0.267907 0.068190
vt 0.250000 0.106305
vt 0.250000 0.067310
vt 0.235916 0.106997
vt 0.232093 0.068190
vt 0.221967 0.109067
vt 0.214359 0.070820
vt 0.208288 0.112493
vt 0.196968 0.075177
vt 0.195010 0.117244
vt 0.180088 0.081217
vt 0.182263 0.123273
vt 0.163880 0.088882
vt 0.170167 0.130522
vt 0.148503 0.098099
vt 0.158841 0.138923
vt 0.134103 0.108779
vt 0.148393 0.148393
vt 0.120819 0.120819
vt 0.138923 0.158841
vt 0.108779 0.134103
vt 0.130522 0.170168
vt 0.098099 0.148503
vt 0.123273 0.182263
vt 0.088882 0.163880
vt 0.117244 0.195010
vt 0.081217 0.180088
vt 0.112493 0.208288
vt 0.075177 0.196968
vt 0.109067 0.221967
vt 0.070820 0.214359
vt 0.106997 0.235916
vt 0.068190 0.232093
vt 0.106305 0.250000
vt 0.067310 0.250000
vt 0.106997 0.264085
vt 0.068190 0.267907
vt 0.109067 0.278033
vt 0.070820 0.285641
vt 0.112493 0.291713
vt 0.075177 0.303032
vt 0.117244 0.304990
vt 0.081217 0.319912
vt 0.123273 0.317737
vt 0.088882 0.336120
vt 0.130522 0.329833
vt 0.098099 0.351497
vt 0.138923 0.341159
vt 0.108779 0.365897
vt 0.148393 0.351607
vt 0.120819 0.379181
vt 0.158841 0.361077
vt 0.134103 0.391221
vt 0.170167 0.369478
vt 0.148503 0.401901
vt 0.182263 0.376727
vt 0.163880 0.411118
vt 0.195010 0.382756
vt 0.180088 0.418783
vt 0.208288 0.387507
vt 0.196968 0.424823
vt 0.221967 0.390934
vt 0.214359 0.429180
vt 0.235916 0.393003
vt 0.232093 0.431810
s 1
f 1421/2204/1037 1423/2207/1038 1046/1579/1039 1042/1570/1040
f 1055/1594/1041 1057/1597/1042 1064/1610/1043 1060/1603/1044
f 1061/1604/1045 1063/1607/1046 1070/1620/1047 1066/1613/1048
f 1067/1614/1049 1069/1617/1050 1076/1630/1051 1072/1623/1052
f 1073/1624/1053 1075/1627/1054 1082/1640/1055 1078/1633/1056
f 1079/1634/1057 1081/1637/1058 1088/1650/1059 1084/1643/1060
f 1085/1644/1061 1087/1647/1062 1094/1660/1063 1090/1653/1064
f 1091/1654/1065 1093/1657/1066 1100/1670/1067 1096/1663/1068
f 1097/1664/1069 1099/1667/1070 1106/1680/1071 1102/1673/1072
f 1103/1674/1073 1105/1677/1074 1112/1690/1075 1108/1683/1076
f 1109/1684/1077 1111/1687/1078 1118/1700/1079 1114/1693/1080
f 1115/1694/1081 1117/1697/1082 1124/1710/1083 1120/1703/1084
f 1121/1704/1085 1123/1707/1086 1130/1720/1087 1126/1713/1088
f 1127/1714/1089 1129/1717/1090 1136/1730/1091 1132/1723/1092
f 1133/1724/1093 1135/1727/1094 1142/1740/1095 1138/1733/1096
f 1139/1734/1097 1141/1737/1098 1148/1750/1099 1144/1743/1100
f 1145/1744/1101 1147/1747/1102 1154/1760/1103 1150/1753/1104
f 1151/1754/1105 1153/1757/1106 1160/1770/1107 1156/1763/1108
f 1157/1764/1109 1159/1767/1110 1166/1780/1111 1162/1773/1112
f 1163/1774/1113 1165/1777/1114 1172/1790/1115 1168/1783/1116
f 1169/1784/1117 1171/1787/1118 1178/1800/1119 1174/1793/1120
f 1175/1794/1121 1177/1797/1122 1184/1810/1123 1180/1803/1124
f 1181/1804/1125 1183/1807/1126 1190/1820/1127 1186/1813/1128
f 1187/1814/1129 1189/1817/1130 1196/1830/1131 1192/1823/1132
f 1193/1824/1133 1195/1827/1134 1202/1840/1135 1198/1833/1136
f 1199/1834/1137 1201/1837/1138 1208/1850/1139 1204/1843/1140
f 1205/1844/1141 1207/1847/1142 1214/1860/1143 1210/1853/1144
f 1211/1854/1145 1213/1857/1146 1220/1870/1147 1216/1863/1148
f 1217/1864/1149 1219/1867/1150 1226/1880/1151 1222/1873/1152
f 1223/1874/1153 1225/1877/1154 1232/1890/1155 1228/1883/1156
f 1229/1884/1157 1231/1887/1158 1238/1900/1159 1234/1893/1160
f 1235/1894/1161 1237/1897/1162 1244/1910/1163 1240/1903/1164
f 1241/1904/1165 1243/1907/1166 1250/1920/1167 1246/1913/1168
f 1247/1914/1169 1249/1917/1170 1256/1930/1171 1252/1923/1172
f 1253/1924/1173 1255/1927/1174 1262/1940/1175 1258/1933/1176
f 1259/1934/1177 1261/1937/1178 1268/1950/1179 1264/1943/1180
f 1265/1944/1181 1267/1947/1182 1274/1960/1183 1270/1953/1184
f 1271/1954/1185 1273/1957/1186 1280/1970/1187 1276/1963/1188
f 1277/1964/1189 1279/1967/1190 1286/1980/1191 1282/1973/1192
f 1283/1974/1193 1285/1977/1194 1292/1990/1195 1288/1983/1196
f 1289/1984/1197 1291/1987/1198 1298/2000/1199 1294/1993/1200
f 1295/1994/1201 1297/1997/1202 1304/2010/1203 1300/2003/1204
f 1301/2004/1205 1303/2007/1206 1310/2020/1207 1306/2013/1208
f 1307/2014/1209 1309/2017/1210 1316/2030/1211 1312/2023/1212
f 1313/2024/1213 1315/2027/1214 1322/2040/1215 1318/2033/1216
f 1319/2034/1217 1321/2037/1218 1328/2050/1219 1324/2043/1220
f 1325/2044/1221 1327/2047/1222 1334/2060/1223 1330/2053/1224
f 1331/2054/1225 1333/2057/1226 1340/2070/1227 1336/2063/1228
f 1337/2064/1229 1339/2067/1230 1346/2080/1231 1342/2073/1232
f 1343/2074/1233 1345/2077/1234 1352/2090/1235 1348/2083/1236
f 1349/2084/1237 1351/2087/1238 1358/2100/1239 1354/2093/1240
f 1355/2094/1241 1357/2097/1242 1364/2110/1243 1360/2103/1244
f 1361/2104/1245 1363/2107/1246 1370/2120/1247 1366/2113/1248
f 1367/2114/1249 1369/2117/1250 1376/2130/1251 1372/2123/1252
f 1373/2124/1253 1375/2127/1254 1382/2140/1255 1378/2133/1256
f 1379/2134/1257 1381/2137/1258 1388/2150/1259 1384/2143/1260
f 1385/2144/1261 1387/2147/1262 1394/2160/1263 1390/2153/1264
f 1391/2154/1265 1393/2157/1266 1400/2170/1267 1396/2163/1268
f 1397/2164/1269 1399/2167/1270 1406/2180/1271 1402/2173/1272
f 1403/2174/1273 1405/2177/1274 1412/2190/1275 1408/2183/1276
f 1409/2184/1277 1411/2187/1278 1418/2200/1279 1414/2193/1280
f 1415/2194/1281 1417/2197/1282 1424/2210/1283 1420/2203/1284
f 1049/1584/1285 1051/1587/1286 1058/1600/1287 1054/1593/1288
f 1068/1616/1289 1062/1606/1290 1432/2218/1291 1434/2220/1292
f 1043/1572/1293 1045/1576/1294 1052/1590/1295 1048/1583/1296
f 1041/1569/1297 1042/1571/1040 1043/1573/1293
f 1044/1575/1298 1045/1577/1294 1046/1580/1039
f 1047/1581/1299 1048/1582/1296 1049/1585/1285
f 1050/1586/1300 1051/1588/1286 1052/1589/1295
f 1053/1591/1301 1054/1592/1288 1055/1595/1041
f 1056/1596/1302 1057/1598/1042 1058/1599/1287
f 1059/1601/1303 1060/1602/1044 1061/1605/1045
f 1062/1606/1290 1063/1608/1046 1064/1609/1043
f 1065/1611/1304 1066/1612/1048 1067/1615/1049
f 1068/1616/1289 1069/1618/1050 1070/1619/1047
f 1071/1621/1305 1072/1622/1052 1073/1625/1053
f 1074/1626/1306 1075/1628/1054 1076/1629/1051
f 1077/1631/1307 1078/1632/1056 1079/1635/1057
f 1080/1636/1308 1081/1638/1058 1082/1639/1055
f 1083/1641/1309 1084/1642/1060 1085/1645/1061
f 1086/1646/1310 1087/1648/1062 1088/1649/1059
f 1089/1651/1311 1090/1652/1064 1091/1655/1065
f 1092/1656/1312 1093/1658/1066 1094/1659/1063
f 1095/1661/1313 1096/1662/1068 1097/1665/1069
f 1098/1666/1314 1099/1668/1070 1100/1669/1067
f 1101/1671/1315 1102/1672/1072 1103/1675/1073
f 1104/1676/1316 1105/1678/1074 1106/1679/1071
f 1107/1681/1317 1108/1682/1076 1109/1685/1077
f 1110/1686/1318 1111/1688/1078 1112/1689/1075
f 1113/1691/1319 1114/1692/1080 1115/1695/1081
f 1116/1696/1320 1117/1698/1082 1118/1699/1079
f 1119/1701/1321 1120/1702/1084 1121/1705/1085
f 1122/1706/1322 1123/1708/1086 1124/1709/1083
f 1125/1711/1323 1126/1712/1088 1127/1715/1089
f 1128/1716/1324 1129/1718/1090 1130/1719/1087
f 1131/1721/1325 1132/1722/1092 1133/1725/1093
f 1134/1726/1326 1135/1728/1094 1136/1729/1091
f 1137/1731/1327 1138/1732/1096 1139/1735/1097
f 1140/1736/1328 1141/1738/1098 1142/1739/1095
f 1143/1741/1329 1144/1742/1100 1145/1745/1101
f 1146/1746/1330 1147/1748/1102 1148/1749/1099
f 1149/1751/1331 1150/1752/1104 1151/1755/1105
f 1152/1756/1332 1153/1758/1106 1154/1759/1103
f 1155/1761/1333 1156/1762/1108 1157/1765/1109
f 1158/1766/1334 1159/1768/1110 1160/1769/1107
f 1161/1771/1335 1162/1772/1112 1163/1775/1113
f 1164/1776/1336 1165/1778/1114 1166/1779/1111
f 1167/1781/1337 1168/1782/1116 1169/1785/1117
f 1170/1786/1338 1171/1788/1118 1172/1789/1115
f 1173/1791/1339 1174/1792/1120 1175/1795/1121
f 1176/1796/1340 1177/1798/1122 1178/1799/1119
f 1179/1801/1341 1180/1802/1124 1181/1805/1125
f 1182/1806/1342 1183/1808/1126 1184/1809/1123
f 1185/1811/1343 1186/1812/1128 1187/1815/1129
f 1188/1816/1344 1189/1818/1130 1190/1819/1127
f 1191/1821/1345 1192/1822/1132 1193/1825/1133
f 1194/1826/1346 1195/1828/1134 1196/1829/1131
f 1197/1831/1347 1198/1832/1136 1199/1835/1137
f 1200/1836/1348 1201/1838/1138 1202/1839/1135
f 1203/1841/1349 1204/1842/1140 1205/1845/1141
f 1206/1846/1350 1207/1848/1142 1208/1849/1139
f 1209/1851/1351 1210/1852/1144 1211/1855/1145
f 1212/1856/1352 1213/1858/1146 1214/1859/1143
f 1215/1861/1353 1216/1862/1148 1217/1865/1149
f 1218/1866/1354 1219/1868/1150 1220/1869/1147
f 1221/1871/1355 1222/1872/1152 1223/1875/1153
f 1224/1876/1356 1225/1878/1154 1226/1879/1151
f 1227/1881/1357 1228/1882/1156 1229/1885/1157
f 1230/1886/1358 1231/1888/1158 1232/1889/1155
f 1233/1891/1359 1234/1892/1160 1235/1895/1161
f 1236/1896/1360 1237/1898/1162 1238/1899/1159
f 1239/1901/1361 1240/1902/1164 1241/1905/1165
f 1242/1906/1362 1243/1908/1166 1244/1909/1163
f 1245/1911/1363 1246/1912/1168 1247/1915/1169
f 1248/1916/1364 1249/1918/1170 1250/1919/1167
f 1251/1921/1365 1252/1922/1172 1253/1925/1173
f 1254/1926/1366 1255/1928/1174 1256/1929/1171
f 1257/1931/1367 1258/1932/1176 1259/1935/1177
f 1260/1936/1368 1261/1938/1178 1262/1939/1175
f 1263/1941/1369 1264/1942/1180 1265/1945/1181
f 1266/1946/1370 1267/1948/1182 1268/1949/1179
f 1269/1951/1371 1270/1952/1184 1271/1955/1185
f 1272/1956/1372 1273/1958/1186 1274/1959/1183
f 1275/1961/1373 1276/1962/1188 1277/1965/1189
f 1278/1966/1374 1279/1968/1190 1280/1969/1187
f 1281/1971/1375 1282/1972/1192 1283/1975/1193
f 1284/1976/1376 1285/1978/1194 1286/1979/1191
f 1287/1981/1377 1288/1982/1196 1289/1985/1197
f 1290/1986/1378 1291/1988/1198 1292/1989/1195
f 1293/1991/1379 1294/1992/1200 1295/1995/1201
f 1296/1996/1380 1297/1998/1202 1298/1999/1199
f 1299/2001/1381 1300/2002/1204 1301/2005/1205
f 1302/2006/1382 1303/2008/1206 1304/2009/1203
f 1305/2011/1383 1306/2012/1208 1307/2015/1209
f 1308/2016/1384 1309/2018/1210 1310/2019/1207
f 1311/2021/1385 1312/2022/1212 1313/2025/1213
f 1314/2026/1386 1315/2028/1214 1316/2029/1211
f 1317/2031/1387 1318/2032/1216 1319/2035/1217
f 1320/2036/1388 1321/2038/1218 1322/2039/1215
f 1323/2041/1389 1324/2042/1220 1325/2045/1221
f 1326/2046/1390 1327/2048/1222 1328/2049/1219
f 1329/2051/1391 1330/2052/1224 1331/2055/1225
f 1332/2056/1392 1333/2058/1226 1334/2059/1223
f 1335/2061/1393 1336/2062/1228 1337/2065/1229
f 1338/2066/1394 1339/2068/1230 1340/2069/1227
f 1341/2071/1395 1342/2072/1232 1343/2075/1233
f 1344/2076/1396 1345/2078/1234 1346/2079/1231
f 1347/2081/1397 1348/2082/1236 1349/2085/1237
f 1350/2086/1398 1351/2088/1238 1352/2089/1235
f 1353/2091/1399 1354/2092/1240 1355/2095/1241
f 1356/2096/1400 1357/2098/1242 1358/2099/1239
f 1359/2101/1401 1360/2102/1244 1361/2105/1245
f 1362/2106/1402 1363/2108/1246 1364/2109/1243
f 1365/2111/1403 1366/2112/1248 1367/2115/1249
f 1368/2116/1404 1369/2118/1250 1370/2119/1247
f 1371/2121/1405 1372/2122/1252 1373/2125/1253
f 1374/2126/1406 1375/2128/1254 1376/2129/1251
f 1377/2131/1407 1378/2132/1256 1379/2135/1257
f 1380/2136/1408 1381/2138/1258 1382/2139/1255
f 1383/2141/1409 1384/2142/1260 1385/2145/1261
f 1386/2146/1410 1387/2148/1262 1388/2149/1259
f 1389/2151/1411 1390/2152/1264 1391/2155/1265
f 1392/2156/1412 1393/2158/1266 1394/2159/1263
f 1395/2161/1413 1396/2162/1268 1397/2165/1269
f 1398/2166/1414 1399/2168/1270 1400/2169/1267
f 1401/2171/1415 1402/2172/1272 1403/2175/1273
f 1404/2176/1416 1405/2178/1274 1406/2179/1271
f 1407/2181/1417 1408/2182/1276 1409/2185/1277
f 1410/2186/1418 1411/2188/1278 1412/2189/1275
f 1413/2191/1419 1414/2192/1280 1415/2195/1281
f 1416/2196/1420 1417/2198/1282 1418/2199/1279
f 1419/2201/1421 1420/2202/1284 1421/2205/1037
f 1422/2206/1422 1423/2208/1038 1424/2209/1283
f 1043/1573/1293 1048/1582/1296 1047/1581/1299 1041/1569/1297
f 1052/1589/1295 1045/1577/1294 1044/1575/1298 1050/1586/1300
f 1042/1570/1040 1046/1579/1039 1045/1578/1294 1043/1574/1293
f 1051/1587/1286 1049/1584/1285 1048/1583/1296 1052/1590/1295
f 1049/1585/1285 1054/1592/1288 1053/1591/1301 1047/1581/1299
f 1058/1599/1287 1051/1588/1286 1050/1586/1300 1056/1596/1302
f 1057/1597/1042 1055/1594/1041 1054/1593/1288 1058/1600/1287
f 1055/1595/1041 1060/1602/1044 1059/1601/1303 1053/1591/1301
f 1064/1609/1043 1057/1598/1042 1056/1596/1302 1062/1606/1290
f 1063/1607/1046 1061/1604/1045 1060/1603/1044 1064/1610/1043
f 1061/1605/1045 1066/1612/1048 1065/1611/1304 1059/1601/1303
f 1070/1619/1047 1063/1608/1046 1062/1606/1290 1068/1616/1289
f 1069/1617/1050 1067/1614/1049 1066/1613/1048 1070/1620/1047
f 1067/1615/1049 1072/1622/1052 1071/1621/1305 1065/1611/1304
f 1076/1629/1051 1069/1618/1050 1068/1616/1289 1074/1626/1306
f 1075/1627/1054 1073/1624/1053 1072/1623/1052 1076/1630/1051
f 1073/1625/1053 1078/1632/1056 1077/1631/1307 1071/1621/1305
f 1082/1639/1055 1075/1628/1054 1074/1626/1306 1080/1636/1308
f 1081/1637/1058 1079/1634/1057 1078/1633/1056 1082/1640/1055
f 1079/1635/1057 1084/1642/1060 1083/1641/1309 1077/1631/1307
f 1088/1649/1059 1081/1638/1058 1080/1636/1308 1086/1646/1310
f 1087/1647/1062 1085/1644/1061 1084/1643/1060 1088/1650/1059
f 1085/1645/1061 1090/1652/1064 1089/1651/1311 1083/1641/1309
f 1094/1659/1063 1087/1648/1062 1086/1646/1310 1092/1656/1312
f 1093/1657/1066 1091/1654/1065 1090/1653/1064 1094/1660/1063
f 1091/1655/1065 1096/1662/1068 1095/1661/1313 1089/1651/1311
f 1100/1669/1067 1093/1658/1066 1092/1656/1312 1098/1666/1314
f 1099/1667/1070 1097/1664/1069 1096/1663/1068 1100/1670/1067
f 1097/1665/1069 1102/1672/1072 1101/1671/1315 1095/1661/1313
f 1106/1679/1071 1099/1668/1070 1098/1666/1314 1104/1676/1316
f 1105/1677/1074 1103/1674/1073 1102/1673/1072 1106/1680/1071
f 1103/1675/1073 1108/1682/1076 1107/1681/1317 1101/1671/1315
f 1112/1689/1075 1105/1678/1074 1104/1676/1316 1110/1686/1318
f 1111/1687/1078 1109/1684/1077 1108/1683/1076 1112/1690/1075
f 1109/1685/1077 1114/1692/1080 1113/1691/1319 1107/1681/1317
f 1118/1699/1079 1111/1688/1078 1110/1686/1318 1116/1696/1320
f 1117/1697/1082 1115/1694/1081 1114/1693/1080 1118/1700/1079
f 1115/1695/1081 1120/1702/1084 1119/1701/1321 1113/1691/1319
f 1124/1709/1083 1117/1698/1082 1116/1696/1320 1122/1706/1322
f 1123/1707/1086 1121/1704/1085 1120/1703/1084 1124/1710/1083
f 1121/1705/1085 1126/1712/1088 1125/1711/1323 1119/1701/1321
f 1130/1719/1087 1123/1708/1086 1122/1706/1322 1128/1716/1324
f 1129/1717/1090 1127/1714/1089 1126/1713/1088 1130/1720/1087
f 1127/1715/1089 1132/1722/1092 1131/1721/1325 1125/1711/1323
f 1136/1729/1091 1129/1718/1090 1128/1716/1324 1134/1726/1326
f 1135/1727/1094 1133/1724/1093 1132/1723/1092 1136/1730/1091
f 1133/1725/1093 1138/1732/1096 1137/1731/1327 1131/1721/1325
f 1142/1739/1095 1135/1728/1094 1134/1726/1326 1140/1736/1328
f 1141/1737/1098 1139/1734/1097 1138/1733/1096 1142/1740/1095
f 1139/1735/1097 1144/1742/1100 1143/1741/1329 1137/1731/1327
f 1148/1749/1099 1141/1738/1098 1140/1736/1328 1146/1746/1330
f 1147/1747/1102 1145/1744/1101 1144/1743/1100 1148/1750/1099
f 1145/1745/1101 1150/1752/1104 1149/1751/1331 1143/1741/1329
f 1154/1759/1103 1147/1748/1102 1146/1746/1330 1152/1756/1332
f 1153/1757/1106 1151/1754/1105 1150/1753/1104 1154/1760/1103
f 1151/1755/1105 1156/1762/1108 1155/1761/1333 1149/1751/1331
f 1160/1769/1107 1153/1758/1106 1152/1756/1332 1158/1766/1334
f 1159/1767/1110 1157/1764/1109 1156/1763/1108 1160/1770/1107
f 1157/1765/1109 1162/1772/1112 1161/1771/1335 1155/1761/1333
f 1166/1779/1111 1159/1768/1110 1158/1766/1334 1164/1776/1336
f 1165/1777/1114 1163/1774/1113 1162/1773/1112 1166/1780/1111
f 1163/1775/1113 1168/1782/1116 1167/1781/1337 1161/1771/1335
f 1172/1789/1115 1165/1778/1114 1164/1776/1336 1170/1786/1338
f 1171/1787/1118 1169/1784/1117 1168/1783/1116 1172/1790/1115
f 1169/1785/1117 1174/1792/1120 1173/1791/1339 1167/1781/1337
f 1178/1799/1119 1171/1788/1118 1170/1786/1338 1176/1796/1340
f 1177/1797/1122 1175/1794/1121 1174/1793/1120 1178/1800/1119
f 1175/1795/1121 1180/1802/1124 1179/1801/1341 1173/1791/1339
f 1184/1809/1123 1177/1798/1122 1176/1796/1340 1182/1806/1342
f 1183/1807/1126 1181/1804/1125 1180/1803/1124 1184/1810/1123
f 1181/1805/1125 1186/1812/1128 1185/1811/1343 1179/1801/1341
f 1190/1819/1127 1183/1808/1126 1182/1806/1342 1188/1816/1344
f 1189/1817/1130 1187/1814/1129 1186/1813/1128 1190/1820/1127
f 1187/1815/1129 1192/1822/1132 1191/1821/1345 1185/1811/1343
f 1196/1829/1131 1189/1818/1130 1188/1816/1344 1194/1826/1346
f 1195/1827/1134 1193/1824/1133 1192/1823/1132 1196/1830/1131
f 1193/1825/1133 1198/1832/1136 1197/1831/1347 1191/1821/1345
f 1202/1839/1135 1195/1828/1134 1194/1826/1346 1200/1836/1348
f 1201/1837/1138 1199/1834/1137 1198/1833/1136 1202/1840/1135
f 1199/1835/1137 1204/1842/1140 1203/1841/1349 1197/1831/1347
f 1208/1849/1139 1201/1838/1138 1200/1836/1348 1206/1846/1350
f 1207/1847/1142 1205/1844/1141 1204/1843/1140 1208/1850/1139
f 1205/1845/1141 1210/1852/1144 1209/1851/1351 1203/1841/1349
f 1214/1859/1143 1207/1848/1142 1206/1846/1350 1212/1856/1352
f 1213/1857/1146 1211/1854/1145 1210/1853/1144 1214/1860/1143
f 1211/1855/1145 1216/1862/1148 1215/1861/1353 1209/1851/1351
f 1220/1869/1147 1213/1858/1146 1212/1856/1352 1218/1866/1354
f 1219/1867/1150 1217/1864/1149 1216/1863/1148 1220/1870/1147
f 1217/1865/1149 1222/1872/1152 1221/1871/1355 1215/1861/1353
f 1226/1879/1151 1219/1868/1150 1218/1866/1354 1224/1876/1356
f 1225/1877/1154 1223/1874/1153 1222/1873/1152 1226/1880/1151
f 1223/1875/1153 1228/1882/1156 1227/1881/1357 1221/1871/1355
f 1232/1889/1155 1225/1878/1154 1224/1876/1356 1230/1886/1358
f 1231/1887/1158 1229/1884/1157 1228/1883/1156 1232/1890/1155
f 1229/1885/1157 1234/1892/1160 1233/1891/1359 1227/1881/1357
f 1238/1899/1159 1231/1888/1158 1230/1886/1358 1236/1896/1360
f 1237/1897/1162 1235/1894/1161 1234/1893/1160 1238/1900/1159
f 1235/1895/1161 1240/1902/1164 1239/1901/1361 1233/1891/1359
f 1244/1909/1163 1237/1898/1162 1236/1896/1360 1242/1906/1362
f 1243/1907/1166 1241/1904/1165 1240/1903/1164 1244/1910/1163
f 1241/1905/1165 1246/1912/1168 1245/1911/1363 1239/1901/1361
f 1250/1919/1167 1243/1908/1166 1242/1906/1362 1248/1916/1364
f 1249/1917/1170 1247/1914/1169 1246/1913/1168 1250/1920/1167
f 1247/1915/1169 1252/1922/1172 1251/1921/1365 1245/1911/1363
f 1256/1929/1171 1249/1918/1170 1248/1916/1364 1254/1926/1366
f 1255/1927/1174 1253/1924/1173 1252/1923/1172 1256/1930/1171
f 1253/1925/1173 1258/1932/1176 1257/1931/1367 1251/1921/1365
f 1262/1939/1175 1255/1928/1174 1254/1926/1366 1260/1936/1368
f 1261/1937/1178 1259/1934/1177 1258/1933/1176 1262/1940/1175
f 1259/1935/1177 1264/1942/1180 1263/1941/1369 1257/1931/1367
f 1268/1949/1179 1261/1938/1178 1260/1936/1368 1266/1946/1370
f 1267/1947/1182 1265/1944/1181 1264/1943/1180 1268/1950/1179
f 1265/1945/1181 1270/1952/1184 1269/1951/1371 1263/1941/1369
f 1274/1959/1183 1267/1948/1182 1266/1946/1370 1272/1956/1372
f 1273/1957/1186 1271/1954/1185 1270/1953/1184 1274/1960/1183
f 1271/1955/1185 1276/1962/1188 1275/1961/1373 1269/1951/1371
f 1280/1969/1187 1273/1958/1186 1272/1956/1372 1278/1966/1374
f 1279/1967/1190 1277/1964/1189 1276/1963/1188 1280/1970/1187
f 1277/1965/1189 1282/1972/1192 1281/1971/1375 1275/1961/1373
f 1286/1979/1191 1279/1968/1190 1278/1966/1374 1284/1976/1376
f 1285/1977/1194 1283/1974/1193 1282/1973/1192 1286/1980/1191
f 1283/1975/1193 1288/1982/1196 1287/1981/1377 1281/1971/1375
f 1292/1989/1195 1285/1978/1194 1284/1976/1376 1290/1986/1378
f 1291/1987/1198 1289/1984/1197 1288/1983/1196 1292/1990/1195
f 1289/1985/1197 1294/1992/1200 1293/1991/1379 1287/1981/1377
f 1298/1999/1199 1291/1988/1198 1290/1986/1378 1296/1996/1380
f 1297/1997/1202 1295/1994/1201 1294/1993/1200 1298/2000/1199
f 1295/1995/1201 1300/2002/1204 1299/2001/1381 1293/1991/1379
f 1304/2009/1203 1297/1998/1202 1296/1996/1380 1302/2006/1382
f 1303/2007/1206 1301/2004/1205 1300/2003/1204 1304/2010/1203
f 1301/2005/1205 1306/2012/1208 1305/2011/1383 1299/2001/1381
f 1310/2019/1207 1303/2008/1206 1302/2006/1382 1308/2016/1384
f 1309/2017/1210 1307/2014/1209 1306/2013/1208 1310/2020/1207
f 1307/2015/1209 1312/2022/1212 1311/2021/1385 1305/2011/1383
f 1316/2029/1211 1309/2018/1210 1308/2016/1384 1314/2026/1386
f 1315/2027/1214 1313/2024/1213 1312/2023/1212 1316/2030/1211
f 1313/2025/1213 1318/2032/1216 1317/2031/1387 1311/2021/1385
f 1322/2039/1215 1315/2028/1214 1314/2026/1386 1320/2036/1388
f 1321/2037/1218 1319/2034/1217 1318/2033/1216 1322/2040/1215
f 1319/2035/1217 1324/2042/1220 1323/2041/1389 1317/2031/1387
f 1328/2049/1219 1321/2038/1218 1320/2036/1388 1326/2046/1390
f 1327/2047/1222 1325/2044/1221 1324/2043/1220 1328/2050/1219
f 1325/2045/1221 1330/2052/1224 1329/2051/1391 1323/2041/1389
f 1334/2059/1223 1327/2048/1222 1326/2046/1390 1332/2056/1392
f 1333/2057/1226 1331/2054/1225 1330/2053/1224 1334/2060/1223
f 1331/2055/1225 1336/2062/1228 1335/2061/1393 1329/2051/1391
f 1340/2069/1227 1333/2058/1226 1332/2056/1392 1338/2066/1394
f 1339/2067/1230 1337/2064/1229 1336/2063/1228 1340/2070/1227
f 1337/2065/1229 1342/2072/1232 1341/2071/1395 1335/2061/1393
f 1346/2079/1231 1339/2068/1230 1338/2066/1394 1344/2076/1396
f 1345/2077/1234 1343/2074/1233 1342/2073/1232 1346/2080/1231
f 1343/2075/1233 1348/2082/1236 1347/2081/1397 1341/2071/1395
f 1352/2089/1235 1345/2078/1234 1344/2076/1396 1350/2086/1398
f 1351/2087/1238 1349/2084/1237 1348/2083/1236 1352/2090/1235
f 1349/2085/1237 1354/2092/1240 1353/2091/1399 1347/2081/1397
f 1358/2099/1239 1351/2088/1238 1350/2086/1398 1356/2096/1400
f 1357/2097/1242 1355/2094/1241 1354/2093/1240 1358/2100/1239
f 1355/2095/1241 1360/2102/1244 1359/2101/1401 1353/2091/1399
f 1364/2109/1243 1357/2098/1242 1356/2096/1400 1362/2106/1402
f 1363/2107/1246 1361/2104/1245 1360/2103/1244 1364/2110/1243
f 1361/2105/1245 1366/2112/1248 1365/2111/1403 1359/2101/1401
f 1370/2119/1247 1363/2108/1246 1362/2106/1402 1368/2116/1404
f 1369/2117/1250 1367/2114/1249 1366/2113/1248 1370/2120/1247
f 1367/2115/1249 1372/2122/1252 1371/2121/1405 1365/2111/1403
f 1376/2129/1251 1369/2118/1250 1368/2116/1404 1374/2126/1406
f 1375/2127/1254 1373/2124/1253 1372/2123/1252 1376/2130/1251
f 1373/2125/1253 1378/2132/1256 1377/2131/1407 1371/2121/1405
f 1382/2139/1255 1375/2128/1254 1374/2126/1406 1380/2136/1408
f 1381/2137/1258 1379/2134/1257 1378/2133/1256 1382/2140/1255
f 1379/2135/1257 1384/2142/1260 1383/2141/1409 1377/2131/1407
f 1388/2149/1259 1381/2138/1258 1380/2136/1408 1386/2146/1410
f 1387/2147/1262 1385/2144/1261 1384/2143/1260 1388/2150/1259
f 1385/2145/1261 1390/2152/1264 1389/2151/1411 1383/2141/1409
f 1394/2159/1263 1387/2148/1262 1386/2146/1410 1392/2156/1412
f 1393/2157/1266 1391/2154/1265 1390/2153/1264 1394/2160/1263
f 1391/2155/1265 1396/2162/1268 1395/2161/1413 1389/2151/1411
f 1400/2169/1267 1393/2158/1266 1392/2156/1412 1398/2166/1414
f 1399/2167/1270 1397/2164/1269 1396/2163/1268 1400/2170/1267
f 1397/2165/1269 1402/2172/1272 1401/2171/1415 1395/2161/1413
f 1406/2179/1271 1399/2168/1270 1398/2166/1414 1404/2176/1416
f 1405/2177/1274 1403/2174/1273 1402/2173/1272 1406/2180/1271
f 1403/2175/1273 1408/2182/1276 1407/2181/1417 1401/2171/1415
f 1412/2189/1275 1405/2178/1274 1404/2176/1416 1410/2186/1418
f 1411/2187/1278 1409/2184/1277 1408/2183/1276 1412/2190/1275
f 1409/2185/1277 1414/2192/1280 1413/2191/1419 1407/2181/1417
f 1418/2199/1279 1411/2188/1278 1410/2186/1418 1416/2196/1420
f 1417/2197/1282 1415/2194/1281 1414/2193/1280 1418/2200/1279
f 1415/2195/1281 1420/2202/1284 1419/2201/1421 1413/2191/1419
f 1424/2209/1283 1417/2198/1282 1416/2196/1420 1422/2206/1422
f 1423/2207/1038 1421/2204/1037 1420/2203/1284 1424/2210/1283
f 1421/2205/1037 1042/1571/1040 1041/1569/1297 1419/2201/1421
f 1046/1580/1039 1423/2208/1038 1422/2206/1422 1044/1575/1298
f 1041/1569/1297 1047/1581/1299 1053/1591/1301 1059/1601/1303 1065/1611/1304 1071/1621/1305 1077/1631/1307 1083/1641/1309 1089/1651/1311 1095/1661/1313 1101/1671/1315 1107/1681/1317 1113/1691/1319 1119/1701/1321 1125/1711/1323 1131/1721/1325 1137/1731/1327 1143/1741/1329 1149/1751/1331 1155/1761/1333 1161/1771/1335 1167/1781/1337 1173/1791/1339 1179/1801/1341 1185/1811/1343 1191/1821/1345 1197/1831/1347 1203/1841/1349 1209/1851/1351 1215/1861/1353 1221/1871/1355 1227/1881/1357 1233/1891/1359 1239/1901/1361 1245/1911/1363 1251/1921/1365 1257/1931/1367 1263/1941/1369 1269/1951/1371 1275/1961/1373 1281/1971/1375 1287/1981/1377 1293/1991/1379 1299/2001/1381 1305/2011/1383 1311/2021/1385 1317/2031/1387 1323/2041/1389 1329/2051/1391 1335/2061/1393 1341/2071/1395 1347/2081/1397 1353/2091/1399 1359/2101/1401 1365/2111/1403 1371/2121/1405 1377/2131/1407 1383/2141/1409 1389/2151/1411 1395/2161/1413 1401/2171/1415 1407/2181/1417 1413/2191/1419 1419/2201/1421
f 1044/1575/1298 1422/2206/1422 1552/2338/1423 1425/2211/1424
f 1278/1966/1374 1272/1956/1372 1502/2288/1425 1504/2290/1426
f 1200/1836/1348 1194/1826/1346 1476/2262/1427 1478/2264/1428
f 1410/2186/1418 1404/2176/1416 1546/2332/1429 1548/2334/1430
f 1122/1706/1322 1116/1696/1320 1450/2236/1431 1452/2238/1432
f 1332/2056/1392 1326/2046/1390 1520/2306/1433 1522/2308/1434
f 1254/1926/1366 1248/1916/1364 1494/2280/1435 1496/2282/1436
f 1176/1796/1340 1170/1786/1338 1468/2254/1437 1470/2256/1438
f 1386/2146/1410 1380/2136/1408 1538/2324/1439 1540/2326/1440
f 1098/1666/1314 1092/1656/1312 1442/2228/1441 1444/2230/1442
f 1308/2016/1384 1302/2006/1382 1512/2298/1443 1514/2300/1444
f 1230/1886/1358 1224/1876/1356 1486/2272/1445 1488/2274/1446
f 1152/1756/1332 1146/1746/1330 1460/2246/1447 1462/2248/1448
f 1362/2106/1402 1356/2096/1400 1530/2316/1449 1532/2318/1450
f 1074/1626/1306 1068/1616/1289 1434/2220/1292 1436/2222/1451
f 1284/1976/1376 1278/1966/1374 1504/2290/1426 1506/2292/1452
f 1206/1846/1350 1200/1836/1348 1478/2264/1428 1480/2266/1453
f 1416/2196/1420 1410/2186/1418 1548/2334/1430 1550/2336/1454
f 1128/1716/1324 1122/1706/1322 1452/2238/1432 1454/2240/1455
f 1338/2066/1394 1332/2056/1392 1522/2308/1434 1524/2310/1456
f 1260/1936/1368 1254/1926/1366 1496/2282/1436 1498/2284/1457
f 1182/1806/1342 1176/1796/1340 1470/2256/1438 1472/2258/1458
f 1392/2156/1412 1386/2146/1410 1540/2326/1440 1542/2328/1459
f 1104/1676/1316 1098/1666/1314 1444/2230/1442 1446/2232/1460
f 1314/2026/1386 1308/2016/1384 1514/2300/1444 1516/2302/1461
f 1236/1896/1360 1230/1886/1358 1488/2274/1446 1490/2276/1462
f 1158/1766/1334 1152/1756/1332 1462/2248/1448 1464/2250/1463
f 1368/2116/1404 1362/2106/1402 1532/2318/1450 1534/2320/1464
f 1080/1636/1308 1074/1626/1306 1436/2222/1451 1438/2224/1465
f 1427/2213/1466 1426/2212/1467 1551/2337/1468 1549/2335/1469 1547/2333/1470 1545/2331/1471 1543/2329/1472 1541/2327/1473 1539/2325/1474 1537/2323/1475 1535/2321/1476 1533/2319/1477 1531/2317/1478 1529/2315/1479 1527/2313/1480 1525/2311/1481 1523/2309/1482 1521/2307/1483 1519/2305/1484 1517/2303/1485 1515/2301/1486 1513/2299/1487 1511/2297/1488 1509/2295/1489 1507/2293/1490 1505/2291/1491 1503/2289/1492 1501/2287/1493 1499/2285/1494 1497/2283/1495 1495/2281/1496 1493/2279/1497 1491/2277/1498 1489/2275/1499 1487/2273/1500 1485/2271/1501 1483/2269/1502 1481/2267/1503 1479/2265/1504 1477/2263/1505 1475/2261/1506 1473/2259/1507 1471/2257/1508 1469/2255/1509 1467/2253/1510 1465/2251/1511 1463/2249/1512 1461/2247/1513 1459/2245/1514 1457/2243/1515 1455/2241/1516 1453/2239/1517 1451/2237/1518 1449/2235/1519 1447/2233/1520 1445/2231/1521 1443/2229/1522 1441/2227/1523 1439/2225/1524 1437/2223/1525 1435/2221/1526 1433/2219/1527 1431/2217/1528 1429/2215/1529
f 1290/1986/1378 1284/1976/1376 1506/2292/1452 1508/2294/1530
f 1212/1856/1352 1206/1846/1350 1480/2266/1453 1482/2268/1531
f 1422/2206/1422 1416/2196/1420 1550/2336/1454 1552/2338/1423
f 1134/1726/1326 1128/1716/1324 1454/2240/1455 1456/2242/1532
f 1344/2076/1396 1338/2066/1394 1524/2310/1456 1526/2312/1533
f 1266/1946/1370 1260/1936/1368 1498/2284/1457 1500/2286/1534
f 1188/1816/1344 1182/1806/1342 1472/2258/1458 1474/2260/1535
f 1398/2166/1414 1392/2156/1412 1542/2328/1459 1544/2330/1536
f 1110/1686/1318 1104/1676/1316 1446/2232/1460 1448/2234/1537
f 1320/2036/1388 1314/2026/1386 1516/2302/1461 1518/2304/1538
f 1242/1906/1362 1236/1896/1360 1490/2276/1462 1492/2278/1539
f 1164/1776/1336 1158/1766/1334 1464/2250/1463 1466/2252/1540
f 1374/2126/1406 1368/2116/1404 1534/2320/1464 1536/2322/1541
f 1086/1646/1310 1080/1636/1308 1438/2224/1465 1440/2226/1542
f 1296/1996/1380 1290/1986/1378 1508/2294/1530 1510/2296/1543
f 1218/1866/1354 1212/1856/1352 1482/2268/1531 1484/2270/1544
f 1140/1736/1328 1134/1726/1326 1456/2242/1532 1458/2244/1545
f 1350/2086/1398 1344/2076/1396 1526/2312/1533 1528/2314/1546
f 1062/1606/1290 1056/1596/1302 1430/2216/1547 1432/2218/1291
f 1272/1956/1372 1266/1946/1370 1500/2286/1534 1502/2288/1425
f 1194/1826/1346 1188/1816/1344 1474/2260/1535 1476/2262/1427
f 1404/2176/1416 1398/2166/1414 1544/2330/1536 1546/2332/1429
f 1116/1696/1320 1110/1686/1318 1448/2234/1537 1450/2236/1431
f 1326/2046/1390 1320/2036/1388 1518/2304/1538 1520/2306/1433
f 1248/1916/1364 1242/1906/1362 1492/2278/1539 1494/2280/1435
f 1170/1786/1338 1164/1776/1336 1466/2252/1540 1468/2254/1437
f 1380/2136/1408 1374/2126/1406 1536/2322/1541 1538/2324/1439
f 1092/1656/1312 1086/1646/1310 1440/2226/1542 1442/2228/1441
f 1302/2006/1382 1296/1996/1380 1510/2296/1543 1512/2298/1443
f 1224/1876/1356 1218/1866/1354 1484/2270/1544 1486/2272/1445
f 1056/1596/1302 1050/1586/1300 1428/2214/1548 1430/2216/1547
f 1146/1746/1330 1140/1736/1328 1458/2244/1545 1460/2246/1447
f 1356/2096/1400 1350/2086/1398 1528/2314/1546 1530/2316/1449
f 1426/2212/1467 1427/2213/1466 1428/2214/1548 1425/2211/1424
f 1427/2213/1466 1429/2215/1529 1430/2216/1547 1428/2214/1548
f 1429/2215/1529 1431/2217/1528 1432/2218/1291 1430/2216/1547
f 1431/2217/1528 1433/2219/1527 1434/2220/1292 1432/2218/1291
f 1433/2219/1527 1435/2221/1526 1436/2222/1451 1434/2220/1292
f 1435/2221/1526 1437/2223/1525 1438/2224/1465 1436/2222/1451
f 1437/2223/1525 1439/2225/1524 1440/2226/1542 1438/2224/1465
f 1439/2225/1524 1441/2227/1523 1442/2228/1441 1440/2226/1542
f 1441/2227/1523 1443/2229/1522 1444/2230/1442 1442/2228/1441
f 1443/2229/1522 1445/2231/1521 1446/2232/1460 1444/2230/1442
f 1445/2231/1521 1447/2233/1520 1448/2234/1537 1446/2232/1460
f 1447/2233/1520 1449/2235/1519 1450/2236/1431 1448/2234/1537
f 1449/2235/1519 1451/2237/1518 1452/2238/1432 1450/2236/1431
f 1451/2237/1518 1453/2239/1517 1454/2240/1455 1452/2238/1432
f 1453/2239/1517 1455/2241/1516 1456/2242/1532 1454/2240/1455
f 1455/2241/1516 1457/2243/1515 1458/2244/1545 1456/2242/1532
f 1457/2243/1515 1459/2245/1514 1460/2246/1447 1458/2244/1545
f 1459/2245/1514 1461/2247/1513 1462/2248/1448 1460/2246/1447
f 1461/2247/1513 1463/2249/1512 1464/2250/1463 1462/2248/1448
f 1463/2249/1512 1465/2251/1511 1466/2252/1540 1464/2250/1463
f 1465/2251/1511 1467/2253/1510 1468/2254/1437 1466/2252/1540
f 1467/2253/1510 1469/2255/1509 1470/2256/1438 1468/2254/1437
f 1469/2255/1509 1471/2257/1508 1472/2258/1458 1470/2256/1438
f 1471/2257/1508 1473/2259/1507 1474/2260/1535 1472/2258/1458
f 1473/2259/1507 1475/2261/1506 1476/2262/1427 1474/2260/1535
f 1475/2261/1506 1477/2263/1505 1478/2264/1428 1476/2262/1427
f 1477/2263/1505 1479/2265/1504 1480/2266/1453 1478/2264/1428
f 1479/2265/1504 1481/2267/1503 1482/2268/1531 1480/2266/1453
f 1481/2267/1503 1483/2269/1502 1484/2270/1544 1482/2268/1531
f 1483/2269/1502 1485/2271/1501 1486/2272/1445 1484/2270/1544
f 1485/2271/1501 1487/2273/1500 1488/2274/1446 1486/2272/1445
f 1487/2273/1500 1489/2275/1499 1490/2276/1462 1488/2274/1446
f 1489/2275/1499 1491/2277/1498 1492/2278/1539 1490/2276/1462
f 1491/2277/1498 1493/2279/1497 1494/2280/1435 1492/2278/1539
f 1493/2279/1497 1495/2281/1496 1496/2282/1436 1494/2280/1435
f 1495/2281/1496 1497/2283/1495 1498/2284/1457 1496/2282/1436
f 1497/2283/1495 1499/2285/1494 1500/2286/1534 1498/2284/1457
f 1499/2285/1494 1501/2287/1493 1502/2288/1425 1500/2286/1534
f 1501/2287/1493 1503/2289/1492 1504/2290/1426 1502/2288/1425
f 1503/2289/1492 1505/2291/1491 1506/2292/1452 1504/2290/1426
f 1505/2291/1491 1507/2293/1490 1508/2294/1530 1506/2292/1452
f 1507/2293/1490 1509/2295/1489 1510/2296/1543 1508/2294/1530
f 1509/2295/1489 1511/2297/1488 1512/2298/1443 1510/2296/1543
f 1511/2297/1488 1513/2299/1487 1514/2300/1444 1512/2298/1443
f 1513/2299/1487 1515/2301/1486 1516/2302/1461 1514/2300/1444
f 1515/2301/1486 1517/2303/1485 1518/2304/1538 1516/2302/1461
f 1517/2303/1485 1519/2305/1484 1520/2306/1433 1518/2304/1538
f 1519/2305/1484 1521/2307/1483 1522/2308/1434 1520/2306/1433
f 1521/2307/1483 1523/2309/1482 1524/2310/1456 1522/2308/1434
f 1523/2309/1482 1525/2311/1481 1526/2312/1533 1524/2310/1456
f 1525/2311/1481 1527/2313/1480 1528/2314/1546 1526/2312/1533
f 1527/2313/1480 1529/2315/1479 1530/2316/1449 1528/2314/1546
f 1529/2315/1479 1531/2317/1478 1532/2318/1450 1530/2316/1449
f 1531/2317/1478 1533/2319/1477 1534/2320/1464 1532/2318/1450
f 1533/2319/1477 1535/2321/1476 1536/2322/1541 1534/2320/1464
f 1535/2321/1476 1537/2323/1475 1538/2324/1439 1536/2322/1541
f 1537/2323/1475 1539/2325/1474 1540/2326/1440 1538/2324/1439
f 1539/2325/1474 1541/2327/1473 1542/2328/1459 1540/2326/1440
f 1541/2327/1473 1543/2329/1472 1544/2330/1536 1542/2328/1459
f 1543/2329/1472 1545/2331/1471 1546/2332/1429 1544/2330/1536
f 1545/2331/1471 1547/2333/1470 1548/2334/1430 1546/2332/1429
f 1547/2333/1470 1549/2335/1469 1550/2336/1454 1548/2334/1430
f 1549/2335/1469 1551/2337/1468 1552/2338/1423 1550/2336/1454
f 1551/2337/1468 1426/2212/1467 1425/2211/1424 1552/2338/1423
f 1050/1586/1300 1044/1575/1298 1425/2211/1424 1428/2214/1548
g Tire_002
o Tire.002
v 2.531287 -0.119396 -1.060000
v 2.412179 -0.005852 -0.988449
v 2.650395 -0.005851 -0.988449
v 2.531287 -0.119396 -0.460000
v 2.650395 -0.005852 -0.531551
v 2.412179 -0.005851 -0.531551
v 2.568593 -0.121229 -1.060000
v 2.461187 0.003444 -0.988449
v 2.698257 -0.019906 -0.988449
v 2.568593 -0.121229 -0.460000
v 2.698257 -0.019906 -0.531551
v 2.461187 0.003444 -0.531551
v 2.605539 -0.126709 -1.060000
v 2.510871 0.007891 -0.988449
v 2.744510 -0.038583 -0.988449
v 2.605539 -0.126709 -0.460000
v 2.744510 -0.038583 -0.531551
v 2.510871 0.007891 -0.531551
v 2.641771 -0.135785 -1.060000
v 2.560751 0.007446 -0.988449
v 2.788710 -0.061705 -0.988449
v 2.641771 -0.135785 -0.460000
v 2.788710 -0.061705 -0.531551
v 2.560751 0.007446 -0.531551
v 2.676938 -0.148368 -1.060000
v 2.610348 0.002115 -0.988449
v 2.830431 -0.089047 -0.988449
v 2.676938 -0.148368 -0.460000
v 2.830431 -0.089047 -0.531551
v 2.610348 0.002115 -0.531551
v 2.710702 -0.164337 -1.060000
v 2.659183 -0.008052 -0.988449
v 2.869271 -0.120347 -0.988449
v 2.710702 -0.164337 -0.460000
v 2.869271 -0.120347 -0.531551
v 2.659183 -0.008052 -0.531551
v 2.742739 -0.183539 -1.060000
v 2.706786 -0.022957 -0.988449
v 2.904856 -0.155304 -0.988449
v 2.742739 -0.183539 -0.460000
v 2.904856 -0.155304 -0.531551
v 2.706786 -0.022957 -0.531551
v 2.772740 -0.205789 -1.060000
v 2.752699 -0.042456 -0.988449
v 2.936844 -0.193580 -0.988449
v 2.772740 -0.205789 -0.460000
v 2.936844 -0.193580 -0.531551
v 2.752699 -0.042456 -0.531551
v 2.800415 -0.230872 -1.060000
v 2.796480 -0.066362 -0.988449
v 2.964925 -0.234807 -0.988449
v 2.800415 -0.230872 -0.460000
v 2.964925 -0.234807 -0.531551
v 2.796480 -0.066362 -0.531551
v 2.825498 -0.258547 -1.060000
v 2.837707 -0.094443 -0.988449
v 2.988831 -0.278588 -0.988449
v 2.825498 -0.258547 -0.460000
v 2.988831 -0.278588 -0.531551
v 2.837707 -0.094443 -0.531551
v 2.847748 -0.288548 -1.060000
v 2.875983 -0.126431 -0.988449
v 3.008330 -0.324501 -0.988449
v 2.847748 -0.288548 -0.460000
v 3.008330 -0.324501 -0.531551
v 2.875983 -0.126431 -0.531551
v 2.866950 -0.320584 -1.060000
v 2.910940 -0.162016 -0.988449
v 3.023234 -0.372104 -0.988449
v 2.866950 -0.320584 -0.460000
v 3.023234 -0.372104 -0.531551
v 2.910940 -0.162016 -0.531551
v 2.882919 -0.354349 -1.060000
v 2.942240 -0.200856 -0.988449
v 3.033401 -0.420939 -0.988449
v 2.882919 -0.354349 -0.460000
v 3.033401 -0.420939 -0.531551
v 2.942240 -0.200856 -0.531551
v 2.895502 -0.389516 -1.060000
v 2.969582 -0.242577 -0.988449
v 3.038733 -0.470536 -0.988449
v 2.895502 -0.389516 -0.460000
v 3.038733 -0.470536 -0.531551
v 2.969582 -0.242577 -0.531551
v 2.904578 -0.425748 -1.060000
v 2.992704 -0.286776 -0.988449
v 3.039177 -0.520416 -0.988449
v 2.904578 -0.425748 -0.460000
v 3.039177 -0.520416 -0.531551
v 2.992704 -0.286777 -0.531551
v 2.910058 -0.462694 -1.060000
v 3.011381 -0.333030 -0.988449
v 3.034731 -0.570100 -0.988449
v 2.910058 -0.462695 -0.460000
v 3.034731 -0.570100 -0.531551
v 3.011381 -0.333030 -0.531551
v 2.911891 -0.500000 -1.060000
v 3.025435 -0.380892 -0.988449
v 3.025435 -0.619108 -0.988449
v 2.911891 -0.500000 -0.460000
v 3.025435 -0.619108 -0.531551
v 3.025435 -0.380892 -0.531551
v 2.910058 -0.537305 -1.060000
v 3.034731 -0.429900 -0.988449
v 3.011381 -0.666970 -0.988449
v 2.910058 -0.537305 -0.460000
v 3.011381 -0.666970 -0.531551
v 3.034731 -0.429900 -0.531551
v 2.904578 -0.574252 -1.060000
v 3.039177 -0.479584 -0.988449
v 2.992704 -0.713223 -0.988449
v 2.904578 -0.574252 -0.460000
v 2.992704 -0.713224 -0.531551
v 3.039177 -0.479584 -0.531551
v 2.895502 -0.610484 -1.060000
v 3.038733 -0.529464 -0.988449
v 2.969582 -0.757423 -0.988449
v 2.895502 -0.610484 -0.460000
v 2.969582 -0.757423 -0.531551
v 3.038733 -0.529464 -0.531551
v 2.882919 -0.645651 -1.060000
v 3.033401 -0.579061 -0.988449
v 2.942240 -0.799144 -0.988449
v 2.882919 -0.645651 -0.460000
v 2.942240 -0.799144 -0.531551
v 3.033401 -0.579061 -0.531551
v 2.866950 -0.679416 -1.060000
v 3.023234 -0.627896 -0.988449
v 2.910940 -0.837984 -0.988449
v 2.866950 -0.679416 -0.460000
v 2.910940 -0.837984 -0.531551
v 3.023234 -0.627896 -0.531551
v 2.847748 -0.711452 -1.060000
v 3.008330 -0.675499 -0.988449
v 2.875983 -0.873569 -0.988449
v 2.847748 -0.711452 -0.460000
v 2.875983 -0.873569 -0.531551
v 3.008330 -0.675499 -0.531551
v 2.825498 -0.741453 -1.060000
v 2.988831 -0.721412 -0.988449
v 2.837707 -0.905557 -0.988449
v 2.825498 -0.741453 -0.460000
v 2.837707 -0.905557 -0.531551
v 2.988831 -0.721412 -0.531551
v 2.800415 -0.769128 -1.060000
v 2.964925 -0.765193 -0.988449
v 2.796480 -0.933638 -0.988449
v 2.800415 -0.769128 -0.460000
v 2.796480 -0.933638 -0.531551
v 2.964925 -0.765193 -0.531551
v 2.772740 -0.794211 -1.060000
v 2.936844 -0.806420 -0.988449
v 2.752699 -0.957544 -0.988449
v 2.772740 -0.794211 -0.460000
v 2.752699 -0.957544 -0.531551
v 2.936844 -0.806420 -0.531551
v 2.742739 -0.816461 -1.060000
v 2.904856 -0.844696 -0.988449
v 2.706786 -0.977043 -0.988449
v 2.742739 -0.816461 -0.460000
v 2.706786 -0.977043 -0.531551
v 2.904856 -0.844696 -0.531551
v 2.710702 -0.835663 -1.060000
v 2.869271 -0.879653 -0.988449
v 2.659183 -0.991948 -0.988449
v 2.710702 -0.835663 -0.460000
v 2.659183 -0.991948 -0.531551
v 2.869271 -0.879653 -0.531551
v 2.676938 -0.851632 -1.060000
v 2.830431 -0.910953 -0.988449
v 2.610348 -1.002115 -0.988449
v 2.676938 -0.851632 -0.460000
v 2.610348 -1.002115 -0.531551
v 2.830431 -0.910953 -0.531551
v 2.641771 -0.864215 -1.060000
v 2.788710 -0.938295 -0.988449
v 2.560751 -1.007446 -0.988449
v 2.641771 -0.864215 -0.460000
v 2.560751 -1.007446 -0.531551
v 2.788710 -0.938295 -0.531551
v 2.605539 -0.873291 -1.060000
v 2.744510 -0.961417 -0.988449
v 2.510871 -1.007891 -0.988449
v 2.605539 -0.873291 -0.460000
v 2.510871 -1.007891 -0.531551
v 2.744510 -0.961417 -0.531551
v 2.568593 -0.878771 -1.060000
v 2.698257 -0.980094 -0.988449
v 2.461187 -1.003444 -0.988449
v 2.568593 -0.878771 -0.460000
v 2.461187 -1.003444 -0.531551
v 2.698257 -0.980094 -0.531551
v 2.531287 -0.880604 -1.060000
v 2.650395 -0.994148 -0.988449
v 2.412179 -0.994149 -0.988449
v 2.531287 -0.880604 -0.460000
v 2.412179 -0.994148 -0.531551
v 2.650395 -0.994149 -0.531551
v 2.493981 -0.878771 -1.060000
v 2.601387 -1.003444 -0.988449
v 2.364317 -0.980094 -0.988449
v 2.493981 -0.878771 -0.460000
v 2.364317 -0.980094 -0.531551
v 2.601387 -1.003444 -0.531551
v 2.457035 -0.873291 -1.060000
v 2.551703 -1.007891 -0.988449
v 2.318063 -0.961417 -0.988449
v 2.457035 -0.873291 -0.460000
v 2.318063 -0.961417 -0.531551
v 2.551703 -1.007891 -0.531551
v 2.420803 -0.864215 -1.060000
v 2.501823 -1.007446 -0.988449
v 2.273864 -0.938295 -0.988449
v 2.420803 -0.864215 -0.460000
v 2.273864 -0.938295 -0.531551
v 2.501823 -1.007446 -0.531551
v 2.385636 -0.851632 -1.060000
v 2.452226 -1.002115 -0.988449
v 2.232142 -0.910953 -0.988449
v 2.385636 -0.851632 -0.460000
v 2.232142 -0.910953 -0.531551
v 2.452226 -1.002115 -0.531551
v 2.351871 -0.835663 -1.060000
v 2.403391 -0.991948 -0.988449
v 2.193303 -0.879653 -0.988449
v 2.351871 -0.835663 -0.460000
v 2.193303 -0.879653 -0.531551
v 2.403391 -0.991948 -0.531551
v 2.319834 -0.816461 -1.060000
v 2.355788 -0.977043 -0.988449
v 2.157718 -0.844696 -0.988449
v 2.319834 -0.816461 -0.460000
v 2.157718 -0.844696 -0.531551
v 2.355788 -0.977043 -0.531551
v 2.289834 -0.794211 -1.060000
v 2.309875 -0.957544 -0.988449
v 2.125730 -0.806420 -0.988449
v 2.289834 -0.794211 -0.460000
v 2.125730 -0.806420 -0.531551
v 2.309875 -0.957544 -0.531551
v 2.262159 -0.769128 -1.060000
v 2.266093 -0.933638 -0.988449
v 2.097649 -0.765193 -0.988449
v 2.262159 -0.769128 -0.460000
v 2.097649 -0.765193 -0.531551
v 2.266093 -0.933638 -0.531551
v 2.237076 -0.741453 -1.060000
v 2.224867 -0.905557 -0.988449
v 2.073743 -0.721412 -0.988449
v 2.237076 -0.741453 -0.460000
v 2.073743 -0.721412 -0.531551
v 2.224867 -0.905557 -0.531551
v 2.214826 -0.711452 -1.060000
v 2.186591 -0.873569 -0.988449
v 2.054244 -0.675499 -0.988449
v 2.214826 -0.711452 -0.460000
v 2.054244 -0.675499 -0.531551
v 2.186591 -0.873569 -0.531551
v 2.195624 -0.679416 -1.060000
v 2.151634 -0.837984 -0.988449
v 2.039340 -0.627896 -0.988449
v 2.195624 -0.679416 -0.460000
v 2.039340 -0.627896 -0.531551
v 2.151634 -0.837984 -0.531551
v 2.179655 -0.645651 -1.060000
v 2.120334 -0.799144 -0.988449
v 2.029172 -0.579061 -0.988449
v 2.179655 -0.645651 -0.460000
v 2.029172 -0.579061 -0.531551
v 2.120334 -0.799144 -0.531551
v 2.167072 -0.610484 -1.060000
v 2.092992 -0.757423 -0.988449
v 2.023841 -0.529464 -0.988449
v 2.167072 -0.610484 -0.460000
v 2.023841 -0.529464 -0.531551
v 2.092992 -0.757423 -0.531551
v 2.157996 -0.574252 -1.060000
v 2.069870 -0.713223 -0.988449
v 2.023396 -0.479584 -0.988449
v 2.157996 -0.574252 -0.460000
v 2.023396 -0.479584 -0.531551
v 2.069870 -0.713224 -0.531551
v 2.152516 -0.537305 -1.060000
v 2.051193 -0.666970 -0.988449
v 2.027843 -0.429900 -0.988449
v 2.152516 -0.537305 -0.460000
v 2.027843 -0.429900 -0.531551
v 2.051193 -0.666970 -0.531551
v 2.150683 -0.500000 -1.060000
v 2.037138 -0.619108 -0.988449
v 2.037138 -0.380892 -0.988449
v 2.150683 -0.500000 -0.460000
v 2.037138 -0.380892 -0.531551
v 2.037138 -0.619108 -0.531551
v 2.152516 -0.462694 -1.060000
v 2.027843 -0.570100 -0.988449
v 2.051193 -0.333030 -0.988449
v 2.152516 -0.462695 -0.460000
v 2.051193 -0.333030 -0.531551
v 2.027843 -0.570100 -0.531551
v 2.157996 -0.425748 -1.060000
v 2.023396 -0.520416 -0.988449
v 2.069870 -0.286776 -0.988449
v 2.157996 -0.425748 -0.460000
v 2.069870 -0.286777 -0.531551
v 2.023396 -0.520416 -0.531551
v 2.167072 -0.389516 -1.060000
v 2.023841 -0.470536 -0.988449
v 2.092992 -0.242577 -0.988449
v 2.167072 -0.389516 -0.460000
v 2.092992 -0.242577 -0.531551
v 2.023841 -0.470536 -0.531551
v 2.179655 -0.354349 -1.060000
v 2.029172 -0.420939 -0.988449
v 2.120334 -0.200856 -0.988449
v 2.179655 -0.354349 -0.460000
v 2.120334 -0.200856 -0.531551
v 2.029172 -0.420939 -0.531551
v 2.195624 -0.320584 -1.060000
v 2.039340 -0.372104 -0.988449
v 2.151634 -0.162016 -0.988449
v 2.195624 -0.320584 -0.460000
v 2.151634 -0.162016 -0.531551
v 2.039340 -0.372104 -0.531551
v 2.214826 -0.288548 -1.060000
v 2.054244 -0.324501 -0.988449
v 2.186591 -0.126431 -0.988449
v 2.214826 -0.288548 -0.460000
v 2.186591 -0.126431 -0.531551
v 2.054244 -0.324501 -0.531551
v 2.237076 -0.258547 -1.060000
v 2.073743 -0.278588 -0.988449
v 2.224867 -0.094443 -0.988449
v 2.237076 -0.258547 -0.460000
v 2.224867 -0.094443 -0.531551
v 2.073743 -0.278588 -0.531551
v 2.262159 -0.230872 -1.060000
v 2.097649 -0.234807 -0.988449
v 2.266093 -0.066362 -0.988449
v 2.262159 -0.230872 -0.460000
v 2.266093 -0.066362 -0.531551
v 2.097649 -0.234807 -0.531551
v 2.289834 -0.205789 -1.060000
v 2.125730 -0.193580 -0.988449
v 2.309875 -0.042456 -0.988449
v 2.289834 -0.205789 -0.460000
v 2.309875 -0.042456 -0.531551
v 2.125730 -0.193580 -0.531551
v 2.319834 -0.183539 -1.060000
v 2.157718 -0.155304 -0.988449
v 2.355788 -0.022957 -0.988449
v 2.319834 -0.183539 -0.460000
v 2.355788 -0.022957 -0.531551
v 2.157718 -0.155304 -0.531551
v 2.351871 -0.164337 -1.060000
v 2.193303 -0.120347 -0.988449
v 2.403391 -0.008052 -0.988449
v 2.351871 -0.164337 -0.460000
v 2.403391 -0.008052 -0.531551
v 2.193303 -0.120347 -0.531551
v 2.385636 -0.148368 -1.060000
v 2.232142 -0.089047 -0.988449
v 2.452226 0.002115 -0.988449
v 2.385636 -0.148368 -0.460000
v 2.452226 0.002115 -0.531551
v 2.232142 -0.089047 -0.531551
v 2.420803 -0.135785 -1.060000
v 2.273864 -0.061705 -0.988449
v 2.501823 0.007446 -0.988449
v 2.420803 -0.135785 -0.460000
v 2.501823 0.007446 -0.531551
v 2.273864 -0.061705 -0.531551
v 2.457035 -0.126709 -1.060000
v 2.318063 -0.038583 -0.988449
v 2.551703 0.007891 -0.988449
v 2.457035 -0.126709 -0.460000
v 2.551703 0.007891 -0.531551
v 2.318063 -0.038583 -0.531551
v 2.493981 -0.121229 -1.060000
v 2.364317 -0.019906 -0.988449
v 2.601387 0.003444 -0.988449
v 2.493981 -0.121229 -0.460000
v 2.601387 0.003444 -0.531551
v 2.364317 -0.019906 -0.531551
v 2.531287 -0.119396 -0.511314
v 2.531287 -0.200636 -0.560000
v 2.560629 -0.202078 -0.560000
v 2.568593 -0.121229 -0.511314
v 2.589690 -0.206389 -0.560000
v 2.605539 -0.126709 -0.511314
v 2.618188 -0.213527 -0.560000
v 2.641771 -0.135785 -0.511314
v 2.645849 -0.223424 -0.560000
v 2.676938 -0.148368 -0.511314
v 2.672406 -0.235985 -0.560000
v 2.710702 -0.164337 -0.511314
v 2.697605 -0.251088 -0.560000
v 2.742739 -0.183539 -0.511314
v 2.721201 -0.268589 -0.560000
v 2.772740 -0.205789 -0.511314
v 2.742969 -0.288318 -0.560000
v 2.800415 -0.230872 -0.511314
v 2.762698 -0.310086 -0.560000
v 2.825498 -0.258547 -0.511314
v 2.780199 -0.333682 -0.560000
v 2.847748 -0.288548 -0.511314
v 2.795302 -0.358881 -0.560000
v 2.866950 -0.320584 -0.511314
v 2.807863 -0.385439 -0.560000
v 2.882919 -0.354349 -0.511314
v 2.817760 -0.413099 -0.560000
v 2.895502 -0.389516 -0.511314
v 2.824898 -0.441597 -0.560000
v 2.904578 -0.425748 -0.511314
v 2.829209 -0.470657 -0.560000
v 2.910058 -0.462695 -0.511314
v 2.830651 -0.500000 -0.560000
v 2.911891 -0.500000 -0.511314
v 2.829209 -0.529343 -0.560000
v 2.910058 -0.537305 -0.511314
v 2.824898 -0.558403 -0.560000
v 2.904578 -0.574252 -0.511314
v 2.817760 -0.586901 -0.560000
v 2.895502 -0.610484 -0.511314
v 2.807863 -0.614562 -0.560000
v 2.882919 -0.645651 -0.511314
v 2.795302 -0.641119 -0.560000
v 2.866950 -0.679416 -0.511315
v 2.780199 -0.666318 -0.560000
v 2.847748 -0.711452 -0.511315
v 2.762698 -0.689914 -0.560000
v 2.825498 -0.741453 -0.511315
v 2.742969 -0.711682 -0.560000
v 2.800415 -0.769128 -0.511315
v 2.721201 -0.731411 -0.560000
v 2.772740 -0.794211 -0.511315
v 2.697605 -0.748912 -0.560000
v 2.742739 -0.816461 -0.511315
v 2.672406 -0.764015 -0.560000
v 2.710702 -0.835663 -0.511315
v 2.645849 -0.776576 -0.560000
v 2.676938 -0.851632 -0.511315
v 2.618188 -0.786473 -0.560000
v 2.641771 -0.864215 -0.511315
v 2.589690 -0.793611 -0.560000
v 2.605539 -0.873291 -0.511315
v 2.560629 -0.797922 -0.560000
v 2.568593 -0.878771 -0.511315
v 2.531287 -0.799364 -0.560000
v 2.531287 -0.880604 -0.511315
v 2.501945 -0.797922 -0.560000
v 2.493981 -0.878771 -0.511315
v 2.472884 -0.793611 -0.560000
v 2.457035 -0.873291 -0.511315
v 2.444386 -0.786473 -0.560000
v 2.420803 -0.864215 -0.511315
v 2.416725 -0.776576 -0.560000
v 2.385636 -0.851632 -0.511315
v 2.390168 -0.764015 -0.560000
v 2.351871 -0.835663 -0.511315
v 2.364969 -0.748912 -0.560000
v 2.319834 -0.816461 -0.511315
v 2.341373 -0.731411 -0.560000
v 2.289834 -0.794211 -0.511315
v 2.319605 -0.711682 -0.560000
v 2.262159 -0.769128 -0.511315
v 2.299876 -0.689914 -0.560000
v 2.237076 -0.741453 -0.511315
v 2.282375 -0.666318 -0.560000
v 2.214826 -0.711452 -0.511315
v 2.267272 -0.641119 -0.560000
v 2.195624 -0.679416 -0.511315
v 2.254711 -0.614562 -0.560000
v 2.179655 -0.645651 -0.511314
v 2.244814 -0.586901 -0.560000
v 2.167072 -0.610484 -0.511314
v 2.237675 -0.558403 -0.560000
v 2.157996 -0.574252 -0.511314
v 2.233365 -0.529343 -0.560000
v 2.152516 -0.537305 -0.511314
v 2.231923 -0.500000 -0.560000
v 2.150683 -0.500000 -0.511314
v 2.233365 -0.470657 -0.560000
v 2.152516 -0.462695 -0.511314
v 2.237675 -0.441597 -0.560000
v 2.157996 -0.425748 -0.511314
v 2.244814 -0.413099 -0.560000
v 2.167072 -0.389516 -0.511314
v 2.254711 -0.385439 -0.560000
v 2.179655 -0.354349 -0.511314
v 2.267272 -0.358881 -0.560000
v 2.195624 -0.320584 -0.511314
v 2.282375 -0.333682 -0.560000
v 2.214826 -0.288548 -0.511314
v 2.299875 -0.310086 -0.560000
v 2.237076 -0.258547 -0.511314
v 2.319605 -0.288318 -0.560000
v 2.262159 -0.230872 -0.511314
v 2.341372 -0.268589 -0.560000
v 2.289834 -0.205789 -0.511314
v 2.364969 -0.251088 -0.560000
v 2.319834 -0.183539 -0.511314
v 2.390168 -0.235985 -0.560000
v 2.351871 -0.164337 -0.511314
v 2.416725 -0.223424 -0.560000
v 2.385636 -0.148368 -0.511314
v 2.444386 -0.213527 -0.560000
v 2.420803 -0.135785 -0.511314
v 2.472884 -0.206389 -0.560000
v 2.457035 -0.126709 -0.511314
v 2.501945 -0.202078 -0.560000
v 2.493981 -0.121229 -0.511314
vn -0.8439 -0.1244 0.5220
vn -0.8439 -0.1244 -0.5220
vn 0.8520 -0.0410 -0.5220
vn 0.8520 -0.0410 0.5220
vn -0.8436 0.1260 0.5220
vn -0.8436 0.1260 -0.5220
vn 0.8034 -0.2866 -0.5220
vn 0.8034 -0.2866 0.5220
vn -0.8272 0.2080 0.5220
vn -0.8272 0.2080 -0.5220
vn 0.7714 -0.3640 -0.5220
vn 0.7714 -0.3640 0.5220
vn -0.8028 0.2881 0.5220
vn -0.8028 0.2881 -0.5220
vn 0.7320 -0.4378 -0.5220
vn 0.7320 -0.4378 0.5220
vn -0.7707 0.3654 0.5220
vn -0.7707 0.3654 -0.5220
vn 0.6856 -0.5075 -0.5220
vn 0.6856 -0.5075 0.5220
vn -0.7312 0.4392 0.5220
vn -0.7312 0.4392 -0.5220
vn 0.6325 -0.5722 -0.5220
vn 0.6325 -0.5722 0.5220
vn -0.6846 0.5088 0.5220
vn -0.6846 0.5088 -0.5220
vn 0.5734 -0.6315 -0.5220
vn 0.5734 -0.6315 0.5220
vn -0.6315 0.5734 0.5220
vn -0.6315 0.5734 -0.5220
vn 0.5088 -0.6846 -0.5220
vn 0.5088 -0.6846 0.5220
vn -0.5722 0.6325 0.5220
vn -0.5722 0.6325 -0.5220
vn 0.4392 -0.7312 -0.5220
vn 0.4392 -0.7312 0.5220
vn -0.5075 0.6856 0.5220
vn -0.5075 0.6856 -0.5220
vn 0.3654 -0.7707 -0.5220
vn 0.3654 -0.7707 0.5220
vn -0.4378 0.7320 0.5220
vn -0.4378 0.7320 -0.5220
vn 0.2881 -0.8028 -0.5220
vn 0.2881 -0.8028 0.5220
vn -0.3640 0.7714 0.5220
vn -0.3640 0.7714 -0.5220
vn 0.2080 -0.8272 -0.5220
vn 0.2080 -0.8272 0.5220
vn -0.2866 0.8034 0.5220
vn -0.2866 0.8034 -0.5220
vn 0.1260 -0.8436 -0.5220
vn 0.1260 -0.8436 0.5220
vn -0.2065 0.8276 0.5220
vn -0.2065 0.8276 -0.5220
vn 0.0427 -0.8519 -0.5220
vn 0.0427 -0.8519 0.5220
vn -0.1244 0.8438 0.5220
vn -0.1244 0.8439 -0.5220
vn -0.0410 -0.8520 -0.5220
vn -0.0410 -0.8520 0.5220
vn -0.0410 0.8520 0.5220
vn -0.0410 0.8520 -0.5220
vn -0.1244 -0.8438 -0.5220
vn -0.1244 -0.8439 0.5220
vn 0.0427 0.8519 0.5220
vn 0.0427 0.8519 -0.5220
vn -0.2065 -0.8276 -0.5220
vn -0.2065 -0.8276 0.5220
vn 0.1260 0.8436 0.5220
vn 0.1260 0.8436 -0.5220
vn -0.2866 -0.8034 -0.5220
vn -0.2866 -0.8034 0.5220
vn 0.2080 0.8272 0.5220
vn 0.2080 0.8272 -0.5220
vn -0.3640 -0.7714 -0.5220
vn -0.3640 -0.7714 0.5220
vn 0.2881 0.8028 0.5220
vn 0.2881 0.8028 -0.5220
vn -0.4378 -0.7320 -0.5220
vn -0.4378 -0.7320 0.5220
vn 0.3654 0.7707 0.5220
vn 0.3654 0.7707 -0.5220
vn -0.5075 -0.6856 -0.5220
vn -0.5075 -0.6856 0.5220
vn 0.4392 0.7312 0.5220
vn 0.4392 0.7312 -0.5220
vn -0.5722 -0.6325 -0.5220
vn -0.5722 -0.6325 0.5220
vn 0.5088 0.6846 0.5220
vn 0.5088 0.6846 -0.5220
vn -0.6315 -0.5734 -0.5220
vn -0.6315 -0.5734 0.5220
vn 0.5734 0.6315 0.5220
vn 0.5734 0.6315 -0.5220
vn -0.6846 -0.5088 -0.5220
vn -0.6846 -0.5088 0.5220
vn 0.6325 0.5722 0.5220
vn 0.6325 0.5722 -0.5220
vn -0.7312 -0.4392 -0.5220
vn -0.7312 -0.4392 0.5220
vn 0.6856 0.5075 0.5220
vn 0.6856 0.5075 -0.5220
vn -0.7707 -0.3654 -0.5220
vn -0.7707 -0.3654 0.5220
vn 0.7320 0.4378 0.5220
vn 0.7320 0.4378 -0.5220
vn -0.8028 -0.2881 -0.5220
vn -0.8028 -0.2881 0.5220
vn 0.7714 0.3640 0.5220
vn 0.7714 0.3640 -0.5220
vn -0.8272 -0.2080 -0.5220
vn -0.8272 -0.2080 0.5220
vn 0.8034 0.2866 0.5220
vn 0.8034 0.2866 -0.5220
vn -0.8436 -0.1260 -0.5220
vn -0.8436 -0.1260 0.5220
vn 0.8276 0.2065 0.5220
vn 0.8276 0.2065 -0.5220
vn -0.8519 -0.0427 -0.5220
vn -0.8519 -0.0427 0.5220
vn 0.8439 0.1244 0.5220
vn 0.8439 0.1244 -0.5220
vn -0.8520 0.0410 -0.5220
vn -0.8520 0.0410 0.5220
vn 0.8520 0.0410 0.5220
vn 0.8520 0.0410 -0.5220
vn -0.8439 0.1244 -0.5220
vn -0.8439 0.1244 0.5220
vn 0.8519 -0.0427 0.5220
vn 0.8519 -0.0427 -0.5220
vn -0.8276 0.2065 -0.5220
vn -0.8276 0.2065 0.5220
vn 0.8436 -0.1260 0.5220
vn 0.8436 -0.1260 -0.5220
vn -0.8034 0.2866 -0.5220
vn -0.8034 0.2866 0.5220
vn 0.8272 -0.2080 0.5220
vn 0.8272 -0.2080 -0.5220
vn -0.7714 0.3640 -0.5220
vn -0.7714 0.3640 0.5220
vn 0.8028 -0.2881 0.5220
vn 0.8028 -0.2881 -0.5220
vn -0.7320 0.4378 -0.5220
vn -0.7320 0.4378 0.5220
vn 0.7707 -0.3654 0.5220
vn 0.7707 -0.3654 -0.5220
vn -0.6856 0.5075 -0.5220
vn -0.6856 0.5075 0.5220
vn 0.7312 -0.4392 0.5220
vn 0.7312 -0.4392 -0.5220
vn -0.6325 0.5722 -0.5220
vn -0.6325 0.5722 0.5220
vn 0.6846 -0.5088 0.5220
vn 0.6846 -0.5088 -0.5220
vn -0.5734 0.6315 -0.5220
vn -0.5734 0.6315 0.5220
vn 0.6315 -0.5734 0.5220
vn 0.6315 -0.5734 -0.5220
vn -0.5088 0.6846 -0.5220
vn -0.5088 0.6846 0.5220
vn 0.5722 -0.6325 0.5220
vn 0.5722 -0.6325 -0.5220
vn -0.4392 0.7312 -0.5220
vn -0.4392 0.7312 0.5220
vn 0.5075 -0.6856 0.5220
vn 0.5075 -0.6856 -0.5220
vn -0.3654 0.7707 -0.5220
vn -0.3654 0.7707 0.5220
vn 0.4378 -0.7320 0.5220
vn 0.4378 -0.7320 -0.5220
vn -0.2881 0.8028 -0.5220
vn -0.2881 0.8028 0.5220
vn 0.3640 -0.7714 0.5220
vn 0.3640 -0.7714 -0.5220
vn -0.2080 0.8272 -0.5220
vn -0.2080 0.8272 0.5220
vn 0.2866 -0.8034 0.5220
vn 0.2866 -0.8034 -0.5220
vn -0.1260 0.8436 -0.5220
vn -0.1260 0.8436 0.5220
vn 0.2065 -0.8276 0.5220
vn 0.2065 -0.8276 -0.5220
vn -0.0427 0.8519 -0.5220
vn -0.0427 0.8519 0.5220
vn 0.1244 -0.8438 0.5220
vn 0.1244 -0.8439 -0.5220
vn 0.0410 0.8520 -0.5220
vn 0.0410 0.8520 0.5220
vn 0.0410 -0.8520 0.5220
vn 0.0410 -0.8520 -0.5220
vn 0.1244 0.8438 -0.5220
vn 0.1244 0.8439 0.5220
vn -0.0427 -0.8519 0.5220
vn -0.0427 -0.8519 -0.5220
vn 0.2065 0.8276 -0.5220
vn 0.2065 0.8276 0.5220
vn -0.1260 -0.8436 0.5220
vn -0.1260 -0.8436 -0.5220
vn 0.2866 0.8034 -0.5220
vn 0.2866 0.8034 0.5220
vn -0.2080 -0.8272 0.5220
vn -0.2080 -0.8272 -0.5220
vn 0.3640 0.7714 -0.5220
vn 0.3640 0.7714 0.5220
vn -0.2881 -0.8028 0.5220
vn -0.2881 -0.8028 -0.5220
vn 0.4378 0.7320 -0.5220
vn 0.4378 0.7320 0.5220
vn -0.3654 -0.7707 0.5220
vn -0.3654 -0.7707 -0.5220
vn 0.5075 0.6856 -0.5220
vn 0.5075 0.6856 0.5220
vn -0.4392 -0.7312 0.5220
vn -0.4392 -0.7312 -0.5220
vn 0.5722 0.6325 -0.5220
vn 0.5722 0.6325 0.5220
vn -0.5088 -0.6846 0.5220
vn -0.5088 -0.6846 -0.5220
vn 0.6315 0.5734 -0.5220
vn 0.6315 0.5734 0.5220
vn -0.5734 -0.6315 0.5220
vn -0.5734 -0.6315 -0.5220
vn 0.6846 0.5088 -0.5220
vn 0.6846 0.5088 0.5220
vn -0.6325 -0.5722 0.5220
vn -0.6325 -0.5722 -0.5220
vn 0.7312 0.4392 -0.5220
vn 0.7312 0.4392 0.5220
vn -0.6856 -0.5075 0.5220
vn -0.6856 -0.5075 -0.5220
vn 0.7707 0.3654 -0.5220
vn 0.7707 0.3654 0.5220
vn -0.7320 -0.4378 0.5220
vn -0.7320 -0.4378 -0.5220
vn 0.8028 0.2881 -0.5220
vn 0.8028 0.2881 0.5220
vn -0.7714 -0.3640 0.5220
vn -0.7714 -0.3640 -0.5220
vn 0.8272 0.2080 -0.5220
vn 0.8272 0.2080 0.5220
vn -0.8034 -0.2866 0.5220
vn -0.8034 -0.2866 -0.5220
vn 0.8436 0.1260 -0.5220
vn 0.8436 0.1260 0.5220
vn -0.8276 -0.2065 0.5220
vn -0.8276 -0.2065 -0.5220
vn 0.8519 0.0427 -0.5220
vn 0.8519 0.0427 0.5220
vn -0.8519 0.0427 0.5220
vn -0.8519 0.0427 -0.5220
vn 0.8276 -0.2065 -0.5220
vn 0.8276 -0.2065 0.5220
vn -0.3721 -0.8983 -0.2335
vn -0.2823 -0.9305 -0.2335
vn -0.2398 -0.7905 0.5635
vn -0.3161 -0.7632 0.5635
vn -0.8520 -0.0410 0.5220
vn -0.8520 -0.0410 -0.5220
vn 0.8439 -0.1244 -0.5220
vn 0.8439 -0.1244 0.5220
vn -0.0000 -0.1124 -0.9937
vn -0.0000 -0.9724 -0.2335
vn -0.0110 -0.1119 -0.9937
vn -0.0953 -0.9677 -0.2335
vn -0.0219 -0.1102 -0.9937
vn -0.1897 -0.9537 -0.2335
vn -0.0326 -0.1076 -0.9937
vn -0.0430 -0.1038 -0.9937
vn -0.0530 -0.0991 -0.9937
vn -0.4584 -0.8575 -0.2335
vn -0.0624 -0.0935 -0.9937
vn -0.5402 -0.8085 -0.2335
vn -0.0713 -0.0869 -0.9937
vn -0.6169 -0.7516 -0.2335
vn -0.0795 -0.0795 -0.9937
vn -0.6876 -0.6876 -0.2335
vn -0.0869 -0.0713 -0.9937
vn -0.7516 -0.6169 -0.2335
vn -0.0935 -0.0624 -0.9937
vn -0.8085 -0.5402 -0.2335
vn -0.0991 -0.0530 -0.9937
vn -0.8575 -0.4584 -0.2335
vn -0.1038 -0.0430 -0.9937
vn -0.8983 -0.3721 -0.2335
vn -0.1076 -0.0326 -0.9937
vn -0.9305 -0.2823 -0.2335
vn -0.1102 -0.0219 -0.9937
vn -0.9537 -0.1897 -0.2335
vn -0.1119 -0.0110 -0.9937
vn -0.9677 -0.0953 -0.2335
vn -0.1124 -0.0000 -0.9937
vn -0.9724 -0.0000 -0.2335
vn -0.1119 0.0110 -0.9937
vn -0.9677 0.0953 -0.2335
vn -0.1102 0.0219 -0.9937
vn -0.9537 0.1897 -0.2335
vn -0.1076 0.0326 -0.9937
vn -0.9305 0.2823 -0.2335
vn -0.1038 0.0430 -0.9937
vn -0.8983 0.3721 -0.2335
vn -0.0991 0.0530 -0.9937
vn -0.8575 0.4584 -0.2335
vn -0.0935 0.0624 -0.9937
vn -0.8085 0.5402 -0.2335
vn -0.0869 0.0713 -0.9937
vn -0.7516 0.6169 -0.2335
vn -0.0795 0.0795 -0.9937
vn -0.6876 0.6876 -0.2335
vn -0.0713 0.0869 -0.9937
vn -0.6169 0.7516 -0.2335
vn -0.0624 0.0935 -0.9937
vn -0.5402 0.8085 -0.2335
vn -0.0530 0.0991 -0.9937
vn -0.4584 0.8575 -0.2335
vn -0.0430 0.1038 -0.9937
vn -0.3721 0.8983 -0.2335
vn -0.0326 0.1076 -0.9937
vn -0.2823 0.9305 -0.2335
vn -0.0219 0.1102 -0.9937
vn -0.1897 0.9537 -0.2335
vn -0.0110 0.1119 -0.9937
vn -0.0953 0.9677 -0.2335
vn -0.0000 0.1124 -0.9937
vn -0.0000 0.9724 -0.2335
vn 0.0110 0.1119 -0.9937
vn 0.0953 0.9677 -0.2335
vn 0.0219 0.1102 -0.9937
vn 0.1897 0.9537 -0.2335
vn 0.0326 0.1076 -0.9937
vn 0.2823 0.9305 -0.2335
vn 0.0430 0.1038 -0.9937
vn 0.3721 0.8983 -0.2335
vn 0.0530 0.0991 -0.9937
vn 0.4584 0.8575 -0.2335
vn 0.0624 0.0935 -0.9937
vn 0.5402 0.8085 -0.2335
vn 0.0713 0.0869 -0.9937
vn 0.6169 0.7516 -0.2335
vn 0.0795 0.0795 -0.9937
vn 0.6876 0.6876 -0.2335
vn 0.0869 0.0713 -0.9937
vn 0.7516 0.6169 -0.2335
vn 0.0935 0.0624 -0.9937
vn 0.8085 0.5402 -0.2335
vn 0.0991 0.0530 -0.9937
vn 0.8575 0.4584 -0.2335
vn 0.1038 0.0430 -0.9937
vn 0.8983 0.3721 -0.2335
vn 0.1076 0.0326 -0.9937
vn 0.9305 0.2823 -0.2335
vn 0.1102 0.0219 -0.9937
vn 0.9537 0.1897 -0.2335
vn 0.1119 0.0110 -0.9937
vn 0.9677 0.0953 -0.2335
vn 0.1124 -0.0000 -0.9937
vn 0.9724 -0.0000 -0.2335
vn 0.1119 -0.0110 -0.9937
vn 0.9677 -0.0953 -0.2335
vn 0.1102 -0.0219 -0.9937
vn 0.9537 -0.1897 -0.2335
vn 0.1076 -0.0326 -0.9937
vn 0.9305 -0.2823 -0.2335
vn 0.1038 -0.0430 -0.9937
vn 0.8983 -0.3721 -0.2335
vn 0.0991 -0.0530 -0.9937
vn 0.8575 -0.4584 -0.2335
vn 0.0935 -0.0624 -0.9937
vn 0.8085 -0.5402 -0.2335
vn 0.0869 -0.0713 -0.9937
vn 0.7516 -0.6169 -0.2335
vn 0.0795 -0.0795 -0.9937
vn 0.6876 -0.6876 -0.2335
vn 0.0713 -0.0869 -0.9937
vn 0.6169 -0.7516 -0.2335
vn 0.0624 -0.0935 -0.9937
vn 0.5402 -0.8085 -0.2335
vn 0.0530 -0.0991 -0.9937
vn 0.4584 -0.8575 -0.2335
vn 0.0430 -0.1038 -0.9937
vn 0.3721 -0.8983 -0.2335
vn 0.0326 -0.1076 -0.9937
vn 0.2823 -0.9305 -0.2335
vn 0.0219 -0.1102 -0.9937
vn 0.1897 -0.9537 -0.2335
vn 0.0110 -0.1119 -0.9937
vn 0.0953 -0.9677 -0.2335
vn 0.0810 -0.8221 0.5635
vn -0.0000 -0.8261 0.5635
vn 0.4590 0.6869 0.5635
vn 0.5241 0.6386 0.5635
vn -0.5241 0.6386 0.5635
vn -0.4590 0.6869 0.5635
vn 0.3161 -0.7632 0.5635
vn 0.2398 -0.7905 0.5635
vn -0.7632 -0.3161 0.5635
vn -0.7905 -0.2398 0.5635
vn 0.8221 0.0810 0.5635
vn 0.8261 -0.0000 0.5635
vn 0.1612 0.8102 0.5635
vn 0.2398 0.7905 0.5635
vn -0.7286 0.3894 0.5635
vn -0.6869 0.4590 0.5635
vn 0.5841 -0.5841 0.5635
vn 0.5241 -0.6386 0.5635
vn -0.5841 -0.5841 0.5635
vn -0.6386 -0.5241 0.5635
vn 0.7286 0.3894 0.5635
vn 0.7632 0.3161 0.5635
vn -0.1612 0.8102 0.5635
vn -0.0810 0.8221 0.5635
vn -0.8221 0.0810 0.5635
vn -0.8102 0.1612 0.5635
vn 0.7632 -0.3161 0.5635
vn 0.7286 -0.3894 0.5635
vn -0.3894 -0.7286 0.5635
vn 0.5841 0.5841 0.5635
vn -0.3894 0.7286 0.5635
vn 0.1612 -0.8102 0.5635
vn -0.8102 -0.1612 0.5635
vn 0.8221 -0.0810 0.5635
vn 0.3161 0.7632 0.5635
vn -0.6386 0.5241 0.5635
vn 0.4590 -0.6869 0.5635
vn -0.6869 -0.4590 0.5635
vn 0.7905 0.2398 0.5635
vn -0.0000 0.8261 0.5635
vn -0.7905 0.2398 0.5635
vn 0.6869 -0.4590 0.5635
vn -0.4590 -0.6869 0.5635
vn -0.0243 -0.2469 0.9687
vn -0.0000 -0.2481 0.9687
vn 0.0243 -0.2469 0.9687
vn 0.0484 -0.2433 0.9687
vn 0.0720 -0.2374 0.9687
vn 0.0949 -0.2292 0.9687
vn 0.1169 -0.2188 0.9687
vn 0.1378 -0.2063 0.9687
vn 0.1574 -0.1917 0.9687
vn 0.1754 -0.1754 0.9687
vn 0.1917 -0.1574 0.9687
vn 0.2063 -0.1378 0.9687
vn 0.2188 -0.1169 0.9687
vn 0.2292 -0.0949 0.9687
vn 0.2374 -0.0720 0.9687
vn 0.2433 -0.0484 0.9687
vn 0.2469 -0.0243 0.9687
vn 0.2481 -0.0000 0.9687
vn 0.2469 0.0243 0.9687
vn 0.2433 0.0484 0.9687
vn 0.2374 0.0720 0.9687
vn 0.2292 0.0949 0.9687
vn 0.2188 0.1169 0.9687
vn 0.2063 0.1378 0.9687
vn 0.1917 0.1574 0.9687
vn 0.1754 0.1754 0.9687
vn 0.1574 0.1917 0.9687
vn 0.1378 0.2063 0.9687
vn 0.1169 0.2188 0.9687
vn 0.0949 0.2292 0.9687
vn 0.0720 0.2374 0.9687
vn 0.0484 0.2433 0.9687
vn 0.0243 0.2469 0.9687
vn -0.0000 0.2481 0.9687
vn -0.0243 0.2469 0.9687
vn -0.0484 0.2433 0.9687
vn -0.0720 0.2374 0.9687
vn -0.0949 0.2292 0.9687
vn -0.1169 0.2188 0.9687
vn -0.1378 0.2063 0.9687
vn -0.1574 0.1917 0.9687
vn -0.1754 0.1754 0.9687
vn -0.1917 0.1574 0.9687
vn -0.2063 0.1378 0.9687
vn -0.2188 0.1169 0.9687
vn -0.2292 0.0949 0.9687
vn -0.2374 0.0720 0.9687
vn -0.2433 0.0484 0.9687
vn -0.2469 0.0243 0.9687
vn -0.2481 -0.0000 0.9687
vn -0.2469 -0.0243 0.9687
vn -0.2433 -0.0484 0.9687
vn -0.2374 -0.0720 0.9687
vn -0.2292 -0.0949 0.9687
vn -0.2188 -0.1169 0.9687
vn -0.2063 -0.1378 0.9687
vn -0.1917 -0.1574 0.9687
vn -0.1754 -0.1754 0.9687
vn -0.1574 -0.1917 0.9687
vn -0.1378 -0.2063 0.9687
vn -0.1169 -0.2188 0.9687
vn -0.0949 -0.2292 0.9687
vn -0.0720 -0.2374 0.9687
vn -0.0484 -0.2433 0.9687
vn 0.6386 0.5241 0.5635
vn -0.3161 0.7632 0.5635
vn -0.8221 -0.0810 0.5635
vn 0.8102 -0.1612 0.5635
vn 0.3894 0.7286 0.5635
vn -0.5841 0.5841 0.5635
vn 0.3894 -0.7286 0.5635
vn -0.7286 -0.3894 0.5635
vn 0.8102 0.1612 0.5635
vn 0.0810 0.8221 0.5635
vn -0.7632 0.3161 0.5635
vn 0.6386 -0.5241 0.5635
vn -0.5241 -0.6386 0.5635
vn 0.6869 0.4590 0.5635
vn -0.2398 0.7905 0.5635
vn -0.8261 -0.0000 0.5635
vn 0.7905 -0.2398 0.5635
vn -0.1612 -0.8102 0.5635
vn -0.0810 -0.8221 0.5635
vt 0.750000 0.432690
vt 0.037974 0.559626
vt 0.726476 0.488844
vt 0.962026 0.559626
vt 0.773524 0.488844
vt 0.000000 0.559626
vt 0.250000 0.432690
vt 0.962025 0.940374
vt 0.273524 0.488844
vt 0.000000 0.940374
vt 0.037974 0.940374
vt 0.226476 0.488844
vt 0.767906 0.431810
vt 0.750000 0.490000
vt 1.022349 0.559626
vt 0.946401 0.559626
vt 0.796822 0.485388
vt 0.267907 0.431810
vt 0.946401 0.940374
vt 0.296822 0.485388
vt 0.250000 0.490000
vt 1.022349 0.940374
vt 0.785641 0.429179
vt 0.773524 0.488844
vt 1.006724 0.559626
vt 0.930776 0.559626
vt 0.819668 0.479666
vt 0.285641 0.429180
vt 0.930776 0.940374
vt 0.319668 0.479666
vt 0.273524 0.488844
vt 1.006724 0.940374
vt 0.803032 0.424823
vt 0.796822 0.485388
vt 0.991099 0.559626
vt 0.915151 0.559626
vt 0.841844 0.471731
vt 0.303032 0.424823
vt 0.915151 0.940374
vt 0.341844 0.471731
vt 0.296822 0.485388
vt 0.991099 0.940374
vt 0.819912 0.418783
vt 0.819668 0.479666
vt 0.975474 0.559626
vt 0.899526 0.559626
vt 0.863135 0.461661
vt 0.319912 0.418784
vt 0.899526 0.940374
vt 0.363135 0.461661
vt 0.319668 0.479666
vt 0.975474 0.940374
vt 0.836120 0.411118
vt 0.841844 0.471731
vt 0.959849 0.559626
vt 0.883901 0.559626
vt 0.883337 0.449553
vt 0.336119 0.411118
vt 0.883901 0.940374
vt 0.383337 0.449553
vt 0.341844 0.471731
vt 0.959849 0.940374
vt 0.851497 0.401901
vt 0.863135 0.461661
vt 0.944224 0.559626
vt 0.868276 0.559626
vt 0.902254 0.435522
vt 0.351497 0.401901
vt 0.868276 0.940374
vt 0.402254 0.435522
vt 0.363135 0.461661
vt 0.944224 0.940374
vt 0.865897 0.391221
vt 0.883337 0.449553
vt 0.928599 0.559626
vt 0.852651 0.559626
vt 0.919706 0.419706
vt 0.365897 0.391221
vt 0.852651 0.940374
vt 0.419706 0.419706
vt 0.383337 0.449553
vt 0.928599 0.940374
vt 0.879181 0.379181
vt 0.902254 0.435522
vt 0.912974 0.559626
vt 0.837026 0.559626
vt 0.935522 0.402254
vt 0.379181 0.379181
vt 0.837026 0.940374
vt 0.435522 0.402254
vt 0.402254 0.435522
vt 0.912974 0.940374
vt 0.891221 0.365897
vt 0.919706 0.419706
vt 0.897349 0.559626
vt 0.821401 0.559626
vt 0.949553 0.383337
vt 0.391221 0.365897
vt 0.821401 0.940374
vt 0.449553 0.383337
vt 0.419706 0.419706
vt 0.897350 0.940374
vt 0.901901 0.351497
vt 0.935522 0.402254
vt 0.881724 0.559626
vt 0.805776 0.559626
vt 0.961661 0.363135
vt 0.401901 0.351497
vt 0.805776 0.940374
vt 0.461661 0.363135
vt 0.435522 0.402254
vt 0.881724 0.940374
vt 0.911118 0.336120
vt 0.949553 0.383337
vt 0.866099 0.559626
vt 0.790151 0.559626
vt 0.971731 0.341844
vt 0.411118 0.336120
vt 0.790151 0.940374
vt 0.471731 0.341844
vt 0.449553 0.383337
vt 0.866099 0.940374
vt 0.918783 0.319912
vt 0.961661 0.363135
vt 0.850474 0.559626
vt 0.774526 0.559626
vt 0.979666 0.319668
vt 0.418784 0.319912
vt 0.774526 0.940374
vt 0.479666 0.319668
vt 0.461661 0.363135
vt 0.850474 0.940374
vt 0.924823 0.303032
vt 0.971731 0.341844
vt 0.834849 0.559626
vt 0.758901 0.559626
vt 0.985388 0.296822
vt 0.424823 0.303032
vt 0.758901 0.940374
vt 0.485388 0.296822
vt 0.471731 0.341844
vt 0.834849 0.940374
vt 0.929180 0.285641
vt 0.979666 0.319668
vt 0.819224 0.559626
vt 0.743276 0.559626
vt 0.988844 0.273524
vt 0.429180 0.285641
vt 0.743276 0.940374
vt 0.488844 0.273524
vt 0.479666 0.319668
vt 0.819224 0.940374
vt 0.931810 0.267907
vt 0.985388 0.296822
vt 0.803599 0.559626
vt 0.727651 0.559626
vt 0.990000 0.250000
vt 0.431810 0.267907
vt 0.727651 0.940374
vt 0.490000 0.250000
vt 0.485388 0.296822
vt 0.803599 0.940374
vt 0.932690 0.250000
vt 0.988844 0.273524
vt 0.787974 0.559626
vt 0.712026 0.559626
vt 0.988844 0.226476
vt 0.432690 0.250000
vt 0.712026 0.940374
vt 0.488844 0.226476
vt 0.488844 0.273524
vt 0.787975 0.940374
vt 0.931810 0.232093
vt 0.990000 0.250000
vt 0.772349 0.559626
vt 0.696401 0.559626
vt 0.985388 0.203178
vt 0.431810 0.232093
vt 0.696401 0.940374
vt 0.485388 0.203178
vt 0.490000 0.250000
vt 0.772349 0.940374
vt 0.929180 0.214359
vt 0.988844 0.226476
vt 0.756724 0.559626
vt 0.680776 0.559626
vt 0.979666 0.180332
vt 0.429180 0.214359
vt 0.680776 0.940374
vt 0.479666 0.180332
vt 0.488844 0.226476
vt 0.756724 0.940374
vt 0.924823 0.196968
vt 0.985388 0.203178
vt 0.741099 0.559626
vt 0.665151 0.559626
vt 0.971731 0.158156
vt 0.424823 0.196968
vt 0.665151 0.940374
vt 0.471731 0.158156
vt 0.485388 0.203178
vt 0.741099 0.940374
vt 0.918783 0.180088
vt 0.979666 0.180332
vt 0.725474 0.559626
vt 0.649526 0.559626
vt 0.961661 0.136865
vt 0.418784 0.180088
vt 0.649526 0.940374
vt 0.461661 0.136865
vt 0.479666 0.180332
vt 0.725474 0.940374
vt 0.911118 0.163880
vt 0.971731 0.158156
vt 0.709849 0.559626
vt 0.633901 0.559626
vt 0.949553 0.116663
vt 0.411118 0.163881
vt 0.633901 0.940374
vt 0.449553 0.116663
vt 0.471731 0.158156
vt 0.709849 0.940374
vt 0.901901 0.148503
vt 0.961661 0.136865
vt 0.694224 0.559626
vt 0.618276 0.559626
vt 0.935522 0.097746
vt 0.401901 0.148503
vt 0.618276 0.940374
vt 0.435522 0.097746
vt 0.461661 0.136865
vt 0.694224 0.940374
vt 0.891221 0.134103
vt 0.949553 0.116663
vt 0.678599 0.559626
vt 0.602651 0.559626
vt 0.919706 0.080294
vt 0.391221 0.134103
vt 0.602651 0.940374
vt 0.419706 0.080294
vt 0.449553 0.116663
vt 0.678599 0.940374
vt 0.879181 0.120819
vt 0.935522 0.097746
vt 0.662974 0.559626
vt 0.587026 0.559626
vt 0.902254 0.064478
vt 0.379181 0.120819
vt 0.587026 0.940374
vt 0.402254 0.064478
vt 0.435522 0.097746
vt 0.662974 0.940374
vt 0.865897 0.108779
vt 0.919706 0.080294
vt 0.647349 0.559626
vt 0.571401 0.559626
vt 0.883337 0.050447
vt 0.365897 0.108779
vt 0.571401 0.940374
vt 0.383337 0.050447
vt 0.419706 0.080294
vt 0.647349 0.940374
vt 0.851497 0.098099
vt 0.902254 0.064478
vt 0.631724 0.559626
vt 0.555776 0.559626
vt 0.863135 0.038339
vt 0.351497 0.098099
vt 0.555776 0.940374
vt 0.363135 0.038339
vt 0.402254 0.064478
vt 0.631724 0.940374
vt 0.836120 0.088882
vt 0.883337 0.050447
vt 0.616099 0.559626
vt 0.540151 0.559626
vt 0.841844 0.028269
vt 0.336120 0.088882
vt 0.540151 0.940374
vt 0.341844 0.028269
vt 0.383337 0.050447
vt 0.616099 0.940374
vt 0.819913 0.081217
vt 0.863135 0.038339
vt 0.600474 0.559626
vt 0.524526 0.559626
vt 0.819668 0.020334
vt 0.319912 0.081217
vt 0.524526 0.940374
vt 0.319668 0.020334
vt 0.363135 0.038339
vt 0.600474 0.940374
vt 0.803032 0.075177
vt 0.841844 0.028269
vt 0.584849 0.559626
vt 0.508901 0.559626
vt 0.796822 0.014612
vt 0.303032 0.075177
vt 0.508901 0.940374
vt 0.296822 0.014612
vt 0.341844 0.028269
vt 0.584849 0.940374
vt 0.785641 0.070820
vt 0.819668 0.020334
vt 0.569224 0.559626
vt 0.493276 0.559626
vt 0.773524 0.011156
vt 0.285641 0.070820
vt 0.493276 0.940374
vt 0.273524 0.011156
vt 0.319668 0.020334
vt 0.569224 0.940374
vt 0.767907 0.068190
vt 0.796822 0.014612
vt 0.553599 0.559626
vt 0.477651 0.559626
vt 0.750000 0.010000
vt 0.267907 0.068190
vt 0.477651 0.940374
vt 0.250000 0.010000
vt 0.296822 0.014612
vt 0.553599 0.940374
vt 0.750000 0.067310
vt 0.773524 0.011156
vt 0.537974 0.559626
vt 0.462026 0.559626
vt 0.726476 0.011156
vt 0.250000 0.067310
vt 0.462026 0.940374
vt 0.226476 0.011156
vt 0.273524 0.011156
vt 0.537974 0.940374
vt 0.732093 0.068190
vt 0.750000 0.010000
vt 0.522349 0.559626
vt 0.446401 0.559626
vt 0.703178 0.014612
vt 0.232093 0.068190
vt 0.446401 0.940374
vt 0.203178 0.014612
vt 0.250000 0.010000
vt 0.522349 0.940374
vt 0.714359 0.070820
vt 0.726476 0.011156
vt 0.506724 0.559626
vt 0.430776 0.559626
vt 0.680332 0.020334
vt 0.214359 0.070820
vt 0.430776 0.940374
vt 0.180332 0.020334
vt 0.226476 0.011156
vt 0.506724 0.940374
vt 0.696968 0.075177
vt 0.703178 0.014612
vt 0.491099 0.559626
vt 0.415151 0.559626
vt 0.658156 0.028269
vt 0.196968 0.075177
vt 0.415151 0.940374
vt 0.158156 0.028269
vt 0.203178 0.014612
vt 0.491099 0.940374
vt 0.680088 0.081217
vt 0.680332 0.020334
vt 0.475474 0.559626
vt 0.399526 0.559626
vt 0.636865 0.038339
vt 0.180088 0.081217
vt 0.399526 0.940374
vt 0.136865 0.038339
vt 0.180332 0.020334
vt 0.475474 0.940374
vt 0.663880 0.088882
vt 0.658156 0.028269
vt 0.459849 0.559626
vt 0.383901 0.559626
vt 0.616663 0.050447
vt 0.163880 0.088882
vt 0.383901 0.940374
vt 0.116663 0.050447
vt 0.158156 0.028269
vt 0.459849 0.940374
vt 0.648503 0.098099
vt 0.636865 0.038339
vt 0.444224 0.559626
vt 0.368276 0.559626
vt 0.597746 0.064478
vt 0.148503 0.098099
vt 0.368276 0.940374
vt 0.097746 0.064478
vt 0.136865 0.038339
vt 0.444224 0.940374
vt 0.634103 0.108779
vt 0.616663 0.050447
vt 0.428599 0.559626
vt 0.352651 0.559626
vt 0.580294 0.080294
vt 0.134103 0.108779
vt 0.352651 0.940374
vt 0.080294 0.080294
vt 0.116663 0.050447
vt 0.428599 0.940374
vt 0.620819 0.120819
vt 0.597746 0.064478
vt 0.412974 0.559626
vt 0.337026 0.559626
vt 0.564478 0.097746
vt 0.120819 0.120819
vt 0.337026 0.940374
vt 0.064478 0.097746
vt 0.097746 0.064478
vt 0.412974 0.940374
vt 0.608779 0.134103
vt 0.580294 0.080294
vt 0.397349 0.559626
vt 0.321401 0.559626
vt 0.550447 0.116663
vt 0.108779 0.134103
vt 0.321401 0.940374
vt 0.050447 0.116663
vt 0.080294 0.080294
vt 0.397349 0.940374
vt 0.598099 0.148503
vt 0.564478 0.097746
vt 0.381724 0.559626
vt 0.305776 0.559626
vt 0.538339 0.136865
vt 0.098099 0.148503
vt 0.305776 0.940374
vt 0.038339 0.136865
vt 0.064478 0.097746
vt 0.381724 0.940374
vt 0.588882 0.163881
vt 0.550447 0.116663
vt 0.366099 0.559626
vt 0.290151 0.559626
vt 0.528269 0.158156
vt 0.088882 0.163880
vt 0.290151 0.940374
vt 0.028269 0.158156
vt 0.050447 0.116663
vt 0.366099 0.940374
vt 0.581216 0.180088
vt 0.538339 0.136865
vt 0.350474 0.559626
vt 0.274526 0.559626
vt 0.520334 0.180332
vt 0.081217 0.180088
vt 0.274526 0.940374
vt 0.020334 0.180332
vt 0.038339 0.136865
vt 0.350474 0.940374
vt 0.575177 0.196968
vt 0.528269 0.158156
vt 0.334849 0.559626
vt 0.258901 0.559626
vt 0.514612 0.203178
vt 0.075177 0.196968
vt 0.258901 0.940374
vt 0.014612 0.203178
vt 0.028269 0.158156
vt 0.334849 0.940374
vt 0.570820 0.214359
vt 0.520334 0.180332
vt 0.319224 0.559626
vt 0.243276 0.559626
vt 0.511156 0.226476
vt 0.070820 0.214359
vt 0.243276 0.940374
vt 0.011156 0.226476
vt 0.020334 0.180332
vt 0.319224 0.940374
vt 0.568190 0.232093
vt 0.514612 0.203178
vt 0.303599 0.559626
vt 0.227651 0.559626
vt 0.510000 0.250000
vt 0.068190 0.232093
vt 0.227651 0.940374
vt 0.010000 0.250000
vt 0.014612 0.203178
vt 0.303599 0.940374
vt 0.567310 0.250000
vt 0.511156 0.226476
vt 0.287974 0.559626
vt 0.212026 0.559626
vt 0.511156 0.273524
vt 0.067310 0.250000
vt 0.212026 0.940374
vt 0.011156 0.273524
vt 0.011156 0.226476
vt 0.287974 0.940374
vt 0.568190 0.267907
vt 0.510000 0.250000
vt 0.272349 0.559626
vt 0.196401 0.559626
vt 0.514612 0.296822
vt 0.068190 0.267907
vt 0.196401 0.940374
vt 0.014612 0.296822
vt 0.010000 0.250000
vt 0.272349 0.940374
vt 0.570821 0.285641
vt 0.511156 0.273524
vt 0.256724 0.559626
vt 0.180776 0.559626
vt 0.520334 0.319668
vt 0.070820 0.285641
vt 0.180776 0.940374
vt 0.020334 0.319668
vt 0.011156 0.273524
vt 0.256724 0.940374
vt 0.575177 0.303032
vt 0.514612 0.296822
vt 0.241099 0.559626
vt 0.165151 0.559626
vt 0.528269 0.341844
vt 0.075177 0.303032
vt 0.165151 0.940374
vt 0.028269 0.341844
vt 0.014612 0.296822
vt 0.241099 0.940374
vt 0.581216 0.319912
vt 0.520334 0.319668
vt 0.225474 0.559626
vt 0.149526 0.559626
vt 0.538339 0.363135
vt 0.081217 0.319912
vt 0.149526 0.940374
vt 0.038339 0.363135
vt 0.020334 0.319668
vt 0.225474 0.940374
vt 0.588882 0.336120
vt 0.528269 0.341844
vt 0.209849 0.559626
vt 0.133901 0.559626
vt 0.550447 0.383337
vt 0.088882 0.336120
vt 0.133901 0.940374
vt 0.050447 0.383337
vt 0.028269 0.341844
vt 0.209849 0.940374
vt 0.598099 0.351497
vt 0.538339 0.363135
vt 0.194224 0.559626
vt 0.118276 0.559626
vt 0.564478 0.402254
vt 0.098099 0.351497
vt 0.118276 0.940374
vt 0.064478 0.402254
vt 0.038339 0.363135
vt 0.194224 0.940374
vt 0.608779 0.365897
vt 0.550447 0.383337
vt 0.178599 0.559626
vt 0.102651 0.559626
vt 0.580294 0.419706
vt 0.108779 0.365897
vt 0.102651 0.940374
vt 0.080294 0.419706
vt 0.050447 0.383337
vt 0.178599 0.940374
vt 0.620819 0.379181
vt 0.564478 0.402254
vt 0.162974 0.559626
vt 0.087026 0.559626
vt 0.597746 0.435522
vt 0.120819 0.379181
vt 0.087026 0.940374
vt 0.097746 0.435522
vt 0.064478 0.402254
vt 0.162974 0.940374
vt 0.634103 0.391221
vt 0.580294 0.419706
vt 0.147349 0.559626
vt 0.071401 0.559626
vt 0.616663 0.449553
vt 0.134103 0.391221
vt 0.071401 0.940374
vt 0.116663 0.449553
vt 0.080294 0.419706
vt 0.147349 0.940374
vt 0.648503 0.401901
vt 0.597746 0.435522
vt 0.131724 0.559626
vt 0.055776 0.559626
vt 0.636865 0.461661
vt 0.148503 0.401901
vt 0.055776 0.940374
vt 0.136865 0.461661
vt 0.097746 0.435522
vt 0.131724 0.940374
vt 0.663880 0.411118
vt 0.616663 0.449553
vt 0.116099 0.559626
vt 0.040151 0.559626
vt 0.658156 0.471731
vt 0.163880 0.411118
vt 0.040151 0.940374
vt 0.158156 0.471731
vt 0.116663 0.449553
vt 0.116099 0.940374
vt 0.680088 0.418783
vt 0.636865 0.461661
vt 0.100474 0.559626
vt 0.024526 0.559626
vt 0.680332 0.479666
vt 0.180088 0.418783
vt 0.024526 0.940374
vt 0.180332 0.479666
vt 0.136865 0.461661
vt 0.100474 0.940374
vt 0.696968 0.424823
vt 0.658156 0.471731
vt 0.084849 0.559626
vt 0.008901 0.559626
vt 0.703178 0.485388
vt 0.196968 0.424823
vt 0.008901 0.940374
vt 0.203178 0.485388
vt 0.158156 0.471731
vt 0.084849 0.940374
vt 0.714359 0.429180
vt 0.680332 0.479666
vt 0.069224 0.559626
vt -0.006724 0.559626
vt 0.726476 0.488844
vt 0.214359 0.429180
vt -0.006724 0.940374
vt 0.226476 0.488844
vt 0.180332 0.479666
vt 0.069224 0.940374
vt 0.732094 0.431810
vt 0.703178 0.485388
vt 0.053599 0.559626
vt -0.022349 0.559626
vt 0.750000 0.490000
vt 0.232093 0.431810
vt -0.022349 0.940374
vt 0.250000 0.490000
vt 0.203178 0.485388
vt 0.053599 0.940374
vt 0.250000 0.432690
vt 0.250000 0.393695
vt 0.264084 0.393003
vt 0.267907 0.431810
vt 0.278033 0.390934
vt 0.285641 0.429180
vt 0.291712 0.387507
vt 0.303032 0.424823
vt 0.304990 0.382757
vt 0.319912 0.418784
vt 0.317737 0.376727
vt 0.336119 0.411118
vt 0.329833 0.369478
vt 0.351497 0.401901
vt 0.341159 0.361077
vt 0.365897 0.391221
vt 0.351607 0.351607
vt 0.379181 0.379181
vt 0.361077 0.341159
vt 0.391221 0.365897
vt 0.369478 0.329833
vt 0.401901 0.351497
vt 0.376727 0.317737
vt 0.411118 0.336120
vt 0.382757 0.304990
vt 0.418784 0.319912
vt 0.387507 0.291712
vt 0.424823 0.303032
vt 0.390934 0.278033
vt 0.429180 0.285641
vt 0.393003 0.264084
vt 0.431810 0.267907
vt 0.393694 0.250000
vt 0.432690 0.250000
vt 0.393003 0.235916
vt 0.431810 0.232093
vt 0.390934 0.221967
vt 0.429180 0.214359
vt 0.387507 0.208288
vt 0.424823 0.196968
vt 0.382756 0.195010
vt 0.418784 0.180088
vt 0.376727 0.182263
vt 0.411118 0.163881
vt 0.369478 0.170167
vt 0.401901 0.148503
vt 0.361077 0.158841
vt 0.391221 0.134103
vt 0.351607 0.148393
vt 0.379181 0.120819
vt 0.341159 0.138923
vt 0.365897 0.108779
vt 0.329833 0.130522
vt 0.351497 0.098099
vt 0.317737 0.123273
vt 0.336120 0.088882
vt 0.304990 0.117244
vt 0.319912 0.081217
vt 0.291712 0.112493
vt 0.303032 0.075177
vt 0.278033 0.109067
vt 0.285641 0.070820
vt 0.264084 0.106997
vt 0.267907 0.068190
vt 0.250000 0.106305
vt 0.250000 0.067310
vt 0.235916 0.106997
vt 0.232093 0.068190
vt 0.221967 0.109067
vt 0.214359 0.070820
vt 0.208288 0.112493
vt 0.196968 0.075177
vt 0.195010 0.117244
vt 0.180088 0.081217
vt 0.182263 0.123273
vt 0.163880 0.088882
vt 0.170167 0.130522
vt 0.148503 0.098099
vt 0.158841 0.138923
vt 0.134103 0.108779
vt 0.148393 0.148393
vt 0.120819 0.120819
vt 0.138923 0.158841
vt 0.108779 0.134103
vt 0.130522 0.170168
vt 0.098099 0.148503
vt 0.123273 0.182263
vt 0.088882 0.163880
vt 0.117244 0.195010
vt 0.081217 0.180088
vt 0.112493 0.208288
vt 0.075177 0.196968
vt 0.109067 0.221967
vt 0.070820 0.214359
vt 0.106997 0.235916
vt 0.068190 0.232093
vt 0.106305 0.250000
vt 0.067310 0.250000
vt 0.106997 0.264085
vt 0.068190 0.267907
vt 0.109067 0.278033
vt 0.070820 0.285641
vt 0.112493 0.291713
vt 0.075177 0.303032
vt 0.117244 0.304990
vt 0.081217 0.319912
vt 0.123273 0.317737
vt 0.088882 0.336120
vt 0.130522 0.329833
vt 0.098099 0.351497
vt 0.138923 0.341159
vt 0.108779 0.365897
vt 0.148393 0.351607
vt 0.120819 0.379181
vt 0.158841 0.361077
vt 0.134103 0.391221
vt 0.170167 0.369478
vt 0.148503 0.401901
vt 0.182263 0.376727
vt 0.163880 0.411118
vt 0.195010 0.382756
vt 0.180088 0.418783
vt 0.208288 0.387507
vt 0.196968 0.424823
vt 0.221967 0.390934
vt 0.214359 0.429180
vt 0.235916 0.393003
vt 0.232093 0.431810
s 1
f 1933/2974/1549 1935/2977/1550 1558/2349/1551 1554/2340/1552
f 1567/2364/1553 1569/2367/1554 1576/2380/1555 1572/2373/1556
f 1573/2374/1557 1575/2377/1558 1582/2390/1559 1578/2383/1560
f 1579/2384/1561 1581/2387/1562 1588/2400/1563 1584/2393/1564
f 1585/2394/1565 1587/2397/1566 1594/2410/1567 1590/2403/1568
f 1591/2404/1569 1593/2407/1570 1600/2420/1571 1596/2413/1572
f 1597/2414/1573 1599/2417/1574 1606/2430/1575 1602/2423/1576
f 1603/2424/1577 1605/2427/1578 1612/2440/1579 1608/2433/1580
f 1609/2434/1581 1611/2437/1582 1618/2450/1583 1614/2443/1584
f 1615/2444/1585 1617/2447/1586 1624/2460/1587 1620/2453/1588
f 1621/2454/1589 1623/2457/1590 1630/2470/1591 1626/2463/1592
f 1627/2464/1593 1629/2467/1594 1636/2480/1595 1632/2473/1596
f 1633/2474/1597 1635/2477/1598 1642/2490/1599 1638/2483/1600
f 1639/2484/1601 1641/2487/1602 1648/2500/1603 1644/2493/1604
f 1645/2494/1605 1647/2497/1606 1654/2510/1607 1650/2503/1608
f 1651/2504/1609 1653/2507/1610 1660/2520/1611 1656/2513/1612
f 1657/2514/1613 1659/2517/1614 1666/2530/1615 1662/2523/1616
f 1663/2524/1617 1665/2527/1618 1672/2540/1619 1668/2533/1620
f 1669/2534/1621 1671/2537/1622 1678/2550/1623 1674/2543/1624
f 1675/2544/1625 1677/2547/1626 1684/2560/1627 1680/2553/1628
f 1681/2554/1629 1683/2557/1630 1690/2570/1631 1686/2563/1632
f 1687/2564/1633 1689/2567/1634 1696/2580/1635 1692/2573/1636
f 1693/2574/1637 1695/2577/1638 1702/2590/1639 1698/2583/1640
f 1699/2584/1641 1701/2587/1642 1708/2600/1643 1704/2593/1644
f 1705/2594/1645 1707/2597/1646 1714/2610/1647 1710/2603/1648
f 1711/2604/1649 1713/2607/1650 1720/2620/1651 1716/2613/1652
f 1717/2614/1653 1719/2617/1654 1726/2630/1655 1722/2623/1656
f 1723/2624/1657 1725/2627/1658 1732/2640/1659 1728/2633/1660
f 1729/2634/1661 1731/2637/1662 1738/2650/1663 1734/2643/1664
f 1735/2644/1665 1737/2647/1666 1744/2660/1667 1740/2653/1668
f 1741/2654/1669 1743/2657/1670 1750/2670/1671 1746/2663/1672
f 1747/2664/1673 1749/2667/1674 1756/2680/1675 1752/2673/1676
f 1753/2674/1677 1755/2677/1678 1762/2690/1679 1758/2683/1680
f 1759/2684/1681 1761/2687/1682 1768/2700/1683 1764/2693/1684
f 1765/2694/1685 1767/2697/1686 1774/2710/1687 1770/2703/1688
f 1771/2704/1689 1773/2707/1690 1780/2720/1691 1776/2713/1692
f 1777/2714/1693 1779/2717/1694 1786/2730/1695 1782/2723/1696
f 1783/2724/1697 1785/2727/1698 1792/2740/1699 1788/2733/1700
f 1789/2734/1701 1791/2737/1702 1798/2750/1703 1794/2743/1704
f 1795/2744/1705 1797/2747/1706 1804/2760/1707 1800/2753/1708
f 1801/2754/1709 1803/2757/1710 1810/2770/1711 1806/2763/1712
f 1807/2764/1713 1809/2767/1714 1816/2780/1715 1812/2773/1716
f 1813/2774/1717 1815/2777/1718 1822/2790/1719 1818/2783/1720
f 1819/2784/1721 1821/2787/1722 1828/2800/1723 1824/2793/1724
f 1825/2794/1725 1827/2797/1726 1834/2810/1727 1830/2803/1728
f 1831/2804/1729 1833/2807/1730 1840/2820/1731 1836/2813/1732
f 1837/2814/1733 1839/2817/1734 1846/2830/1735 1842/2823/1736
f 1843/2824/1737 1845/2827/1738 1852/2840/1739 1848/2833/1740
f 1849/2834/1741 1851/2837/1742 1858/2850/1743 1854/2843/1744
f 1855/2844/1745 1857/2847/1746 1864/2860/1747 1860/2853/1748
f 1861/2854/1749 1863/2857/1750 1870/2870/1751 1866/2863/1752
f 1867/2864/1753 1869/2867/1754 1876/2880/1755 1872/2873/1756
f 1873/2874/1757 1875/2877/1758 1882/2890/1759 1878/2883/1760
f 1879/2884/1761 1881/2887/1762 1888/2900/1763 1884/2893/1764
f 1885/2894/1765 1887/2897/1766 1894/2910/1767 1890/2903/1768
f 1891/2904/1769 1893/2907/1770 1900/2920/1771 1896/2913/1772
f 1897/2914/1773 1899/2917/1774 1906/2930/1775 1902/2923/1776
f 1903/2924/1777 1905/2927/1778 1912/2940/1779 1908/2933/1780
f 1909/2934/1781 1911/2937/1782 1918/2950/1783 1914/2943/1784
f 1915/2944/1785 1917/2947/1786 1924/2960/1787 1920/2953/1788
f 1921/2954/1789 1923/2957/1790 1930/2970/1791 1926/2963/1792
f 1927/2964/1793 1929/2967/1794 1936/2980/1795 1932/2973/1796
f 1561/2354/1797 1563/2357/1798 1570/2370/1799 1566/2363/1800
f 1580/2386/1801 1574/2376/1802 1944/2988/1803 1946/2990/1804
f 1555/2342/1805 1557/2346/1806 1564/2360/1807 1560/2353/1808
f 1553/2339/1809 1554/2341/1552 1555/2343/1805
f 1556/2345/1810 1557/2347/1806 1558/2350/1551
f 1559/2351/1811 1560/2352/1808 1561/2355/1797
f 1562/2356/1812 1563/2358/1798 1564/2359/1807
f 1565/2361/1813 1566/2362/1800 1567/2365/1553
f 1568/2366/1814 1569/2368/1554 1570/2369/1799
f 1571/2371/1815 1572/2372/1556 1573/2375/1557
f 1574/2376/1802 1575/2378/1558 1576/2379/1555
f 1577/2381/1816 1578/2382/1560 1579/2385/1561
f 1580/2386/1801 1581/2388/1562 1582/2389/1559
f 1583/2391/1817 1584/2392/1564 1585/2395/1565
f 1586/2396/1818 1587/2398/1566 1588/2399/1563
f 1589/2401/1819 1590/2402/1568 1591/2405/1569
f 1592/2406/1820 1593/2408/1570 1594/2409/1567
f 1595/2411/1821 1596/2412/1572 1597/2415/1573
f 1598/2416/1822 1599/2418/1574 1600/2419/1571
f 1601/2421/1823 1602/2422/1576 1603/2425/1577
f 1604/2426/1824 1605/2428/1578 1606/2429/1575
f 1607/2431/1825 1608/2432/1580 1609/2435/1581
f 1610/2436/1826 1611/2438/1582 1612/2439/1579
f 1613/2441/1827 1614/2442/1584 1615/2445/1585
f 1616/2446/1828 1617/2448/1586 1618/2449/1583
f 1619/2451/1829 1620/2452/1588 1621/2455/1589
f 1622/2456/1830 1623/2458/1590 1624/2459/1587
f 1625/2461/1831 1626/2462/1592 1627/2465/1593
f 1628/2466/1832 1629/2468/1594 1630/2469/1591
f 1631/2471/1833 1632/2472/1596 1633/2475/1597
f 1634/2476/1834 1635/2478/1598 1636/2479/1595
f 1637/2481/1835 1638/2482/1600 1639/2485/1601
f 1640/2486/1836 1641/2488/1602 1642/2489/1599
f 1643/2491/1837 1644/2492/1604 1645/2495/1605
f 1646/2496/1838 1647/2498/1606 1648/2499/1603
f 1649/2501/1839 1650/2502/1608 1651/2505/1609
f 1652/2506/1840 1653/2508/1610 1654/2509/1607
f 1655/2511/1841 1656/2512/1612 1657/2515/1613
f 1658/2516/1842 1659/2518/1614 1660/2519/1611
f 1661/2521/1843 1662/2522/1616 1663/2525/1617
f 1664/2526/1844 1665/2528/1618 1666/2529/1615
f 1667/2531/1845 1668/2532/1620 1669/2535/1621
f 1670/2536/1846 1671/2538/1622 1672/2539/1619
f 1673/2541/1847 1674/2542/1624 1675/2545/1625
f 1676/2546/1848 1677/2548/1626 1678/2549/1623
f 1679/2551/1849 1680/2552/1628 1681/2555/1629
f 1682/2556/1850 1683/2558/1630 1684/2559/1627
f 1685/2561/1851 1686/2562/1632 1687/2565/1633
f 1688/2566/1852 1689/2568/1634 1690/2569/1631
f 1691/2571/1853 1692/2572/1636 1693/2575/1637
f 1694/2576/1854 1695/2578/1638 1696/2579/1635
f 1697/2581/1855 1698/2582/1640 1699/2585/1641
f 1700/2586/1856 1701/2588/1642 1702/2589/1639
f 1703/2591/1857 1704/2592/1644 1705/2595/1645
f 1706/2596/1858 1707/2598/1646 1708/2599/1643
f 1709/2601/1859 1710/2602/1648 1711/2605/1649
f 1712/2606/1860 1713/2608/1650 1714/2609/1647
f 1715/2611/1861 1716/2612/1652 1717/2615/1653
f 1718/2616/1862 1719/2618/1654 1720/2619/1651
f 1721/2621/1863 1722/2622/1656 1723/2625/1657
f 1724/2626/1864 1725/2628/1658 1726/2629/1655
f 1727/2631/1865 1728/2632/1660 1729/2635/1661
f 1730/2636/1866 1731/2638/1662 1732/2639/1659
f 1733/2641/1867 1734/2642/1664 1735/2645/1665
f 1736/2646/1868 1737/2648/1666 1738/2649/1663
f 1739/2651/1869 1740/2652/1668 1741/2655/1669
f 1742/2656/1870 1743/2658/1670 1744/2659/1667
f 1745/2661/1871 1746/2662/1672 1747/2665/1673
f 1748/2666/1872 1749/2668/1674 1750/2669/1671
f 1751/2671/1873 1752/2672/1676 1753/2675/1677
f 1754/2676/1874 1755/2678/1678 1756/2679/1675
f 1757/2681/1875 1758/2682/1680 1759/2685/1681
f 1760/2686/1876 1761/2688/1682 1762/2689/1679
f 1763/2691/1877 1764/2692/1684 1765/2695/1685
f 1766/2696/1878 1767/2698/1686 1768/2699/1683
f 1769/2701/1879 1770/2702/1688 1771/2705/1689
f 1772/2706/1880 1773/2708/1690 1774/2709/1687
f 1775/2711/1881 1776/2712/1692 1777/2715/1693
f 1778/2716/1882 1779/2718/1694 1780/2719/1691
f 1781/2721/1883 1782/2722/1696 1783/2725/1697
f 1784/2726/1884 1785/2728/1698 1786/2729/1695
f 1787/2731/1885 1788/2732/1700 1789/2735/1701
f 1790/2736/1886 1791/2738/1702 1792/2739/1699
f 1793/2741/1887 1794/2742/1704 1795/2745/1705
f 1796/2746/1888 1797/2748/1706 1798/2749/1703
f 1799/2751/1889 1800/2752/1708 1801/2755/1709
f 1802/2756/1890 1803/2758/1710 1804/2759/1707
f 1805/2761/1891 1806/2762/1712 1807/2765/1713
f 1808/2766/1892 1809/2768/1714 1810/2769/1711
f 1811/2771/1893 1812/2772/1716 1813/2775/1717
f 1814/2776/1894 1815/2778/1718 1816/2779/1715
f 1817/2781/1895 1818/2782/1720 1819/2785/1721
f 1820/2786/1896 1821/2788/1722 1822/2789/1719
f 1823/2791/1897 1824/2792/1724 1825/2795/1725
f 1826/2796/1898 1827/2798/1726 1828/2799/1723
f 1829/2801/1899 1830/2802/1728 1831/2805/1729
f 1832/2806/1900 1833/2808/1730 1834/2809/1727
f 1835/2811/1901 1836/2812/1732 1837/2815/1733
f 1838/2816/1902 1839/2818/1734 1840/2819/1731
f 1841/2821/1903 1842/2822/1736 1843/2825/1737
f 1844/2826/1904 1845/2828/1738 1846/2829/1735
f 1847/2831/1905 1848/2832/1740 1849/2835/1741
f 1850/2836/1906 1851/2838/1742 1852/2839/1739
f 1853/2841/1907 1854/2842/1744 1855/2845/1745
f 1856/2846/1908 1857/2848/1746 1858/2849/1743
f 1859/2851/1909 1860/2852/1748 1861/2855/1749
f 1862/2856/1910 1863/2858/1750 1864/2859/1747
f 1865/2861/1911 1866/2862/1752 1867/2865/1753
f 1868/2866/1912 1869/2868/1754 1870/2869/1751
f 1871/2871/1913 1872/2872/1756 1873/2875/1757
f 1874/2876/1914 1875/2878/1758 1876/2879/1755
f 1877/2881/1915 1878/2882/1760 1879/2885/1761
f 1880/2886/1916 1881/2888/1762 1882/2889/1759
f 1883/2891/1917 1884/2892/1764 1885/2895/1765
f 1886/2896/1918 1887/2898/1766 1888/2899/1763
f 1889/2901/1919 1890/2902/1768 1891/2905/1769
f 1892/2906/1920 1893/2908/1770 1894/2909/1767
f 1895/2911/1921 1896/2912/1772 1897/2915/1773
f 1898/2916/1922 1899/2918/1774 1900/2919/1771
f 1901/2921/1923 1902/2922/1776 1903/2925/1777
f 1904/2926/1924 1905/2928/1778 1906/2929/1775
f 1907/2931/1925 1908/2932/1780 1909/2935/1781
f 1910/2936/1926 1911/2938/1782 1912/2939/1779
f 1913/2941/1927 1914/2942/1784 1915/2945/1785
f 1916/2946/1928 1917/2948/1786 1918/2949/1783
f 1919/2951/1929 1920/2952/1788 1921/2955/1789
f 1922/2956/1930 1923/2958/1790 1924/2959/1787
f 1925/2961/1931 1926/2962/1792 1927/2965/1793
f 1928/2966/1932 1929/2968/1794 1930/2969/1791
f 1931/2971/1933 1932/2972/1796 1933/2975/1549
f 1934/2976/1934 1935/2978/1550 1936/2979/1795
f 1555/2343/1805 1560/2352/1808 1559/2351/1811 1553/2339/1809
f 1564/2359/1807 1557/2347/1806 1556/2345/1810 1562/2356/1812
f 1554/2340/1552 1558/2349/1551 1557/2348/1806 1555/2344/1805
f 1563/2357/1798 1561/2354/1797 1560/2353/1808 1564/2360/1807
f 1561/2355/1797 1566/2362/1800 1565/2361/1813 1559/2351/1811
f 1570/2369/1799 1563/2358/1798 1562/2356/1812 1568/2366/1814
f 1569/2367/1554 1567/2364/1553 1566/2363/1800 1570/2370/1799
f 1567/2365/1553 1572/2372/1556 1571/2371/1815 1565/2361/1813
f 1576/2379/1555 1569/2368/1554 1568/2366/1814 1574/2376/1802
f 1575/2377/1558 1573/2374/1557 1572/2373/1556 1576/2380/1555
f 1573/2375/1557 1578/2382/1560 1577/2381/1816 1571/2371/1815
f 1582/2389/1559 1575/2378/1558 1574/2376/1802 1580/2386/1801
f 1581/2387/1562 1579/2384/1561 1578/2383/1560 1582/2390/1559
f 1579/2385/1561 1584/2392/1564 1583/2391/1817 1577/2381/1816
f 1588/2399/1563 1581/2388/1562 1580/2386/1801 1586/2396/1818
f 1587/2397/1566 1585/2394/1565 1584/2393/1564 1588/2400/1563
f 1585/2395/1565 1590/2402/1568 1589/2401/1819 1583/2391/1817
f 1594/2409/1567 1587/2398/1566 1586/2396/1818 1592/2406/1820
f 1593/2407/1570 1591/2404/1569 1590/2403/1568 1594/2410/1567
f 1591/2405/1569 1596/2412/1572 1595/2411/1821 1589/2401/1819
f 1600/2419/1571 1593/2408/1570 1592/2406/1820 1598/2416/1822
f 1599/2417/1574 1597/2414/1573 1596/2413/1572 1600/2420/1571
f 1597/2415/1573 1602/2422/1576 1601/2421/1823 1595/2411/1821
f 1606/2429/1575 1599/2418/1574 1598/2416/1822 1604/2426/1824
f 1605/2427/1578 1603/2424/1577 1602/2423/1576 1606/2430/1575
f 1603/2425/1577 1608/2432/1580 1607/2431/1825 1601/2421/1823
f 1612/2439/1579 1605/2428/1578 1604/2426/1824 1610/2436/1826
f 1611/2437/1582 1609/2434/1581 1608/2433/1580 1612/2440/1579
f 1609/2435/1581 1614/2442/1584 1613/2441/1827 1607/2431/1825
f 1618/2449/1583 1611/2438/1582 1610/2436/1826 1616/2446/1828
f 1617/2447/1586 1615/2444/1585 1614/2443/1584 1618/2450/1583
f 1615/2445/1585 1620/2452/1588 1619/2451/1829 1613/2441/1827
f 1624/2459/1587 1617/2448/1586 1616/2446/1828 1622/2456/1830
f 1623/2457/1590 1621/2454/1589 1620/2453/1588 1624/2460/1587
f 1621/2455/1589 1626/2462/1592 1625/2461/1831 1619/2451/1829
f 1630/2469/1591 1623/2458/1590 1622/2456/1830 1628/2466/1832
f 1629/2467/1594 1627/2464/1593 1626/2463/1592 1630/2470/1591
f 1627/2465/1593 1632/2472/1596 1631/2471/1833 1625/2461/1831
f 1636/2479/1595 1629/2468/1594 1628/2466/1832 1634/2476/1834
f 1635/2477/1598 1633/2474/1597 1632/2473/1596 1636/2480/1595
f 1633/2475/1597 1638/2482/1600 1637/2481/1835 1631/2471/1833
f 1642/2489/1599 1635/2478/1598 1634/2476/1834 1640/2486/1836
f 1641/2487/1602 1639/2484/1601 1638/2483/1600 1642/2490/1599
f 1639/2485/1601 1644/2492/1604 1643/2491/1837 1637/2481/1835
f 1648/2499/1603 1641/2488/1602 1640/2486/1836 1646/2496/1838
f 1647/2497/1606 1645/2494/1605 1644/2493/1604 1648/2500/1603
f 1645/2495/1605 1650/2502/1608 1649/2501/1839 1643/2491/1837
f 1654/2509/1607 1647/2498/1606 1646/2496/1838 1652/2506/1840
f 1653/2507/1610 1651/2504/1609 1650/2503/1608 1654/2510/1607
f 1651/2505/1609 1656/2512/1612 1655/2511/1841 1649/2501/1839
f 1660/2519/1611 1653/2508/1610 1652/2506/1840 1658/2516/1842
f 1659/2517/1614 1657/2514/1613 1656/2513/1612 1660/2520/1611
f 1657/2515/1613 1662/2522/1616 1661/2521/1843 1655/2511/1841
f 1666/2529/1615 1659/2518/1614 1658/2516/1842 1664/2526/1844
f 1665/2527/1618 1663/2524/1617 1662/2523/1616 1666/2530/1615
f 1663/2525/1617 1668/2532/1620 1667/2531/1845 1661/2521/1843
f 1672/2539/1619 1665/2528/1618 1664/2526/1844 1670/2536/1846
f 1671/2537/1622 1669/2534/1621 1668/2533/1620 1672/2540/1619
f 1669/2535/1621 1674/2542/1624 1673/2541/1847 1667/2531/1845
f 1678/2549/1623 1671/2538/1622 1670/2536/1846 1676/2546/1848
f 1677/2547/1626 1675/2544/1625 1674/2543/1624 1678/2550/1623
f 1675/2545/1625 1680/2552/1628 1679/2551/1849 1673/2541/1847
f 1684/2559/1627 1677/2548/1626 1676/2546/1848 1682/2556/1850
f 1683/2557/1630 1681/2554/1629 1680/2553/1628 1684/2560/1627
f 1681/2555/1629 1686/2562/1632 1685/2561/1851 1679/2551/1849
f 1690/2569/1631 1683/2558/1630 1682/2556/1850 1688/2566/1852
f 1689/2567/1634 1687/2564/1633 1686/2563/1632 1690/2570/1631
f 1687/2565/1633 1692/2572/1636 1691/2571/1853 1685/2561/1851
f 1696/2579/1635 1689/2568/1634 1688/2566/1852 1694/2576/1854
f 1695/2577/1638 1693/2574/1637 1692/2573/1636 1696/2580/1635
f 1693/2575/1637 1698/2582/1640 1697/2581/1855 1691/2571/1853
f 1702/2589/1639 1695/2578/1638 1694/2576/1854 1700/2586/1856
f 1701/2587/1642 1699/2584/1641 1698/2583/1640 1702/2590/1639
f 1699/2585/1641 1704/2592/1644 1703/2591/1857 1697/2581/1855
f 1708/2599/1643 1701/2588/1642 1700/2586/1856 1706/2596/1858
f 1707/2597/1646 1705/2594/1645 1704/2593/1644 1708/2600/1643
f 1705/2595/1645 1710/2602/1648 1709/2601/1859 1703/2591/1857
f 1714/2609/1647 1707/2598/1646 1706/2596/1858 1712/2606/1860
f 1713/2607/1650 1711/2604/1649 1710/2603/1648 1714/2610/1647
f 1711/2605/1649 1716/2612/1652 1715/2611/1861 1709/2601/1859
f 1720/2619/1651 1713/2608/1650 1712/2606/1860 1718/2616/1862
f 1719/2617/1654 1717/2614/1653 1716/2613/1652 1720/2620/1651
f 1717/2615/1653 1722/2622/1656 1721/2621/1863 1715/2611/1861
f 1726/2629/1655 1719/2618/1654 1718/2616/1862 1724/2626/1864
f 1725/2627/1658 1723/2624/1657 1722/2623/1656 1726/2630/1655
f 1723/2625/1657 1728/2632/1660 1727/2631/1865 1721/2621/1863
f 1732/2639/1659 1725/2628/1658 1724/2626/1864 1730/2636/1866
f 1731/2637/1662 1729/2634/1661 1728/2633/1660 1732/2640/1659
f 1729/2635/1661 1734/2642/1664 1733/2641/1867 1727/2631/1865
f 1738/2649/1663 1731/2638/1662 1730/2636/1866 1736/2646/1868
f 1737/2647/1666 1735/2644/1665 1734/2643/1664 1738/2650/1663
f 1735/2645/1665 1740/2652/1668 1739/2651/1869 1733/2641/1867
f 1744/2659/1667 1737/2648/1666 1736/2646/1868 1742/2656/1870
f 1743/2657/1670 1741/2654/1669 1740/2653/1668 1744/2660/1667
f 1741/2655/1669 1746/2662/1672 1745/2661/1871 1739/2651/1869
f 1750/2669/1671 1743/2658/1670 1742/2656/1870 1748/2666/1872
f 1749/2667/1674 1747/2664/1673 1746/2663/1672 1750/2670/1671
f 1747/2665/1673 1752/2672/1676 1751/2671/1873 1745/2661/1871
f 1756/2679/1675 1749/2668/1674 1748/2666/1872 1754/2676/1874
f 1755/2677/1678 1753/2674/1677 1752/2673/1676 1756/2680/1675
f 1753/2675/1677 1758/2682/1680 1757/2681/1875 1751/2671/1873
f 1762/2689/1679 1755/2678/1678 1754/2676/1874 1760/2686/1876
f 1761/2687/1682 1759/2684/1681 1758/2683/1680 1762/2690/1679
f 1759/2685/1681 1764/2692/1684 1763/2691/1877 1757/2681/1875
f 1768/2699/1683 1761/2688/1682 1760/2686/1876 1766/2696/1878
f 1767/2697/1686 1765/2694/1685 1764/2693/1684 1768/2700/1683
f 1765/2695/1685 1770/2702/1688 1769/2701/1879 1763/2691/1877
f 1774/2709/1687 1767/2698/1686 1766/2696/1878 1772/2706/1880
f 1773/2707/1690 1771/2704/1689 1770/2703/1688 1774/2710/1687
f 1771/2705/1689 1776/2712/1692 1775/2711/1881 1769/2701/1879
f 1780/2719/1691 1773/2708/1690 1772/2706/1880 1778/2716/1882
f 1779/2717/1694 1777/2714/1693 1776/2713/1692 1780/2720/1691
f 1777/2715/1693 1782/2722/1696 1781/2721/1883 1775/2711/1881
f 1786/2729/1695 1779/2718/1694 1778/2716/1882 1784/2726/1884
f 1785/2727/1698 1783/2724/1697 1782/2723/1696 1786/2730/1695
f 1783/2725/1697 1788/2732/1700 1787/2731/1885 1781/2721/1883
f 1792/2739/1699 1785/2728/1698 1784/2726/1884 1790/2736/1886
f 1791/2737/1702 1789/2734/1701 1788/2733/1700 1792/2740/1699
f 1789/2735/1701 1794/2742/1704 1793/2741/1887 1787/2731/1885
f 1798/2749/1703 1791/2738/1702 1790/2736/1886 1796/2746/1888
f 1797/2747/1706 1795/2744/1705 1794/2743/1704 1798/2750/1703
f 1795/2745/1705 1800/2752/1708 1799/2751/1889 1793/2741/1887
f 1804/2759/1707 1797/2748/1706 1796/2746/1888 1802/2756/1890
f 1803/2757/1710 1801/2754/1709 1800/2753/1708 1804/2760/1707
f 1801/2755/1709 1806/2762/1712 1805/2761/1891 1799/2751/1889
f 1810/2769/1711 1803/2758/1710 1802/2756/1890 1808/2766/1892
f 1809/2767/1714 1807/2764/1713 1806/2763/1712 1810/2770/1711
f 1807/2765/1713 1812/2772/1716 1811/2771/1893 1805/2761/1891
f 1816/2779/1715 1809/2768/1714 1808/2766/1892 1814/2776/1894
f 1815/2777/1718 1813/2774/1717 1812/2773/1716 1816/2780/1715
f 1813/2775/1717 1818/2782/1720 1817/2781/1895 1811/2771/1893
f 1822/2789/1719 1815/2778/1718 1814/2776/1894 1820/2786/1896
f 1821/2787/1722 1819/2784/1721 1818/2783/1720 1822/2790/1719
f 1819/2785/1721 1824/2792/1724 1823/2791/1897 1817/2781/1895
f 1828/2799/1723 1821/2788/1722 1820/2786/1896 1826/2796/1898
f 1827/2797/1726 1825/2794/1725 1824/2793/1724 1828/2800/1723
f 1825/2795/1725 1830/2802/1728 1829/2801/1899 1823/2791/1897
f 1834/2809/1727 1827/2798/1726 1826/2796/1898 1832/2806/1900
f 1833/2807/1730 1831/2804/1729 1830/2803/1728 1834/2810/1727
f 1831/2805/1729 1836/2812/1732 1835/2811/1901 1829/2801/1899
f 1840/2819/1731 1833/2808/1730 1832/2806/1900 1838/2816/1902
f 1839/2817/1734 1837/2814/1733 1836/2813/1732 1840/2820/1731
f 1837/2815/1733 1842/2822/1736 1841/2821/1903 1835/2811/1901
f 1846/2829/1735 1839/2818/1734 1838/2816/1902 1844/2826/1904
f 1845/2827/1738 1843/2824/1737 1842/2823/1736 1846/2830/1735
f 1843/2825/1737 1848/2832/1740 1847/2831/1905 1841/2821/1903
f 1852/2839/1739 1845/2828/1738 1844/2826/1904 1850/2836/1906
f 1851/2837/1742 1849/2834/1741 1848/2833/1740 1852/2840/1739
f 1849/2835/1741 1854/2842/1744 1853/2841/1907 1847/2831/1905
f 1858/2849/1743 1851/2838/1742 1850/2836/1906 1856/2846/1908
f 1857/2847/1746 1855/2844/1745 1854/2843/1744 1858/2850/1743
f 1855/2845/1745 1860/2852/1748 1859/2851/1909 1853/2841/1907
f 1864/2859/1747 1857/2848/1746 1856/2846/1908 1862/2856/1910
f 1863/2857/1750 1861/2854/1749 1860/2853/1748 1864/2860/1747
f 1861/2855/1749 1866/2862/1752 1865/2861/1911 1859/2851/1909
f 1870/2869/1751 1863/2858/1750 1862/2856/1910 1868/2866/1912
f 1869/2867/1754 1867/2864/1753 1866/2863/1752 1870/2870/1751
f 1867/2865/1753 1872/2872/1756 1871/2871/1913 1865/2861/1911
f 1876/2879/1755 1869/2868/1754 1868/2866/1912 1874/2876/1914
f 1875/2877/1758 1873/2874/1757 1872/2873/1756 1876/2880/1755
f 1873/2875/1757 1878/2882/1760 1877/2881/1915 1871/2871/1913
f 1882/2889/1759 1875/2878/1758 1874/2876/1914 1880/2886/1916
f 1881/2887/1762 1879/2884/1761 1878/2883/1760 1882/2890/1759
f 1879/2885/1761 1884/2892/1764 1883/2891/1917 1877/2881/1915
f 1888/2899/1763 1881/2888/1762 1880/2886/1916 1886/2896/1918
f 1887/2897/1766 1885/2894/1765 1884/2893/1764 1888/2900/1763
f 1885/2895/1765 1890/2902/1768 1889/2901/1919 1883/2891/1917
f 1894/2909/1767 1887/2898/1766 1886/2896/1918 1892/2906/1920
f 1893/2907/1770 1891/2904/1769 1890/2903/1768 1894/2910/1767
f 1891/2905/1769 1896/2912/1772 1895/2911/1921 1889/2901/1919
f 1900/2919/1771 1893/2908/1770 1892/2906/1920 1898/2916/1922
f 1899/2917/1774 1897/2914/1773 1896/2913/1772 1900/2920/1771
f 1897/2915/1773 1902/2922/1776 1901/2921/1923 1895/2911/1921
f 1906/2929/1775 1899/2918/1774 1898/2916/1922 1904/2926/1924
f 1905/2927/1778 1903/2924/1777 1902/2923/1776 1906/2930/1775
f 1903/2925/1777 1908/2932/1780 1907/2931/1925 1901/2921/1923
f 1912/2939/1779 1905/2928/1778 1904/2926/1924 1910/2936/1926
f 1911/2937/1782 1909/2934/1781 1908/2933/1780 1912/2940/1779
f 1909/2935/1781 1914/2942/1784 1913/2941/1927 1907/2931/1925
f 1918/2949/1783 1911/2938/1782 1910/2936/1926 1916/2946/1928
f 1917/2947/1786 1915/2944/1785 1914/2943/1784 1918/2950/1783
f 1915/2945/1785 1920/2952/1788 1919/2951/1929 1913/2941/1927
f 1924/2959/1787 1917/2948/1786 1916/2946/1928 1922/2956/1930
f 1923/2957/1790 1921/2954/1789 1920/2953/1788 1924/2960/1787
f 1921/2955/1789 1926/2962/1792 1925/2961/1931 1919/2951/1929
f 1930/2969/1791 1923/2958/1790 1922/2956/1930 1928/2966/1932
f 1929/2967/1794 1927/2964/1793 1926/2963/1792 1930/2970/1791
f 1927/2965/1793 1932/2972/1796 1931/2971/1933 1925/2961/1931
f 1936/2979/1795 1929/2968/1794 1928/2966/1932 1934/2976/1934
f 1935/2977/1550 1933/2974/1549 1932/2973/1796 1936/2980/1795
f 1933/2975/1549 1554/2341/1552 1553/2339/1809 1931/2971/1933
f 1558/2350/1551 1935/2978/1550 1934/2976/1934 1556/2345/1810
f 1553/2339/1809 1559/2351/1811 1565/2361/1813 1571/2371/1815 1577/2381/1816 1583/2391/1817 1589/2401/1819 1595/2411/1821 1601/2421/1823 1607/2431/1825 1613/2441/1827 1619/2451/1829 1625/2461/1831 1631/2471/1833 1637/2481/1835 1643/2491/1837 1649/2501/1839 1655/2511/1841 1661/2521/1843 1667/2531/1845 1673/2541/1847 1679/2551/1849 1685/2561/1851 1691/2571/1853 1697/2581/1855 1703/2591/1857 1709/2601/1859 1715/2611/1861 1721/2621/1863 1727/2631/1865 1733/2641/1867 1739/2651/1869 1745/2661/1871 1751/2671/1873 1757/2681/1875 1763/2691/1877 1769/2701/1879 1775/2711/1881 1781/2721/1883 1787/2731/1885 1793/2741/1887 1799/2751/1889 1805/2761/1891 1811/2771/1893 1817/2781/1895 1823/2791/1897 1829/2801/1899 1835/2811/1901 1841/2821/1903 1847/2831/1905 1853/2841/1907 1859/2851/1909 1865/2861/1911 1871/2871/1913 1877/2881/1915 1883/2891/1917 1889/2901/1919 1895/2911/1921 1901/2921/1923 1907/2931/1925 1913/2941/1927 1919/2951/1929 1925/2961/1931 1931/2971/1933
f 1556/2345/1810 1934/2976/1934 2064/3108/1935 1937/2981/1936
f 1790/2736/1886 1784/2726/1884 2014/3058/1937 2016/3060/1938
f 1712/2606/1860 1706/2596/1858 1988/3032/1939 1990/3034/1940
f 1922/2956/1930 1916/2946/1928 2058/3102/1941 2060/3104/1942
f 1634/2476/1834 1628/2466/1832 1962/3006/1943 1964/3008/1944
f 1844/2826/1904 1838/2816/1902 2032/3076/1945 2034/3078/1946
f 1766/2696/1878 1760/2686/1876 2006/3050/1947 2008/3052/1948
f 1688/2566/1852 1682/2556/1850 1980/3024/1949 1982/3026/1950
f 1898/2916/1922 1892/2906/1920 2050/3094/1951 2052/3096/1952
f 1610/2436/1826 1604/2426/1824 1954/2998/1953 1956/3000/1954
f 1820/2786/1896 1814/2776/1894 2024/3068/1955 2026/3070/1956
f 1742/2656/1870 1736/2646/1868 1998/3042/1957 2000/3044/1958
f 1664/2526/1844 1658/2516/1842 1972/3016/1959 1974/3018/1960
f 1874/2876/1914 1868/2866/1912 2042/3086/1961 2044/3088/1962
f 1586/2396/1818 1580/2386/1801 1946/2990/1804 1948/2992/1963
f 1796/2746/1888 1790/2736/1886 2016/3060/1938 2018/3062/1964
f 1718/2616/1862 1712/2606/1860 1990/3034/1940 1992/3036/1965
f 1928/2966/1932 1922/2956/1930 2060/3104/1942 2062/3106/1966
f 1640/2486/1836 1634/2476/1834 1964/3008/1944 1966/3010/1967
f 1850/2836/1906 1844/2826/1904 2034/3078/1946 2036/3080/1968
f 1772/2706/1880 1766/2696/1878 2008/3052/1948 2010/3054/1969
f 1694/2576/1854 1688/2566/1852 1982/3026/1950 1984/3028/1970
f 1904/2926/1924 1898/2916/1922 2052/3096/1952 2054/3098/1971
f 1616/2446/1828 1610/2436/1826 1956/3000/1954 1958/3002/1972
f 1826/2796/1898 1820/2786/1896 2026/3070/1956 2028/3072/1973
f 1748/2666/1872 1742/2656/1870 2000/3044/1958 2002/3046/1974
f 1670/2536/1846 1664/2526/1844 1974/3018/1960 1976/3020/1975
f 1880/2886/1916 1874/2876/1914 2044/3088/1962 2046/3090/1976
f 1592/2406/1820 1586/2396/1818 1948/2992/1963 1950/2994/1977
f 1939/2983/1978 1938/2982/1979 2063/3107/1980 2061/3105/1981 2059/3103/1982 2057/3101/1983 2055/3099/1984 2053/3097/1985 2051/3095/1986 2049/3093/1987 2047/3091/1988 2045/3089/1989 2043/3087/1990 2041/3085/1991 2039/3083/1992 2037/3081/1993 2035/3079/1994 2033/3077/1995 2031/3075/1996 2029/3073/1997 2027/3071/1998 2025/3069/1999 2023/3067/2000 2021/3065/2001 2019/3063/2002 2017/3061/2003 2015/3059/2004 2013/3057/2005 2011/3055/2006 2009/3053/2007 2007/3051/2008 2005/3049/2009 2003/3047/2010 2001/3045/2011 1999/3043/2012 1997/3041/2013 1995/3039/2014 1993/3037/2015 1991/3035/2016 1989/3033/2017 1987/3031/2018 1985/3029/2019 1983/3027/2020 1981/3025/2021 1979/3023/2022 1977/3021/2023 1975/3019/2024 1973/3017/2025 1971/3015/2026 1969/3013/2027 1967/3011/2028 1965/3009/2029 1963/3007/2030 1961/3005/2031 1959/3003/2032 1957/3001/2033 1955/2999/2034 1953/2997/2035 1951/2995/2036 1949/2993/2037 1947/2991/2038 1945/2989/2039 1943/2987/2040 1941/2985/2041
f 1802/2756/1890 1796/2746/1888 2018/3062/1964 2020/3064/2042
f 1724/2626/1864 1718/2616/1862 1992/3036/1965 1994/3038/2043
f 1934/2976/1934 1928/2966/1932 2062/3106/1966 2064/3108/1935
f 1646/2496/1838 1640/2486/1836 1966/3010/1967 1968/3012/2044
f 1856/2846/1908 1850/2836/1906 2036/3080/1968 2038/3082/2045
f 1778/2716/1882 1772/2706/1880 2010/3054/1969 2012/3056/2046
f 1700/2586/1856 1694/2576/1854 1984/3028/1970 1986/3030/2047
f 1910/2936/1926 1904/2926/1924 2054/3098/1971 2056/3100/2048
f 1622/2456/1830 1616/2446/1828 1958/3002/1972 1960/3004/2049
f 1832/2806/1900 1826/2796/1898 2028/3072/1973 2030/3074/2050
f 1754/2676/1874 1748/2666/1872 2002/3046/1974 2004/3048/2051
f 1676/2546/1848 1670/2536/1846 1976/3020/1975 1978/3022/2052
f 1886/2896/1918 1880/2886/1916 2046/3090/1976 2048/3092/2053
f 1598/2416/1822 1592/2406/1820 1950/2994/1977 1952/2996/2054
f 1808/2766/1892 1802/2756/1890 2020/3064/2042 2022/3066/2055
f 1730/2636/1866 1724/2626/1864 1994/3038/2043 1996/3040/2056
f 1652/2506/1840 1646/2496/1838 1968/3012/2044 1970/3014/2057
f 1862/2856/1910 1856/2846/1908 2038/3082/2045 2040/3084/2058
f 1574/2376/1802 1568/2366/1814 1942/2986/2059 1944/2988/1803
f 1784/2726/1884 1778/2716/1882 2012/3056/2046 2014/3058/1937
f 1706/2596/1858 1700/2586/1856 1986/3030/2047 1988/3032/1939
f 1916/2946/1928 1910/2936/1926 2056/3100/2048 2058/3102/1941
f 1628/2466/1832 1622/2456/1830 1960/3004/2049 1962/3006/1943
f 1838/2816/1902 1832/2806/1900 2030/3074/2050 2032/3076/1945
f 1760/2686/1876 1754/2676/1874 2004/3048/2051 2006/3050/1947
f 1682/2556/1850 1676/2546/1848 1978/3022/2052 1980/3024/1949
f 1892/2906/1920 1886/2896/1918 2048/3092/2053 2050/3094/1951
f 1604/2426/1824 1598/2416/1822 1952/2996/2054 1954/2998/1953
f 1814/2776/1894 1808/2766/1892 2022/3066/2055 2024/3068/1955
f 1736/2646/1868 1730/2636/1866 1996/3040/2056 1998/3042/1957
f 1568/2366/1814 1562/2356/1812 1940/2984/2060 1942/2986/2059
f 1658/2516/1842 1652/2506/1840 1970/3014/2057 1972/3016/1959
f 1868/2866/1912 1862/2856/1910 2040/3084/2058 2042/3086/1961
f 1938/2982/1979 1939/2983/1978 1940/2984/2060 1937/2981/1936
f 1939/2983/1978 1941/2985/2041 1942/2986/2059 1940/2984/2060
f 1941/2985/2041 1943/2987/2040 1944/2988/1803 1942/2986/2059
f 1943/2987/2040 1945/2989/2039 1946/2990/1804 1944/2988/1803
f 1945/2989/2039 1947/2991/2038 1948/2992/1963 1946/2990/1804
f 1947/2991/2038 1949/2993/2037 1950/2994/1977 1948/2992/1963
f 1949/2993/2037 1951/2995/2036 1952/2996/2054 1950/2994/1977
f 1951/2995/2036 1953/2997/2035 1954/2998/1953 1952/2996/2054
f 1953/2997/2035 1955/2999/2034 1956/3000/1954 1954/2998/1953
f 1955/2999/2034 1957/3001/2033 1958/3002/1972 1956/3000/1954
f 1957/3001/2033 1959/3003/2032 1960/3004/2049 1958/3002/1972
f 1959/3003/2032 1961/3005/2031 1962/3006/1943 1960/3004/2049
f 1961/3005/2031 1963/3007/2030 1964/3008/1944 1962/3006/1943
f 1963/3007/2030 1965/3009/2029 1966/3010/1967 1964/3008/1944
f 1965/3009/2029 1967/3011/2028 1968/3012/2044 1966/3010/1967
f 1967/3011/2028 1969/3013/2027 1970/3014/2057 1968/3012/2044
f 1969/3013/2027 1971/3015/2026 1972/3016/1959 1970/3014/2057
f 1971/3015/2026 1973/3017/2025 1974/3018/1960 1972/3016/1959
f 1973/3017/2025 1975/3019/2024 1976/3020/1975 1974/3018/1960
f 1975/3019/2024 1977/3021/2023 1978/3022/2052 1976/3020/1975
f 1977/3021/2023 1979/3023/2022 1980/3024/1949 1978/3022/2052
f 1979/3023/2022 1981/3025/2021 1982/3026/1950 1980/3024/1949
f 1981/3025/2021 1983/3027/2020 1984/3028/1970 1982/3026/1950
f 1983/3027/2020 1985/3029/2019 1986/3030/2047 1984/3028/1970
f 1985/3029/2019 1987/3031/2018 1988/3032/1939 1986/3030/2047
f 1987/3031/2018 1989/3033/2017 1990/3034/1940 1988/3032/1939
f 1989/3033/2017 1991/3035/2016 1992/3036/1965 1990/3034/1940
f 1991/3035/2016 1993/3037/2015 1994/3038/2043 1992/3036/1965
f 1993/3037/2015 1995/3039/2014 1996/3040/2056 1994/3038/2043
f 1995/3039/2014 1997/3041/2013 1998/3042/1957 1996/3040/2056
f 1997/3041/2013 1999/3043/2012 2000/3044/1958 1998/3042/1957
f 1999/3043/2012 2001/3045/2011 2002/3046/1974 2000/3044/1958
f 2001/3045/2011 2003/3047/2010 2004/3048/2051 2002/3046/1974
f 2003/3047/2010 2005/3049/2009 2006/3050/1947 2004/3048/2051
f 2005/3049/2009 2007/3051/2008 2008/3052/1948 2006/3050/1947
f 2007/3051/2008 2009/3053/2007 2010/3054/1969 2008/3052/1948
f 2009/3053/2007 2011/3055/2006 2012/3056/2046 2010/3054/1969
f 2011/3055/2006 2013/3057/2005 2014/3058/1937 2012/3056/2046
f 2013/3057/2005 2015/3059/2004 2016/3060/1938 2014/3058/1937
f 2015/3059/2004 2017/3061/2003 2018/3062/1964 2016/3060/1938
f 2017/3061/2003 2019/3063/2002 2020/3064/2042 2018/3062/1964
f 2019/3063/2002 2021/3065/2001 2022/3066/2055 2020/3064/2042
f 2021/3065/2001 2023/3067/2000 2024/3068/1955 2022/3066/2055
f 2023/3067/2000 2025/3069/1999 2026/3070/1956 2024/3068/1955
f 2025/3069/1999 2027/3071/1998 2028/3072/1973 2026/3070/1956
f 2027/3071/1998 2029/3073/1997 2030/3074/2050 2028/3072/1973
f 2029/3073/1997 2031/3075/1996 2032/3076/1945 2030/3074/2050
f 2031/3075/1996 2033/3077/1995 2034/3078/1946 2032/3076/1945
f 2033/3077/1995 2035/3079/1994 2036/3080/1968 2034/3078/1946
f 2035/3079/1994 2037/3081/1993 2038/3082/2045 2036/3080/1968
f 2037/3081/1993 2039/3083/1992 2040/3084/2058 2038/3082/2045
f 2039/3083/1992 2041/3085/1991 2042/3086/1961 2040/3084/2058
f 2041/3085/1991 2043/3087/1990 2044/3088/1962 2042/3086/1961
f 2043/3087/1990 2045/3089/1989 2046/3090/1976 2044/3088/1962
f 2045/3089/1989 2047/3091/1988 2048/3092/2053 2046/3090/1976
f 2047/3091/1988 2049/3093/1987 2050/3094/1951 2048/3092/2053
f 2049/3093/1987 2051/3095/1986 2052/3096/1952 2050/3094/1951
f 2051/3095/1986 2053/3097/1985 2054/3098/1971 2052/3096/1952
f 2053/3097/1985 2055/3099/1984 2056/3100/2048 2054/3098/1971
f 2055/3099/1984 2057/3101/1983 2058/3102/1941 2056/3100/2048
f 2057/3101/1983 2059/3103/1982 2060/3104/1942 2058/3102/1941
f 2059/3103/1982 2061/3105/1981 2062/3106/1966 2060/3104/1942
f 2061/3105/1981 2063/3107/1980 2064/3108/1935 2062/3106/1966
f 2063/3107/1980 1938/2982/1979 1937/2981/1936 2064/3108/1935
f 1562/2356/1812 1556/2345/1810 1937/2981/1936 1940/2984/2060
g Tire_003
o Tire.003
v 4.350000 -0.119396 -1.060000
v 4.230891 -0.005852 -0.988449
v 4.469109 -0.005851 -0.988449
v 4.350000 -0.119396 -0.460000
v 4.469109 -0.005852 -0.531551
v 4.230891 -0.005851 -0.531551
v 4.387305 -0.121229 -1.060000
v 4.279900 0.003444 -0.988449
v 4.516970 -0.019906 -0.988449
v 4.387305 -0.121229 -0.460000
v 4.516970 -0.019906 -0.531551
v 4.279900 0.003444 -0.531551
v 4.424252 -0.126709 -1.060000
v 4.329584 0.007891 -0.988449
v 4.563223 -0.038583 -0.988449
v 4.424252 -0.126709 -0.460000
v 4.563223 -0.038583 -0.531551
v 4.329584 0.007891 -0.531551
v 4.460484 -0.135785 -1.060000
v 4.379464 0.007446 -0.988449
v 4.607423 -0.061705 -0.988449
v 4.460484 -0.135785 -0.460000
v 4.607423 -0.061705 -0.531551
v 4.379464 0.007446 -0.531551
v 4.495651 -0.148368 -1.060000
v 4.429060 0.002115 -0.988449
v 4.649144 -0.089047 -0.988449
v 4.495651 -0.148368 -0.460000
v 4.649144 -0.089047 -0.531551
v 4.429060 0.002115 -0.531551
v 4.529416 -0.164337 -1.060000
v 4.477896 -0.008052 -0.988449
v 4.687984 -0.120347 -0.988449
v 4.529416 -0.164337 -0.460000
v 4.687984 -0.120347 -0.531551
v 4.477896 -0.008052 -0.531551
v 4.561452 -0.183539 -1.060000
v 4.525499 -0.022957 -0.988449
v 4.723569 -0.155304 -0.988449
v 4.561452 -0.183539 -0.460000
v 4.723569 -0.155304 -0.531551
v 4.525499 -0.022957 -0.531551
v 4.591453 -0.205789 -1.060000
v 4.571412 -0.042456 -0.988449
v 4.755557 -0.193580 -0.988449
v 4.591453 -0.205789 -0.460000
v 4.755557 -0.193580 -0.531551
v 4.571412 -0.042456 -0.531551
v 4.619128 -0.230872 -1.060000
v 4.615193 -0.066362 -0.988449
v 4.783638 -0.234807 -0.988449
v 4.619128 -0.230872 -0.460000
v 4.783638 -0.234807 -0.531551
v 4.615193 -0.066362 -0.531551
v 4.644211 -0.258547 -1.060000
v 4.656420 -0.094443 -0.988449
v 4.807544 -0.278588 -0.988449
v 4.644211 -0.258547 -0.460000
v 4.807544 -0.278588 -0.531551
v 4.656420 -0.094443 -0.531551
v 4.666461 -0.288548 -1.060000
v 4.694696 -0.126431 -0.988449
v 4.827043 -0.324501 -0.988449
v 4.666461 -0.288548 -0.460000
v 4.827043 -0.324501 -0.531551
v 4.694696 -0.126431 -0.531551
v 4.685663 -0.320584 -1.060000
v 4.729653 -0.162016 -0.988449
v 4.841948 -0.372104 -0.988449
v 4.685663 -0.320584 -0.460000
v 4.841948 -0.372104 -0.531551
v 4.729653 -0.162016 -0.531551
v 4.701632 -0.354349 -1.060000
v 4.760953 -0.200856 -0.988449
v 4.852115 -0.420939 -0.988449
v 4.701632 -0.354349 -0.460000
v 4.852115 -0.420939 -0.531551
v 4.760953 -0.200856 -0.531551
v 4.714215 -0.389516 -1.060000
v 4.788295 -0.242577 -0.988449
v 4.857446 -0.470536 -0.988449
v 4.714215 -0.389516 -0.460000
v 4.857446 -0.470536 -0.531551
v 4.788295 -0.242577 -0.531551
v 4.723291 -0.425748 -1.060000
v 4.811417 -0.286776 -0.988449
v 4.857891 -0.520416 -0.988449
v 4.723291 -0.425748 -0.460000
v 4.857891 -0.520416 -0.531551
v 4.811417 -0.286777 -0.531551
v 4.728771 -0.462694 -1.060000
v 4.830094 -0.333030 -0.988449
v 4.853444 -0.570100 -0.988449
v 4.728771 -0.462695 -0.460000
v 4.853444 -0.570100 -0.531551
v 4.830094 -0.333030 -0.531551
v 4.730604 -0.500000 -1.060000
v 4.844149 -0.380892 -0.988449
v 4.844149 -0.619108 -0.988449
v 4.730604 -0.500000 -0.460000
v 4.844149 -0.619108 -0.531551
v 4.844149 -0.380892 -0.531551
v 4.728771 -0.537305 -1.060000
v 4.853444 -0.429900 -0.988449
v 4.830094 -0.666970 -0.988449
v 4.728771 -0.537305 -0.460000
v 4.830094 -0.666970 -0.531551
v 4.853444 -0.429900 -0.531551
v 4.723291 -0.574252 -1.060000
v 4.857891 -0.479584 -0.988449
v 4.811417 -0.713223 -0.988449
v 4.723291 -0.574252 -0.460000
v 4.811417 -0.713224 -0.531551
v 4.857891 -0.479584 -0.531551
v 4.714215 -0.610484 -1.060000
v 4.857446 -0.529464 -0.988449
v 4.788295 -0.757423 -0.988449
v 4.714215 -0.610484 -0.460000
v 4.788295 -0.757423 -0.531551
v 4.857446 -0.529464 -0.531551
v 4.701632 -0.645651 -1.060000
v 4.852115 -0.579061 -0.988449
v 4.760953 -0.799144 -0.988449
v 4.701632 -0.645651 -0.460000
v 4.760953 -0.799144 -0.531551
v 4.852115 -0.579061 -0.531551
v 4.685663 -0.679416 -1.060000
v 4.841948 -0.627896 -0.988449
v 4.729653 -0.837984 -0.988449
v 4.685663 -0.679416 -0.460000
v 4.729653 -0.837984 -0.531551
v 4.841948 -0.627896 -0.531551
v 4.666461 -0.711452 -1.060000
v 4.827043 -0.675499 -0.988449
v 4.694696 -0.873569 -0.988449
v 4.666461 -0.711452 -0.460000
v 4.694696 -0.873569 -0.531551
v 4.827043 -0.675499 -0.531551
v 4.644211 -0.741453 -1.060000
v 4.807544 -0.721412 -0.988449
v 4.656420 -0.905557 -0.988449
v 4.644211 -0.741453 -0.460000
v 4.656420 -0.905557 -0.531551
v 4.807544 -0.721412 -0.531551
v 4.619128 -0.769128 -1.060000
v 4.783638 -0.765193 -0.988449
v 4.615193 -0.933638 -0.988449
v 4.619128 -0.769128 -0.460000
v 4.615193 -0.933638 -0.531551
v 4.783638 -0.765193 -0.531551
v 4.591453 -0.794211 -1.060000
v 4.755557 -0.806420 -0.988449
v 4.571412 -0.957544 -0.988449
v 4.591453 -0.794211 -0.460000
v 4.571412 -0.957544 -0.531551
v 4.755557 -0.806420 -0.531551
v 4.561452 -0.816461 -1.060000
v 4.723569 -0.844696 -0.988449
v 4.525499 -0.977043 -0.988449
v 4.561452 -0.816461 -0.460000
v 4.525499 -0.977043 -0.531551
v 4.723569 -0.844696 -0.531551
v 4.529416 -0.835663 -1.060000
v 4.687984 -0.879653 -0.988449
v 4.477896 -0.991948 -0.988449
v 4.529416 -0.835663 -0.460000
v 4.477896 -0.991948 -0.531551
v 4.687984 -0.879653 -0.531551
v 4.495651 -0.851632 -1.060000
v 4.649144 -0.910953 -0.988449
v 4.429060 -1.002115 -0.988449
v 4.495651 -0.851632 -0.460000
v 4.429060 -1.002115 -0.531551
v 4.649144 -0.910953 -0.531551
v 4.460484 -0.864215 -1.060000
v 4.607423 -0.938295 -0.988449
v 4.379464 -1.007446 -0.988449
v 4.460484 -0.864215 -0.460000
v 4.379464 -1.007446 -0.531551
v 4.607423 -0.938295 -0.531551
v 4.424252 -0.873291 -1.060000
v 4.563223 -0.961417 -0.988449
v 4.329584 -1.007891 -0.988449
v 4.424252 -0.873291 -0.460000
v 4.329584 -1.007891 -0.531551
v 4.563223 -0.961417 -0.531551
v 4.387305 -0.878771 -1.060000
v 4.516970 -0.980094 -0.988449
v 4.279900 -1.003444 -0.988449
v 4.387305 -0.878771 -0.460000
v 4.279900 -1.003444 -0.531551
v 4.516970 -0.980094 -0.531551
v 4.350000 -0.880604 -1.060000
v 4.469109 -0.994148 -0.988449
v 4.230891 -0.994149 -0.988449
v 4.350000 -0.880604 -0.460000
v 4.230891 -0.994148 -0.531551
v 4.469109 -0.994149 -0.531551
v 4.312695 -0.878771 -1.060000
v 4.420100 -1.003444 -0.988449
v 4.183030 -0.980094 -0.988449
v 4.312695 -0.878771 -0.460000
v 4.183030 -0.980094 -0.531551
v 4.420100 -1.003444 -0.531551
v 4.275748 -0.873291 -1.060000
v 4.370416 -1.007891 -0.988449
v 4.136776 -0.961417 -0.988449
v 4.275748 -0.873291 -0.460000
v 4.136776 -0.961417 -0.531551
v 4.370416 -1.007891 -0.531551
v 4.239516 -0.864215 -1.060000
v 4.320536 -1.007446 -0.988449
v 4.092577 -0.938295 -0.988449
v 4.239516 -0.864215 -0.460000
v 4.092577 -0.938295 -0.531551
v 4.320536 -1.007446 -0.531551
v 4.204349 -0.851632 -1.060000
v 4.270939 -1.002115 -0.988449
v 4.050856 -0.910953 -0.988449
v 4.204349 -0.851632 -0.460000
v 4.050856 -0.910953 -0.531551
v 4.270939 -1.002115 -0.531551
v 4.170584 -0.835663 -1.060000
v 4.222104 -0.991948 -0.988449
v 4.012015 -0.879653 -0.988449
v 4.170584 -0.835663 -0.460000
v 4.012015 -0.879653 -0.531551
v 4.222104 -0.991948 -0.531551
v 4.138547 -0.816461 -1.060000
v 4.174501 -0.977043 -0.988449
v 3.976430 -0.844696 -0.988449
v 4.138547 -0.816461 -0.460000
v 3.976430 -0.844696 -0.531551
v 4.174501 -0.977043 -0.531551
v 4.108547 -0.794211 -1.060000
v 4.128588 -0.957544 -0.988449
v 3.944443 -0.806420 -0.988449
v 4.108547 -0.794211 -0.460000
v 3.944443 -0.806420 -0.531551
v 4.128588 -0.957544 -0.531551
v 4.080872 -0.769128 -1.060000
v 4.084806 -0.933638 -0.988449
v 3.916362 -0.765193 -0.988449
v 4.080872 -0.769128 -0.460000
v 3.916362 -0.765193 -0.531551
v 4.084806 -0.933638 -0.531551
v 4.055789 -0.741453 -1.060000
v 4.043580 -0.905557 -0.988449
v 3.892456 -0.721412 -0.988449
v 4.055789 -0.741453 -0.460000
v 3.892456 -0.721412 -0.531551
v 4.043580 -0.905557 -0.531551
v 4.033539 -0.711452 -1.060000
v 4.005303 -0.873569 -0.988449
v 3.872957 -0.675499 -0.988449
v 4.033539 -0.711452 -0.460000
v 3.872957 -0.675499 -0.531551
v 4.005303 -0.873569 -0.531551
v 4.014337 -0.679416 -1.060000
v 3.970347 -0.837984 -0.988449
v 3.858052 -0.627896 -0.988449
v 4.014337 -0.679416 -0.460000
v 3.858052 -0.627896 -0.531551
v 3.970347 -0.837984 -0.531551
v 3.998368 -0.645651 -1.060000
v 3.939047 -0.799144 -0.988449
v 3.847885 -0.579061 -0.988449
v 3.998368 -0.645651 -0.460000
v 3.847885 -0.579061 -0.531551
v 3.939047 -0.799144 -0.531551
v 3.985785 -0.610484 -1.060000
v 3.911705 -0.757423 -0.988449
v 3.842554 -0.529464 -0.988449
v 3.985785 -0.610484 -0.460000
v 3.842554 -0.529464 -0.531551
v 3.911705 -0.757423 -0.531551
v 3.976709 -0.574252 -1.060000
v 3.888583 -0.713223 -0.988449
v 3.842109 -0.479584 -0.988449
v 3.976709 -0.574252 -0.460000
v 3.842109 -0.479584 -0.531551
v 3.888583 -0.713224 -0.531551
v 3.971229 -0.537305 -1.060000
v 3.869905 -0.666970 -0.988449
v 3.846556 -0.429900 -0.988449
v 3.971229 -0.537305 -0.460000
v 3.846556 -0.429900 -0.531551
v 3.869905 -0.666970 -0.531551
v 3.969396 -0.500000 -1.060000
v 3.855851 -0.619108 -0.988449
v 3.855851 -0.380892 -0.988449
v 3.969396 -0.500000 -0.460000
v 3.855851 -0.380892 -0.531551
v 3.855851 -0.619108 -0.531551
v 3.971229 -0.462694 -1.060000
v 3.846556 -0.570100 -0.988449
v 3.869905 -0.333030 -0.988449
v 3.971229 -0.462695 -0.460000
v 3.869905 -0.333030 -0.531551
v 3.846556 -0.570100 -0.531551
v 3.976709 -0.425748 -1.060000
v 3.842109 -0.520416 -0.988449
v 3.888583 -0.286776 -0.988449
v 3.976709 -0.425748 -0.460000
v 3.888583 -0.286777 -0.531551
v 3.842109 -0.520416 -0.531551
v 3.985785 -0.389516 -1.060000
v 3.842554 -0.470536 -0.988449
v 3.911705 -0.242577 -0.988449
v 3.985785 -0.389516 -0.460000
v 3.911705 -0.242577 -0.531551
v 3.842554 -0.470536 -0.531551
v 3.998368 -0.354349 -1.060000
v 3.847885 -0.420939 -0.988449
v 3.939047 -0.200856 -0.988449
v 3.998368 -0.354349 -0.460000
v 3.939047 -0.200856 -0.531551
v 3.847885 -0.420939 -0.531551
v 4.014337 -0.320584 -1.060000
v 3.858052 -0.372104 -0.988449
v 3.970347 -0.162016 -0.988449
v 4.014337 -0.320584 -0.460000
v 3.970347 -0.162016 -0.531551
v 3.858052 -0.372104 -0.531551
v 4.033539 -0.288548 -1.060000
v 3.872957 -0.324501 -0.988449
v 4.005303 -0.126431 -0.988449
v 4.033539 -0.288548 -0.460000
v 4.005303 -0.126431 -0.531551
v 3.872957 -0.324501 -0.531551
v 4.055789 -0.258547 -1.060000
v 3.892456 -0.278588 -0.988449
v 4.043580 -0.094443 -0.988449
v 4.055789 -0.258547 -0.460000
v 4.043580 -0.094443 -0.531551
v 3.892456 -0.278588 -0.531551
v 4.080872 -0.230872 -1.060000
v 3.916362 -0.234807 -0.988449
v 4.084806 -0.066362 -0.988449
v 4.080872 -0.230872 -0.460000
v 4.084806 -0.066362 -0.531551
v 3.916362 -0.234807 -0.531551
v 4.108547 -0.205789 -1.060000
v 3.944443 -0.193580 -0.988449
v 4.128588 -0.042456 -0.988449
v 4.108547 -0.205789 -0.460000
v 4.128588 -0.042456 -0.531551
v 3.944443 -0.193580 -0.531551
v 4.138547 -0.183539 -1.060000
v 3.976430 -0.155304 -0.988449
v 4.174501 -0.022957 -0.988449
v 4.138547 -0.183539 -0.460000
v 4.174501 -0.022957 -0.531551
v 3.976430 -0.155304 -0.531551
v 4.170584 -0.164337 -1.060000
v 4.012015 -0.120347 -0.988449
v 4.222104 -0.008052 -0.988449
v 4.170584 -0.164337 -0.460000
v 4.222104 -0.008052 -0.531551
v 4.012015 -0.120347 -0.531551
v 4.204349 -0.148368 -1.060000
v 4.050856 -0.089047 -0.988449
v 4.270939 0.002115 -0.988449
v 4.204349 -0.148368 -0.460000
v 4.270939 0.002115 -0.531551
v 4.050856 -0.089047 -0.531551
v 4.239516 -0.135785 -1.060000
v 4.092577 -0.061705 -0.988449
v 4.320536 0.007446 -0.988449
v 4.239516 -0.135785 -0.460000
v 4.320536 0.007446 -0.531551
v 4.092577 -0.061705 -0.531551
v 4.275748 -0.126709 -1.060000
v 4.136776 -0.038583 -0.988449
v 4.370416 0.007891 -0.988449
v 4.275748 -0.126709 -0.460000
v 4.370416 0.007891 -0.531551
v 4.136776 -0.038583 -0.531551
v 4.312695 -0.121229 -1.060000
v 4.183030 -0.019906 -0.988449
v 4.420100 0.003444 -0.988449
v 4.312695 -0.121229 -0.460000
v 4.420100 0.003444 -0.531551
v 4.183030 -0.019906 -0.531551
v 4.350000 -0.119396 -0.511314
v 4.350000 -0.200636 -0.560000
v 4.379343 -0.202078 -0.560000
v 4.387305 -0.121229 -0.511314
v 4.408403 -0.206389 -0.560000
v 4.424252 -0.126709 -0.511314
v 4.436901 -0.213527 -0.560000
v 4.460484 -0.135785 -0.511314
v 4.464561 -0.223424 -0.560000
v 4.495651 -0.148368 -0.511314
v 4.491119 -0.235985 -0.560000
v 4.529416 -0.164337 -0.511314
v 4.516318 -0.251088 -0.560000
v 4.561452 -0.183539 -0.511314
v 4.539914 -0.268589 -0.560000
v 4.591453 -0.205789 -0.511314
v 4.561682 -0.288318 -0.560000
v 4.619128 -0.230872 -0.511314
v 4.581411 -0.310086 -0.560000
v 4.644211 -0.258547 -0.511314
v 4.598912 -0.333682 -0.560000
v 4.666461 -0.288548 -0.511314
v 4.614015 -0.358881 -0.560000
v 4.685663 -0.320584 -0.511314
v 4.626576 -0.385439 -0.560000
v 4.701632 -0.354349 -0.511314
v 4.636473 -0.413099 -0.560000
v 4.714215 -0.389516 -0.511314
v 4.643611 -0.441597 -0.560000
v 4.723291 -0.425748 -0.511314
v 4.647922 -0.470657 -0.560000
v 4.728771 -0.462695 -0.511314
v 4.649364 -0.500000 -0.560000
v 4.730604 -0.500000 -0.511314
v 4.647922 -0.529343 -0.560000
v 4.728771 -0.537305 -0.511314
v 4.643611 -0.558403 -0.560000
v 4.723291 -0.574252 -0.511314
v 4.636473 -0.586901 -0.560000
v 4.714215 -0.610484 -0.511314
v 4.626576 -0.614562 -0.560000
v 4.701632 -0.645651 -0.511314
v 4.614015 -0.641119 -0.560000
v 4.685663 -0.679416 -0.511315
v 4.598911 -0.666318 -0.560000
v 4.666461 -0.711452 -0.511315
v 4.581411 -0.689914 -0.560000
v 4.644211 -0.741453 -0.511315
v 4.561682 -0.711682 -0.560000
v 4.619128 -0.769128 -0.511315
v 4.539914 -0.731411 -0.560000
v 4.591453 -0.794211 -0.511315
v 4.516318 -0.748912 -0.560000
v 4.561452 -0.816461 -0.511315
v 4.491119 -0.764015 -0.560000
v 4.529416 -0.835663 -0.511315
v 4.464561 -0.776576 -0.560000
v 4.495651 -0.851632 -0.511315
v 4.436901 -0.786473 -0.560000
v 4.460484 -0.864215 -0.511315
v 4.408403 -0.793611 -0.560000
v 4.424252 -0.873291 -0.511315
v 4.379343 -0.797922 -0.560000
v 4.387305 -0.878771 -0.511315
v 4.350000 -0.799364 -0.560000
v 4.350000 -0.880604 -0.511315
v 4.320657 -0.797922 -0.560000
v 4.312695 -0.878771 -0.511315
v 4.291597 -0.793611 -0.560000
v 4.275748 -0.873291 -0.511315
v 4.263099 -0.786473 -0.560000
v 4.239516 -0.864215 -0.511315
v 4.235438 -0.776576 -0.560000
v 4.204349 -0.851632 -0.511315
v 4.208881 -0.764015 -0.560000
v 4.170584 -0.835663 -0.511315
v 4.183682 -0.748912 -0.560000
v 4.138547 -0.816461 -0.511315
v 4.160086 -0.731411 -0.560000
v 4.108547 -0.794211 -0.511315
v 4.138318 -0.711682 -0.560000
v 4.080872 -0.769128 -0.511315
v 4.118589 -0.689914 -0.560000
v 4.055789 -0.741453 -0.511315
v 4.101088 -0.666318 -0.560000
v 4.033539 -0.711452 -0.511315
v 4.085985 -0.641119 -0.560000
v 4.014337 -0.679416 -0.511315
v 4.073424 -0.614562 -0.560000
v 3.998368 -0.645651 -0.511314
v 4.063527 -0.586901 -0.560000
v 3.985785 -0.610484 -0.511314
v 4.056388 -0.558403 -0.560000
v 3.976709 -0.574252 -0.511314
v 4.052078 -0.529343 -0.560000
v 3.971229 -0.537305 -0.511314
v 4.050636 -0.500000 -0.560000
v 3.969396 -0.500000 -0.511314
v 4.052078 -0.470657 -0.560000
v 3.971229 -0.462695 -0.511314
v 4.056388 -0.441597 -0.560000
v 3.976709 -0.425748 -0.511314
v 4.063527 -0.413099 -0.560000
v 3.985785 -0.389516 -0.511314
v 4.073424 -0.385439 -0.560000
v 3.998368 -0.354349 -0.511314
v 4.085985 -0.358881 -0.560000
v 4.014337 -0.320584 -0.511314
v 4.101089 -0.333682 -0.560000
v 4.033539 -0.288548 -0.511314
v 4.118588 -0.310086 -0.560000
v 4.055789 -0.258547 -0.511314
v 4.138318 -0.288318 -0.560000
v 4.080872 -0.230872 -0.511314
v 4.160086 -0.268589 -0.560000
v 4.108547 -0.205789 -0.511314
v 4.183682 -0.251088 -0.560000
v 4.138547 -0.183539 -0.511314
v 4.208881 -0.235985 -0.560000
v 4.170584 -0.164337 -0.511314
v 4.235438 -0.223424 -0.560000
v 4.204349 -0.148368 -0.511314
v 4.263099 -0.213527 -0.560000
v 4.239516 -0.135785 -0.511314
v 4.291597 -0.206389 -0.560000
v 4.275748 -0.126709 -0.511314
v 4.320657 -0.202078 -0.560000
v 4.312695 -0.121229 -0.511314
vn -0.8439 -0.1244 0.5220
vn -0.8439 -0.1244 -0.5220
vn 0.8520 -0.0410 -0.5220
vn 0.8520 -0.0410 0.5220
vn -0.8436 0.1260 0.5220
vn -0.8436 0.1260 -0.5220
vn 0.8034 -0.2866 -0.5220
vn 0.8034 -0.2866 0.5220
vn -0.8272 0.2080 0.5220
vn -0.8272 0.2080 -0.5220
vn 0.7714 -0.3640 -0.5220
vn 0.7714 -0.3640 0.5220
vn -0.8028 0.2881 0.5220
vn -0.8028 0.2881 -0.5220
vn 0.7320 -0.4378 -0.5220
vn 0.7320 -0.4378 0.5220
vn -0.7707 0.3654 0.5220
vn -0.7707 0.3654 -0.5220
vn 0.6856 -0.5075 -0.5220
vn 0.6856 -0.5075 0.5220
vn -0.7312 0.4392 0.5220
vn -0.7312 0.4392 -0.5220
vn 0.6325 -0.5722 -0.5220
vn 0.6325 -0.5722 0.5220
vn -0.6846 0.5088 0.5220
vn -0.6846 0.5088 -0.5220
vn 0.5734 -0.6315 -0.5220
vn 0.5734 -0.6315 0.5220
vn -0.6315 0.5734 0.5220
vn -0.6315 0.5734 -0.5220
vn 0.5088 -0.6846 -0.5220
vn 0.5088 -0.6846 0.5220
vn -0.5722 0.6325 0.5220
vn -0.5722 0.6325 -0.5220
vn 0.4392 -0.7312 -0.5220
vn 0.4392 -0.7312 0.5220
vn -0.5075 0.6856 0.5220
vn -0.5075 0.6856 -0.5220
vn 0.3654 -0.7707 -0.5220
vn 0.3654 -0.7707 0.5220
vn -0.4378 0.7320 0.5220
vn -0.4378 0.7320 -0.5220
vn 0.2881 -0.8028 -0.5220
vn 0.2881 -0.8028 0.5220
vn -0.3640 0.7714 0.5220
vn -0.3640 0.7714 -0.5220
vn 0.2080 -0.8272 -0.5220
vn 0.2080 -0.8272 0.5220
vn -0.2866 0.8034 0.5220
vn -0.2866 0.8034 -0.5220
vn 0.1260 -0.8436 -0.5220
vn 0.1260 -0.8436 0.5220
vn -0.2065 0.8276 0.5220
vn -0.2065 0.8276 -0.5220
vn 0.0427 -0.8519 -0.5220
vn 0.0427 -0.8519 0.5220
vn -0.1244 0.8438 0.5220
vn -0.1244 0.8439 -0.5220
vn -0.0410 -0.8520 -0.5220
vn -0.0410 -0.8520 0.5220
vn -0.0410 0.8520 0.5220
vn -0.0410 0.8520 -0.5220
vn -0.1244 -0.8438 -0.5220
vn -0.1244 -0.8439 0.5220
vn 0.0427 0.8519 0.5220
vn 0.0427 0.8519 -0.5220
vn -0.2065 -0.8276 -0.5220
vn -0.2065 -0.8276 0.5220
vn 0.1260 0.8436 0.5220
vn 0.1260 0.8436 -0.5220
vn -0.2866 -0.8034 -0.5220
vn -0.2866 -0.8034 0.5220
vn 0.2080 0.8272 0.5220
vn 0.2080 0.8272 -0.5220
vn -0.3640 -0.7714 -0.5220
vn -0.3640 -0.7714 0.5220
vn 0.2881 0.8028 0.5220
vn 0.2881 0.8028 -0.5220
vn -0.4378 -0.7320 -0.5220
vn -0.4378 -0.7320 0.5220
vn 0.3654 0.7707 0.5220
vn 0.3654 0.7707 -0.5220
vn -0.5075 -0.6856 -0.5220
vn -0.5075 -0.6856 0.5220
vn 0.4392 0.7312 0.5220
vn 0.4392 0.7312 -0.5220
vn -0.5722 -0.6325 -0.5220
vn -0.5722 -0.6325 0.5220
vn 0.5088 0.6846 0.5220
vn 0.5088 0.6846 -0.5220
vn -0.6315 -0.5734 -0.5220
vn -0.6315 -0.5734 0.5220
vn 0.5734 0.6315 0.5220
vn 0.5734 0.6315 -0.5220
vn -0.6846 -0.5088 -0.5220
vn -0.6846 -0.5088 0.5220
vn 0.6325 0.5722 0.5220
vn 0.6325 0.5722 -0.5220
vn -0.7312 -0.4392 -0.5220
vn -0.7312 -0.4392 0.5220
vn 0.6856 0.5075 0.5220
vn 0.6856 0.5075 -0.5220
vn -0.7707 -0.3654 -0.5220
vn -0.7707 -0.3654 0.5220
vn 0.7320 0.4378 0.5220
vn 0.7320 0.4378 -0.5220
vn -0.8028 -0.2881 -0.5220
vn -0.8028 -0.2881 0.5220
vn 0.7714 0.3640 0.5220
vn 0.7714 0.3640 -0.5220
vn -0.8272 -0.2080 -0.5220
vn -0.8272 -0.2080 0.5220
vn 0.8034 0.2866 0.5220
vn 0.8034 0.2866 -0.5220
vn -0.8436 -0.1260 -0.5220
vn -0.8436 -0.1260 0.5220
vn 0.8276 0.2065 0.5220
vn 0.8276 0.2065 -0.5220
vn -0.8519 -0.0427 -0.5220
vn -0.8519 -0.0427 0.5220
vn 0.8439 0.1244 0.5220
vn 0.8439 0.1244 -0.5220
vn -0.8520 0.0410 -0.5220
vn -0.8520 0.0410 0.5220
vn 0.8520 0.0410 0.5220
vn 0.8520 0.0410 -0.5220
vn -0.8439 0.1244 -0.5220
vn -0.8439 0.1244 0.5220
vn 0.8519 -0.0427 0.5220
vn 0.8519 -0.0427 -0.5220
vn -0.8276 0.2065 -0.5220
vn -0.8276 0.2065 0.5220
vn 0.8436 -0.1260 0.5220
vn 0.8436 -0.1260 -0.5220
vn -0.8034 0.2866 -0.5220
vn -0.8034 0.2866 0.5220
vn 0.8272 -0.2080 0.5220
vn 0.8272 -0.2080 -0.5220
vn -0.7714 0.3640 -0.5220
vn -0.7714 0.3640 0.5220
vn 0.8028 -0.2881 0.5220
vn 0.8028 -0.2881 -0.5220
vn -0.7320 0.4378 -0.5220
vn -0.7320 0.4378 0.5220
vn 0.7707 -0.3654 0.5220
vn 0.7707 -0.3654 -0.5220
vn -0.6856 0.5075 -0.5220
vn -0.6856 0.5075 0.5220
vn 0.7312 -0.4392 0.5220
vn 0.7312 -0.4392 -0.5220
vn -0.6325 0.5722 -0.5220
vn -0.6325 0.5722 0.5220
vn 0.6846 -0.5088 0.5220
vn 0.6846 -0.5088 -0.5220
vn -0.5734 0.6315 -0.5220
vn -0.5734 0.6315 0.5220
vn 0.6315 -0.5734 0.5220
vn 0.6315 -0.5734 -0.5220
vn -0.5088 0.6846 -0.5220
vn -0.5088 0.6846 0.5220
vn 0.5722 -0.6325 0.5220
vn 0.5722 -0.6325 -0.5220
vn -0.4392 0.7312 -0.5220
vn -0.4392 0.7312 0.5220
vn 0.5075 -0.6856 0.5220
vn 0.5075 -0.6856 -0.5220
vn -0.3654 0.7707 -0.5220
vn -0.3654 0.7707 0.5220
vn 0.4378 -0.7320 0.5220
vn 0.4378 -0.7320 -0.5220
vn -0.2881 0.8028 -0.5220
vn -0.2881 0.8028 0.5220
vn 0.3640 -0.7714 0.5220
vn 0.3640 -0.7714 -0.5220
vn -0.2080 0.8272 -0.5220
vn -0.2080 0.8272 0.5220
vn 0.2866 -0.8034 0.5220
vn 0.2866 -0.8034 -0.5220
vn -0.1260 0.8436 -0.5220
vn -0.1260 0.8436 0.5220
vn 0.2065 -0.8276 0.5220
vn 0.2065 -0.8276 -0.5220
vn -0.0427 0.8519 -0.5220
vn -0.0427 0.8519 0.5220
vn 0.1244 -0.8438 0.5220
vn 0.1244 -0.8439 -0.5220
vn 0.0410 0.8520 -0.5220
vn 0.0410 0.8520 0.5220
vn 0.0410 -0.8520 0.5220
vn 0.0410 -0.8520 -0.5220
vn 0.1244 0.8438 -0.5220
vn 0.1244 0.8439 0.5220
vn -0.0427 -0.8519 0.5220
vn -0.0427 -0.8519 -0.5220
vn 0.2065 0.8276 -0.5220
vn 0.2065 0.8276 0.5220
vn -0.1260 -0.8436 0.5220
vn -0.1260 -0.8436 -0.5220
vn 0.2866 0.8034 -0.5220
vn 0.2866 0.8034 0.5220
vn -0.2080 -0.8272 0.5220
vn -0.2080 -0.8272 -0.5220
vn 0.3640 0.7714 -0.5220
vn 0.3640 0.7714 0.5220
vn -0.2881 -0.8028 0.5220
vn -0.2881 -0.8028 -0.5220
vn 0.4378 0.7320 -0.5220
vn 0.4378 0.7320 0.5220
vn -0.3654 -0.7707 0.5220
vn -0.3654 -0.7707 -0.5220
vn 0.5075 0.6856 -0.5220
vn 0.5075 0.6856 0.5220
vn -0.4392 -0.7312 0.5220
vn -0.4392 -0.7312 -0.5220
vn 0.5722 0.6325 -0.5220
vn 0.5722 0.6325 0.5220
vn -0.5088 -0.6846 0.5220
vn -0.5088 -0.6846 -0.5220
vn 0.6315 0.5734 -0.5220
vn 0.6315 0.5734 0.5220
vn -0.5734 -0.6315 0.5220
vn -0.5734 -0.6315 -0.5220
vn 0.6846 0.5088 -0.5220
vn 0.6846 0.5088 0.5220
vn -0.6325 -0.5722 0.5220
vn -0.6325 -0.5722 -0.5220
vn 0.7312 0.4392 -0.5220
vn 0.7312 0.4392 0.5220
vn -0.6856 -0.5075 0.5220
vn -0.6856 -0.5075 -0.5220
vn 0.7707 0.3654 -0.5220
vn 0.7707 0.3654 0.5220
vn -0.7320 -0.4378 0.5220
vn -0.7320 -0.4378 -0.5220
vn 0.8028 0.2881 -0.5220
vn 0.8028 0.2881 0.5220
vn -0.7714 -0.3640 0.5220
vn -0.7714 -0.3640 -0.5220
vn 0.8272 0.2080 -0.5220
vn 0.8272 0.2080 0.5220
vn -0.8034 -0.2866 0.5220
vn -0.8034 -0.2866 -0.5220
vn 0.8436 0.1260 -0.5220
vn 0.8436 0.1260 0.5220
vn -0.8276 -0.2065 0.5220
vn -0.8276 -0.2065 -0.5220
vn 0.8519 0.0427 -0.5220
vn 0.8519 0.0427 0.5220
vn -0.8519 0.0427 0.5220
vn -0.8519 0.0427 -0.5220
vn 0.8276 -0.2065 -0.5220
vn 0.8276 -0.2065 0.5220
vn -0.3721 -0.8983 -0.2335
vn -0.2823 -0.9305 -0.2335
vn -0.2398 -0.7905 0.5635
vn -0.3161 -0.7632 0.5635
vn -0.8520 -0.0410 0.5220
vn -0.8520 -0.0410 -0.5220
vn 0.8439 -0.1244 -0.5220
vn 0.8439 -0.1244 0.5220
vn -0.0000 -0.1124 -0.9937
vn -0.0000 -0.9724 -0.2335
vn -0.0110 -0.1119 -0.9937
vn -0.0953 -0.9677 -0.2335
vn -0.0219 -0.1102 -0.9937
vn -0.1897 -0.9537 -0.2335
vn -0.0326 -0.1076 -0.9937
vn -0.0430 -0.1038 -0.9937
vn -0.0530 -0.0991 -0.9937
vn -0.4584 -0.8575 -0.2335
vn -0.0624 -0.0935 -0.9937
vn -0.5402 -0.8085 -0.2335
vn -0.0713 -0.0869 -0.9937
vn -0.6169 -0.7516 -0.2335
vn -0.0795 -0.0795 -0.9937
vn -0.6876 -0.6876 -0.2335
vn -0.0869 -0.0713 -0.9937
vn -0.7516 -0.6169 -0.2335
vn -0.0935 -0.0624 -0.9937
vn -0.8085 -0.5402 -0.2335
vn -0.0991 -0.0530 -0.9937
vn -0.8575 -0.4584 -0.2335
vn -0.1038 -0.0430 -0.9937
vn -0.8983 -0.3721 -0.2335
vn -0.1076 -0.0326 -0.9937
vn -0.9305 -0.2823 -0.2335
vn -0.1102 -0.0219 -0.9937
vn -0.9537 -0.1897 -0.2335
vn -0.1119 -0.0110 -0.9937
vn -0.9677 -0.0953 -0.2335
vn -0.1124 -0.0000 -0.9937
vn -0.9724 -0.0000 -0.2335
vn -0.1119 0.0110 -0.9937
vn -0.9677 0.0953 -0.2335
vn -0.1102 0.0219 -0.9937
vn -0.9537 0.1897 -0.2335
vn -0.1076 0.0326 -0.9937
vn -0.9305 0.2823 -0.2335
vn -0.1038 0.0430 -0.9937
vn -0.8983 0.3721 -0.2335
vn -0.0991 0.0530 -0.9937
vn -0.8575 0.4584 -0.2335
vn -0.0935 0.0624 -0.9937
vn -0.8085 0.5402 -0.2335
vn -0.0869 0.0713 -0.9937
vn -0.7516 0.6169 -0.2335
vn -0.0795 0.0795 -0.9937
vn -0.6876 0.6876 -0.2335
vn -0.0713 0.0869 -0.9937
vn -0.6169 0.7516 -0.2335
vn -0.0624 0.0935 -0.9937
vn -0.5402 0.8085 -0.2335
vn -0.0530 0.0991 -0.9937
vn -0.4584 0.8575 -0.2335
vn -0.0430 0.1038 -0.9937
vn -0.3721 0.8983 -0.2335
vn -0.0326 0.1076 -0.9937
vn -0.2823 0.9305 -0.2335
vn -0.0219 0.1102 -0.9937
vn -0.1897 0.9537 -0.2335
vn -0.0110 0.1119 -0.9937
vn -0.0953 0.9677 -0.2335
vn -0.0000 0.1124 -0.9937
vn -0.0000 0.9724 -0.2335
vn 0.0110 0.1119 -0.9937
vn 0.0953 0.9677 -0.2335
vn 0.0219 0.1102 -0.9937
vn 0.1897 0.9537 -0.2335
vn 0.0326 0.1076 -0.9937
vn 0.2823 0.9305 -0.2335
vn 0.0430 0.1038 -0.9937
vn 0.3721 0.8983 -0.2335
vn 0.0530 0.0991 -0.9937
vn 0.4584 0.8575 -0.2335
vn 0.0624 0.0935 -0.9937
vn 0.5402 0.8085 -0.2335
vn 0.0713 0.0869 -0.9937
vn 0.6169 0.7516 -0.2335
vn 0.0795 0.0795 -0.9937
vn 0.6876 0.6876 -0.2335
vn 0.0869 0.0713 -0.9937
vn 0.7516 0.6169 -0.2335
vn 0.0935 0.0624 -0.9937
vn 0.8085 0.5402 -0.2335
vn 0.0991 0.0530 -0.9937
vn 0.8575 0.4584 -0.2335
vn 0.1038 0.0430 -0.9937
vn 0.8983 0.3721 -0.2335
vn 0.1076 0.0326 -0.9937
vn 0.9305 0.2823 -0.2335
vn 0.1102 0.0219 -0.9937
vn 0.9537 0.1897 -0.2335
vn 0.1119 0.0110 -0.9937
vn 0.9677 0.0953 -0.2335
vn 0.1124 -0.0000 -0.9937
vn 0.9724 -0.0000 -0.2335
vn 0.1119 -0.0110 -0.9937
vn 0.9677 -0.0953 -0.2335
vn 0.1102 -0.0219 -0.9937
vn 0.9537 -0.1897 -0.2335
vn 0.1076 -0.0326 -0.9937
vn 0.9305 -0.2823 -0.2335
vn 0.1038 -0.0430 -0.9937
vn 0.8983 -0.3721 -0.2335
vn 0.0991 -0.0530 -0.9937
vn 0.8575 -0.4584 -0.2335
vn 0.0935 -0.0624 -0.9937
vn 0.8085 -0.5402 -0.2335
vn 0.0869 -0.0713 -0.9937
vn 0.7516 -0.6169 -0.2335
vn 0.0795 -0.0795 -0.9937
vn 0.6876 -0.6876 -0.2335
vn 0.0713 -0.0869 -0.9937
vn 0.6169 -0.7516 -0.2335
vn 0.0624 -0.0935 -0.9937
vn 0.5402 -0.8085 -0.2335
vn 0.0530 -0.0991 -0.9937
vn 0.4584 -0.8575 -0.2335
vn 0.0430 -0.1038 -0.9937
vn 0.3721 -0.8983 -0.2335
vn 0.0326 -0.1076 -0.9937
vn 0.2823 -0.9305 -0.2335
vn 0.0219 -0.1102 -0.9937
vn 0.1897 -0.9537 -0.2335
vn 0.0110 -0.1119 -0.9937
vn 0.0953 -0.9677 -0.2335
vn 0.0810 -0.8221 0.5635
vn -0.0000 -0.8261 0.5635
vn 0.4590 0.6869 0.5635
vn 0.5241 0.6386 0.5635
vn -0.5241 0.6386 0.5635
vn -0.4590 0.6869 0.5635
vn 0.3161 -0.7632 0.5635
vn 0.2398 -0.7905 0.5635
vn -0.7632 -0.3161 0.5635
vn -0.7905 -0.2398 0.5635
vn 0.8221 0.0810 0.5635
vn 0.8261 -0.0000 0.5635
vn 0.1612 0.8102 0.5635
vn 0.2398 0.7905 0.5635
vn -0.7286 0.3894 0.5635
vn -0.6869 0.4590 0.5635
vn 0.5841 -0.5841 0.5635
vn 0.5241 -0.6386 0.5635
vn -0.5841 -0.5841 0.5635
vn -0.6386 -0.5241 0.5635
vn 0.7286 0.3894 0.5635
vn 0.7632 0.3161 0.5635
vn -0.1612 0.8102 0.5635
vn -0.0810 0.8221 0.5635
vn -0.8221 0.0810 0.5635
vn -0.8102 0.1612 0.5635
vn 0.7632 -0.3161 0.5635
vn 0.7286 -0.3894 0.5635
vn -0.3894 -0.7286 0.5635
vn 0.5841 0.5841 0.5635
vn -0.3894 0.7286 0.5635
vn 0.1612 -0.8102 0.5635
vn -0.8102 -0.1612 0.5635
vn 0.8221 -0.0810 0.5635
vn 0.3161 0.7632 0.5635
vn -0.6386 0.5241 0.5635
vn 0.4590 -0.6869 0.5635
vn -0.6869 -0.4590 0.5635
vn 0.7905 0.2398 0.5635
vn -0.0000 0.8261 0.5635
vn -0.7905 0.2398 0.5635
vn 0.6869 -0.4590 0.5635
vn -0.4590 -0.6869 0.5635
vn -0.0243 -0.2469 0.9687
vn -0.0000 -0.2481 0.9687
vn 0.0243 -0.2469 0.9687
vn 0.0484 -0.2433 0.9687
vn 0.0720 -0.2374 0.9687
vn 0.0949 -0.2292 0.9687
vn 0.1169 -0.2188 0.9687
vn 0.1378 -0.2063 0.9687
vn 0.1574 -0.1917 0.9687
vn 0.1754 -0.1754 0.9687
vn 0.1917 -0.1574 0.9687
vn 0.2063 -0.1378 0.9687
vn 0.2188 -0.1169 0.9687
vn 0.2292 -0.0949 0.9687
vn 0.2374 -0.0720 0.9687
vn 0.2433 -0.0484 0.9687
vn 0.2469 -0.0243 0.9687
vn 0.2481 -0.0000 0.9687
vn 0.2469 0.0243 0.9687
vn 0.2433 0.0484 0.9687
vn 0.2374 0.0720 0.9687
vn 0.2292 0.0949 0.9687
vn 0.2188 0.1169 0.9687
vn 0.2063 0.1378 0.9687
vn 0.1917 0.1574 0.9687
vn 0.1754 0.1754 0.9687
vn 0.1574 0.1917 0.9687
vn 0.1378 0.2063 0.9687
vn 0.1169 0.2188 0.9687
vn 0.0949 0.2292 0.9687
vn 0.0720 0.2374 0.9687
vn 0.0484 0.2433 0.9687
vn 0.0243 0.2469 0.9687
vn -0.0000 0.2481 0.9687
vn -0.0243 0.2469 0.9687
vn -0.0484 0.2433 0.9687
vn -0.0720 0.2374 0.9687
vn -0.0949 0.2292 0.9687
vn -0.1169 0.2188 0.9687
vn -0.1378 0.2063 0.9687
vn -0.1574 0.1917 0.9687
vn -0.1754 0.1754 0.9687
vn -0.1917 0.1574 0.9687
vn -0.2063 0.1378 0.9687
vn -0.2188 0.1169 0.9687
vn -0.2292 0.0949 0.9687
vn -0.2374 0.0720 0.9687
vn -0.2433 0.0484 0.9687
vn -0.2469 0.0243 0.9687
vn -0.2481 -0.0000 0.9687
vn -0.2469 -0.0243 0.9687
vn -0.2433 -0.0484 0.9687
vn -0.2374 -0.0720 0.9687
vn -0.2292 -0.0949 0.9687
vn -0.2188 -0.1169 0.9687
vn -0.2063 -0.1378 0.9687
vn -0.1917 -0.1574 0.9687
vn -0.1754 -0.1754 0.9687
vn -0.1574 -0.1917 0.9687
vn -0.1378 -0.2063 0.9687
vn -0.1169 -0.2188 0.9687
vn -0.0949 -0.2292 0.9687
vn -0.0720 -0.2374 0.9687
vn -0.0484 -0.2433 0.9687
vn 0.6386 0.5241 0.5635
vn -0.3161 0.7632 0.5635
vn -0.8221 -0.0810 0.5635
vn 0.8102 -0.1612 0.5635
vn 0.3894 0.7286 0.5635
vn -0.5841 0.5841 0.5635
vn 0.3894 -0.7286 0.5635
vn -0.7286 -0.3894 0.5635
vn 0.8102 0.1612 0.5635
vn 0.0810 0.8221 0.5635
vn -0.7632 0.3161 0.5635
vn 0.6386 -0.5241 0.5635
vn -0.5241 -0.6386 0.5635
vn 0.6869 0.4590 0.5635
vn -0.2398 0.7905 0.5635
vn -0.8261 -0.0000 0.5635
vn 0.7905 -0.2398 0.5635
vn -0.1612 -0.8102 0.5635
vn -0.0810 -0.8221 0.5635
vt 0.750000 0.432690
vt 0.037974 0.559626
vt 0.726476 0.488844
vt 0.962026 0.559626
vt 0.773524 0.488844
vt 0.000000 0.559626
vt 0.250000 0.432690
vt 0.962025 0.940374
vt 0.273524 0.488844
vt 0.000000 0.940374
vt 0.037974 0.940374
vt 0.226476 0.488844
vt 0.767906 0.431810
vt 0.750000 0.490000
vt 1.022349 0.559626
vt 0.946401 0.559626
vt 0.796822 0.485388
vt 0.267907 0.431810
vt 0.946401 0.940374
vt 0.296822 0.485388
vt 0.250000 0.490000
vt 1.022349 0.940374
vt 0.785641 0.429179
vt 0.773524 0.488844
vt 1.006724 0.559626
vt 0.930776 0.559626
vt 0.819668 0.479666
vt 0.285641 0.429180
vt 0.930776 0.940374
vt 0.319668 0.479666
vt 0.273524 0.488844
vt 1.006724 0.940374
vt 0.803032 0.424823
vt 0.796822 0.485388
vt 0.991099 0.559626
vt 0.915151 0.559626
vt 0.841844 0.471731
vt 0.303032 0.424823
vt 0.915151 0.940374
vt 0.341844 0.471731
vt 0.296822 0.485388
vt 0.991099 0.940374
vt 0.819912 0.418783
vt 0.819668 0.479666
vt 0.975474 0.559626
vt 0.899526 0.559626
vt 0.863135 0.461661
vt 0.319912 0.418784
vt 0.899526 0.940374
vt 0.363135 0.461661
vt 0.319668 0.479666
vt 0.975474 0.940374
vt 0.836120 0.411118
vt 0.841844 0.471731
vt 0.959849 0.559626
vt 0.883901 0.559626
vt 0.883337 0.449553
vt 0.336119 0.411118
vt 0.883901 0.940374
vt 0.383337 0.449553
vt 0.341844 0.471731
vt 0.959849 0.940374
vt 0.851497 0.401901
vt 0.863135 0.461661
vt 0.944224 0.559626
vt 0.868276 0.559626
vt 0.902254 0.435522
vt 0.351497 0.401901
vt 0.868276 0.940374
vt 0.402254 0.435522
vt 0.363135 0.461661
vt 0.944224 0.940374
vt 0.865897 0.391221
vt 0.883337 0.449553
vt 0.928599 0.559626
vt 0.852651 0.559626
vt 0.919706 0.419706
vt 0.365897 0.391221
vt 0.852651 0.940374
vt 0.419706 0.419706
vt 0.383337 0.449553
vt 0.928599 0.940374
vt 0.879181 0.379181
vt 0.902254 0.435522
vt 0.912974 0.559626
vt 0.837026 0.559626
vt 0.935522 0.402254
vt 0.379181 0.379181
vt 0.837026 0.940374
vt 0.435522 0.402254
vt 0.402254 0.435522
vt 0.912974 0.940374
vt 0.891221 0.365897
vt 0.919706 0.419706
vt 0.897349 0.559626
vt 0.821401 0.559626
vt 0.949553 0.383337
vt 0.391221 0.365897
vt 0.821401 0.940374
vt 0.449553 0.383337
vt 0.419706 0.419706
vt 0.897350 0.940374
vt 0.901901 0.351497
vt 0.935522 0.402254
vt 0.881724 0.559626
vt 0.805776 0.559626
vt 0.961661 0.363135
vt 0.401901 0.351497
vt 0.805776 0.940374
vt 0.461661 0.363135
vt 0.435522 0.402254
vt 0.881724 0.940374
vt 0.911118 0.336120
vt 0.949553 0.383337
vt 0.866099 0.559626
vt 0.790151 0.559626
vt 0.971731 0.341844
vt 0.411118 0.336120
vt 0.790151 0.940374
vt 0.471731 0.341844
vt 0.449553 0.383337
vt 0.866099 0.940374
vt 0.918783 0.319912
vt 0.961661 0.363135
vt 0.850474 0.559626
vt 0.774526 0.559626
vt 0.979666 0.319668
vt 0.418784 0.319912
vt 0.774526 0.940374
vt 0.479666 0.319668
vt 0.461661 0.363135
vt 0.850474 0.940374
vt 0.924823 0.303032
vt 0.971731 0.341844
vt 0.834849 0.559626
vt 0.758901 0.559626
vt 0.985388 0.296822
vt 0.424823 0.303032
vt 0.758901 0.940374
vt 0.485388 0.296822
vt 0.471731 0.341844
vt 0.834849 0.940374
vt 0.929180 0.285641
vt 0.979666 0.319668
vt 0.819224 0.559626
vt 0.743276 0.559626
vt 0.988844 0.273524
vt 0.429180 0.285641
vt 0.743276 0.940374
vt 0.488844 0.273524
vt 0.479666 0.319668
vt 0.819224 0.940374
vt 0.931810 0.267907
vt 0.985388 0.296822
vt 0.803599 0.559626
vt 0.727651 0.559626
vt 0.990000 0.250000
vt 0.431810 0.267907
vt 0.727651 0.940374
vt 0.490000 0.250000
vt 0.485388 0.296822
vt 0.803599 0.940374
vt 0.932690 0.250000
vt 0.988844 0.273524
vt 0.787974 0.559626
vt 0.712026 0.559626
vt 0.988844 0.226476
vt 0.432690 0.250000
vt 0.712026 0.940374
vt 0.488844 0.226476
vt 0.488844 0.273524
vt 0.787975 0.940374
vt 0.931810 0.232093
vt 0.990000 0.250000
vt 0.772349 0.559626
vt 0.696401 0.559626
vt 0.985388 0.203178
vt 0.431810 0.232093
vt 0.696401 0.940374
vt 0.485388 0.203178
vt 0.490000 0.250000
vt 0.772349 0.940374
vt 0.929180 0.214359
vt 0.988844 0.226476
vt 0.756724 0.559626
vt 0.680776 0.559626
vt 0.979666 0.180332
vt 0.429180 0.214359
vt 0.680776 0.940374
vt 0.479666 0.180332
vt 0.488844 0.226476
vt 0.756724 0.940374
vt 0.924823 0.196968
vt 0.985388 0.203178
vt 0.741099 0.559626
vt 0.665151 0.559626
vt 0.971731 0.158156
vt 0.424823 0.196968
vt 0.665151 0.940374
vt 0.471731 0.158156
vt 0.485388 0.203178
vt 0.741099 0.940374
vt 0.918783 0.180088
vt 0.979666 0.180332
vt 0.725474 0.559626
vt 0.649526 0.559626
vt 0.961661 0.136865
vt 0.418784 0.180088
vt 0.649526 0.940374
vt 0.461661 0.136865
vt 0.479666 0.180332
vt 0.725474 0.940374
vt 0.911118 0.163880
vt 0.971731 0.158156
vt 0.709849 0.559626
vt 0.633901 0.559626
vt 0.949553 0.116663
vt 0.411118 0.163881
vt 0.633901 0.940374
vt 0.449553 0.116663
vt 0.471731 0.158156
vt 0.709849 0.940374
vt 0.901901 0.148503
vt 0.961661 0.136865
vt 0.694224 0.559626
vt 0.618276 0.559626
vt 0.935522 0.097746
vt 0.401901 0.148503
vt 0.618276 0.940374
vt 0.435522 0.097746
vt 0.461661 0.136865
vt 0.694224 0.940374
vt 0.891221 0.134103
vt 0.949553 0.116663
vt 0.678599 0.559626
vt 0.602651 0.559626
vt 0.919706 0.080294
vt 0.391221 0.134103
vt 0.602651 0.940374
vt 0.419706 0.080294
vt 0.449553 0.116663
vt 0.678599 0.940374
vt 0.879181 0.120819
vt 0.935522 0.097746
vt 0.662974 0.559626
vt 0.587026 0.559626
vt 0.902254 0.064478
vt 0.379181 0.120819
vt 0.587026 0.940374
vt 0.402254 0.064478
vt 0.435522 0.097746
vt 0.662974 0.940374
vt 0.865897 0.108779
vt 0.919706 0.080294
vt 0.647349 0.559626
vt 0.571401 0.559626
vt 0.883337 0.050447
vt 0.365897 0.108779
vt 0.571401 0.940374
vt 0.383337 0.050447
vt 0.419706 0.080294
vt 0.647349 0.940374
vt 0.851497 0.098099
vt 0.902254 0.064478
vt 0.631724 0.559626
vt 0.555776 0.559626
vt 0.863135 0.038339
vt 0.351497 0.098099
vt 0.555776 0.940374
vt 0.363135 0.038339
vt 0.402254 0.064478
vt 0.631724 0.940374
vt 0.836120 0.088882
vt 0.883337 0.050447
vt 0.616099 0.559626
vt 0.540151 0.559626
vt 0.841844 0.028269
vt 0.336120 0.088882
vt 0.540151 0.940374
vt 0.341844 0.028269
vt 0.383337 0.050447
vt 0.616099 0.940374
vt 0.819913 0.081217
vt 0.863135 0.038339
vt 0.600474 0.559626
vt 0.524526 0.559626
vt 0.819668 0.020334
vt 0.319912 0.081217
vt 0.524526 0.940374
vt 0.319668 0.020334
vt 0.363135 0.038339
vt 0.600474 0.940374
vt 0.803032 0.075177
vt 0.841844 0.028269
vt 0.584849 0.559626
vt 0.508901 0.559626
vt 0.796822 0.014612
vt 0.303032 0.075177
vt 0.508901 0.940374
vt 0.296822 0.014612
vt 0.341844 0.028269
vt 0.584849 0.940374
vt 0.785641 0.070820
vt 0.819668 0.020334
vt 0.569224 0.559626
vt 0.493276 0.559626
vt 0.773524 0.011156
vt 0.285641 0.070820
vt 0.493276 0.940374
vt 0.273524 0.011156
vt 0.319668 0.020334
vt 0.569224 0.940374
vt 0.767907 0.068190
vt 0.796822 0.014612
vt 0.553599 0.559626
vt 0.477651 0.559626
vt 0.750000 0.010000
vt 0.267907 0.068190
vt 0.477651 0.940374
vt 0.250000 0.010000
vt 0.296822 0.014612
vt 0.553599 0.940374
vt 0.750000 0.067310
vt 0.773524 0.011156
vt 0.537974 0.559626
vt 0.462026 0.559626
vt 0.726476 0.011156
vt 0.250000 0.067310
vt 0.462026 0.940374
vt 0.226476 0.011156
vt 0.273524 0.011156
vt 0.537974 0.940374
vt 0.732093 0.068190
vt 0.750000 0.010000
vt 0.522349 0.559626
vt 0.446401 0.559626
vt 0.703178 0.014612
vt 0.232093 0.068190
vt 0.446401 0.940374
vt 0.203178 0.014612
vt 0.250000 0.010000
vt 0.522349 0.940374
vt 0.714359 0.070820
vt 0.726476 0.011156
vt 0.506724 0.559626
vt 0.430776 0.559626
vt 0.680332 0.020334
vt 0.214359 0.070820
vt 0.430776 0.940374
vt 0.180332 0.020334
vt 0.226476 0.011156
vt 0.506724 0.940374
vt 0.696968 0.075177
vt 0.703178 0.014612
vt 0.491099 0.559626
vt 0.415151 0.559626
vt 0.658156 0.028269
vt 0.196968 0.075177
vt 0.415151 0.940374
vt 0.158156 0.028269
vt 0.203178 0.014612
vt 0.491099 0.940374
vt 0.680088 0.081217
vt 0.680332 0.020334
vt 0.475474 0.559626
vt 0.399526 0.559626
vt 0.636865 0.038339
vt 0.180088 0.081217
vt 0.399526 0.940374
vt 0.136865 0.038339
vt 0.180332 0.020334
vt 0.475474 0.940374
vt 0.663880 0.088882
vt 0.658156 0.028269
vt 0.459849 0.559626
vt 0.383901 0.559626
vt 0.616663 0.050447
vt 0.163880 0.088882
vt 0.383901 0.940374
vt 0.116663 0.050447
vt 0.158156 0.028269
vt 0.459849 0.940374
vt 0.648503 0.098099
vt 0.636865 0.038339
vt 0.444224 0.559626
vt 0.368276 0.559626
vt 0.597746 0.064478
vt 0.148503 0.098099
vt 0.368276 0.940374
vt 0.097746 0.064478
vt 0.136865 0.038339
vt 0.444224 0.940374
vt 0.634103 0.108779
vt 0.616663 0.050447
vt 0.428599 0.559626
vt 0.352651 0.559626
vt 0.580294 0.080294
vt 0.134103 0.108779
vt 0.352651 0.940374
vt 0.080294 0.080294
vt 0.116663 0.050447
vt 0.428599 0.940374
vt 0.620819 0.120819
vt 0.597746 0.064478
vt 0.412974 0.559626
vt 0.337026 0.559626
vt 0.564478 0.097746
vt 0.120819 0.120819
vt 0.337026 0.940374
vt 0.064478 0.097746
vt 0.097746 0.064478
vt 0.412974 0.940374
vt 0.608779 0.134103
vt 0.580294 0.080294
vt 0.397349 0.559626
vt 0.321401 0.559626
vt 0.550447 0.116663
vt 0.108779 0.134103
vt 0.321401 0.940374
vt 0.050447 0.116663
vt 0.080294 0.080294
vt 0.397349 0.940374
vt 0.598099 0.148503
vt 0.564478 0.097746
vt 0.381724 0.559626
vt 0.305776 0.559626
vt 0.538339 0.136865
vt 0.098099 0.148503
vt 0.305776 0.940374
vt 0.038339 0.136865
vt 0.064478 0.097746
vt 0.381724 0.940374
vt 0.588882 0.163881
vt 0.550447 0.116663
vt 0.366099 0.559626
vt 0.290151 0.559626
vt 0.528269 0.158156
vt 0.088882 0.163880
vt 0.290151 0.940374
vt 0.028269 0.158156
vt 0.050447 0.116663
vt 0.366099 0.940374
vt 0.581216 0.180088
vt 0.538339 0.136865
vt 0.350474 0.559626
vt 0.274526 0.559626
vt 0.520334 0.180332
vt 0.081217 0.180088
vt 0.274526 0.940374
vt 0.020334 0.180332
vt 0.038339 0.136865
vt 0.350474 0.940374
vt 0.575177 0.196968
vt 0.528269 0.158156
vt 0.334849 0.559626
vt 0.258901 0.559626
vt 0.514612 0.203178
vt 0.075177 0.196968
vt 0.258901 0.940374
vt 0.014612 0.203178
vt 0.028269 0.158156
vt 0.334849 0.940374
vt 0.570820 0.214359
vt 0.520334 0.180332
vt 0.319224 0.559626
vt 0.243276 0.559626
vt 0.511156 0.226476
vt 0.070820 0.214359
vt 0.243276 0.940374
vt 0.011156 0.226476
vt 0.020334 0.180332
vt 0.319224 0.940374
vt 0.568190 0.232093
vt 0.514612 0.203178
vt 0.303599 0.559626
vt 0.227651 0.559626
vt 0.510000 0.250000
vt 0.068190 0.232093
vt 0.227651 0.940374
vt 0.010000 0.250000
vt 0.014612 0.203178
vt 0.303599 0.940374
vt 0.567310 0.250000
vt 0.511156 0.226476
vt 0.287974 0.559626
vt 0.212026 0.559626
vt 0.511156 0.273524
vt 0.067310 0.250000
vt 0.212026 0.940374
vt 0.011156 0.273524
vt 0.011156 0.226476
vt 0.287974 0.940374
vt 0.568190 0.267907
vt 0.510000 0.250000
vt 0.272349 0.559626
vt 0.196401 0.559626
vt 0.514612 0.296822
vt 0.068190 0.267907
vt 0.196401 0.940374
vt 0.014612 0.296822
vt 0.010000 0.250000
vt 0.272349 0.940374
vt 0.570821 0.285641
vt 0.511156 0.273524
vt 0.256724 0.559626
vt 0.180776 0.559626
vt 0.520334 0.319668
vt 0.070820 0.285641
vt 0.180776 0.940374
vt 0.020334 0.319668
vt 0.011156 0.273524
vt 0.256724 0.940374
vt 0.575177 0.303032
vt 0.514612 0.296822
vt 0.241099 0.559626
vt 0.165151 0.559626
vt 0.528269 0.341844
vt 0.075177 0.303032
vt 0.165151 0.940374
vt 0.028269 0.341844
vt 0.014612 0.296822
vt 0.241099 0.940374
vt 0.581216 0.319912
vt 0.520334 0.319668
vt 0.225474 0.559626
vt 0.149526 0.559626
vt 0.538339 0.363135
vt 0.081217 0.319912
vt 0.149526 0.940374
vt 0.038339 0.363135
vt 0.020334 0.319668
vt 0.225474 0.940374
vt 0.588882 0.336120
vt 0.528269 0.341844
vt 0.209849 0.559626
vt 0.133901 0.559626
vt 0.550447 0.383337
vt 0.088882 0.336120
vt 0.133901 0.940374
vt 0.050447 0.383337
vt 0.028269 0.341844
vt 0.209849 0.940374
vt 0.598099 0.351497
vt 0.538339 0.363135
vt 0.194224 0.559626
vt 0.118276 0.559626
vt 0.564478 0.402254
vt 0.098099 0.351497
vt 0.118276 0.940374
vt 0.064478 0.402254
vt 0.038339 0.363135
vt 0.194224 0.940374
vt 0.608779 0.365897
vt 0.550447 0.383337
vt 0.178599 0.559626
vt 0.102651 0.559626
vt 0.580294 0.419706
vt 0.108779 0.365897
vt 0.102651 0.940374
vt 0.080294 0.419706
vt 0.050447 0.383337
vt 0.178599 0.940374
vt 0.620819 0.379181
vt 0.564478 0.402254
vt 0.162974 0.559626
vt 0.087026 0.559626
vt 0.597746 0.435522
vt 0.120819 0.379181
vt 0.087026 0.940374
vt 0.097746 0.435522
vt 0.064478 0.402254
vt 0.162974 0.940374
vt 0.634103 0.391221
vt 0.580294 0.419706
vt 0.147349 0.559626
vt 0.071401 0.559626
vt 0.616663 0.449553
vt 0.134103 0.391221
vt 0.071401 0.940374
vt 0.116663 0.449553
vt 0.080294 0.419706
vt 0.147349 0.940374
vt 0.648503 0.401901
vt 0.597746 0.435522
vt 0.131724 0.559626
vt 0.055776 0.559626
vt 0.636865 0.461661
vt 0.148503 0.401901
vt 0.055776 0.940374
vt 0.136865 0.461661
vt 0.097746 0.435522
vt 0.131724 0.940374
vt 0.663880 0.411118
vt 0.616663 0.449553
vt 0.116099 0.559626
vt 0.040151 0.559626
vt 0.658156 0.471731
vt 0.163880 0.411118
vt 0.040151 0.940374
vt 0.158156 0.471731
vt 0.116663 0.449553
vt 0.116099 0.940374
vt 0.680088 0.418783
vt 0.636865 0.461661
vt 0.100474 0.559626
vt 0.024526 0.559626
vt 0.680332 0.479666
vt 0.180088 0.418783
vt 0.024526 0.940374
vt 0.180332 0.479666
vt 0.136865 0.461661
vt 0.100474 0.940374
vt 0.696968 0.424823
vt 0.658156 0.471731
vt 0.084849 0.559626
vt 0.008901 0.559626
vt 0.703178 0.485388
vt 0.196968 0.424823
vt 0.008901 0.940374
vt 0.203178 0.485388
vt 0.158156 0.471731
vt 0.084849 0.940374
vt 0.714359 0.429180
vt 0.680332 0.479666
vt 0.069224 0.559626
vt -0.006724 0.559626
vt 0.726476 0.488844
vt 0.214359 0.429180
vt -0.006724 0.940374
vt 0.226476 0.488844
vt 0.180332 0.479666
vt 0.069224 0.940374
vt 0.732094 0.431810
vt 0.703178 0.485388
vt 0.053599 0.559626
vt -0.022349 0.559626
vt 0.750000 0.490000
vt 0.232093 0.431810
vt -0.022349 0.940374
vt 0.250000 0.490000
vt 0.203178 0.485388
vt 0.053599 0.940374
vt 0.250000 0.432690
vt 0.250000 0.393695
vt 0.264084 0.393003
vt 0.267907 0.431810
vt 0.278033 0.390934
vt 0.285641 0.429180
vt 0.291712 0.387507
vt 0.303032 0.424823
vt 0.304990 0.382757
vt 0.319912 0.418784
vt 0.317737 0.376727
vt 0.336119 0.411118
vt 0.329833 0.369478
vt 0.351497 0.401901
vt 0.341159 0.361077
vt 0.365897 0.391221
vt 0.351607 0.351607
vt 0.379181 0.379181
vt 0.361077 0.341159
vt 0.391221 0.365897
vt 0.369478 0.329833
vt 0.401901 0.351497
vt 0.376727 0.317737
vt 0.411118 0.336120
vt 0.382757 0.304990
vt 0.418784 0.319912
vt 0.387507 0.291712
vt 0.424823 0.303032
vt 0.390934 0.278033
vt 0.429180 0.285641
vt 0.393003 0.264084
vt 0.431810 0.267907
vt 0.393694 0.250000
vt 0.432690 0.250000
vt 0.393003 0.235916
vt 0.431810 0.232093
vt 0.390934 0.221967
vt 0.429180 0.214359
vt 0.387507 0.208288
vt 0.424823 0.196968
vt 0.382756 0.195010
vt 0.418784 0.180088
vt 0.376727 0.182263
vt 0.411118 0.163881
vt 0.369478 0.170167
vt 0.401901 0.148503
vt 0.361077 0.158841
vt 0.391221 0.134103
vt 0.351607 0.148393
vt 0.379181 0.120819
vt 0.341159 0.138923
vt 0.365897 0.108779
vt 0.329833 0.130522
vt 0.351497 0.098099
vt 0.317737 0.123273
vt 0.336120 0.088882
vt 0.304990 0.117244
vt 0.319912 0.081217
vt 0.291712 0.112493
vt 0.303032 0.075177
vt 0.278033 0.109067
vt 0.285641 0.070820
vt 0.264084 0.106997
vt 0.267907 0.068190
vt 0.250000 0.106305
vt 0.250000 0.067310
vt 0.235916 0.106997
vt 0.232093 0.068190
vt 0.221967 0.109067
vt 0.214359 0.070820
vt 0.208288 0.112493
vt 0.196968 0.075177
vt 0.195010 0.117244
vt 0.180088 0.081217
vt 0.182263 0.123273
vt 0.163880 0.088882
vt 0.170167 0.130522
vt 0.148503 0.098099
vt 0.158841 0.138923
vt 0.134103 0.108779
vt 0.148393 0.148393
vt 0.120819 0.120819
vt 0.138923 0.158841
vt 0.108779 0.134103
vt 0.130522 0.170168
vt 0.098099 0.148503
vt 0.123273 0.182263
vt 0.088882 0.163880
vt 0.117244 0.195010
vt 0.081217 0.180088
vt 0.112493 0.208288
vt 0.075177 0.196968
vt 0.109067 0.221967
vt 0.070820 0.214359
vt 0.106997 0.235916
vt 0.068190 0.232093
vt 0.106305 0.250000
vt 0.067310 0.250000
vt 0.106997 0.264085
vt 0.068190 0.267907
vt 0.109067 0.278033
vt 0.070820 0.285641
vt 0.112493 0.291713
vt 0.075177 0.303032
vt 0.117244 0.304990
vt 0.081217 0.319912
vt 0.123273 0.317737
vt 0.088882 0.336120
vt 0.130522 0.329833
vt 0.098099 0.351497
vt 0.138923 0.341159
vt 0.108779 0.365897
vt 0.148393 0.351607
vt 0.120819 0.379181
vt 0.158841 0.361077
vt 0.134103 0.391221
vt 0.170167 0.369478
vt 0.148503 0.401901
vt 0.182263 0.376727
vt 0.163880 0.411118
vt 0.195010 0.382756
vt 0.180088 0.418783
vt 0.208288 0.387507
vt 0.196968 0.424823
vt 0.221967 0.390934
vt 0.214359 0.429180
vt 0.235916 0.393003
vt 0.232093 0.431810
s 1
f 2445/3744/2061 2447/3747/2062 2070/3119/2063 2066/3110/2064
f 2079/3134/2065 2081/3137/2066 2088/3150/2067 2084/3143/2068
f 2085/3144/2069 2087/3147/2070 2094/3160/2071 2090/3153/2072
f 2091/3154/2073 2093/3157/2074 2100/3170/2075 2096/3163/2076
f 2097/3164/2077 2099/3167/2078 2106/3180/2079 2102/3173/2080
f 2103/3174/2081 2105/3177/2082 2112/3190/2083 2108/3183/2084
f 2109/3184/2085 2111/3187/2086 2118/3200/2087 2114/3193/2088
f 2115/3194/2089 2117/3197/2090 2124/3210/2091 2120/3203/2092
f 2121/3204/2093 2123/3207/2094 2130/3220/2095 2126/3213/2096
f 2127/3214/2097 2129/3217/2098 2136/3230/2099 2132/3223/2100
f 2133/3224/2101 2135/3227/2102 2142/3240/2103 2138/3233/2104
f 2139/3234/2105 2141/3237/2106 2148/3250/2107 2144/3243/2108
f 2145/3244/2109 2147/3247/2110 2154/3260/2111 2150/3253/2112
f 2151/3254/2113 2153/3257/2114 2160/3270/2115 2156/3263/2116
f 2157/3264/2117 2159/3267/2118 2166/3280/2119 2162/3273/2120
f 2163/3274/2121 2165/3277/2122 2172/3290/2123 2168/3283/2124
f 2169/3284/2125 2171/3287/2126 2178/3300/2127 2174/3293/2128
f 2175/3294/2129 2177/3297/2130 2184/3310/2131 2180/3303/2132
f 2181/3304/2133 2183/3307/2134 2190/3320/2135 2186/3313/2136
f 2187/3314/2137 2189/3317/2138 2196/3330/2139 2192/3323/2140
f 2193/3324/2141 2195/3327/2142 2202/3340/2143 2198/3333/2144
f 2199/3334/2145 2201/3337/2146 2208/3350/2147 2204/3343/2148
f 2205/3344/2149 2207/3347/2150 2214/3360/2151 2210/3353/2152
f 2211/3354/2153 2213/3357/2154 2220/3370/2155 2216/3363/2156
f 2217/3364/2157 2219/3367/2158 2226/3380/2159 2222/3373/2160
f 2223/3374/2161 2225/3377/2162 2232/3390/2163 2228/3383/2164
f 2229/3384/2165 2231/3387/2166 2238/3400/2167 2234/3393/2168
f 2235/3394/2169 2237/3397/2170 2244/3410/2171 2240/3403/2172
f 2241/3404/2173 2243/3407/2174 2250/3420/2175 2246/3413/2176
f 2247/3414/2177 2249/3417/2178 2256/3430/2179 2252/3423/2180
f 2253/3424/2181 2255/3427/2182 2262/3440/2183 2258/3433/2184
f 2259/3434/2185 2261/3437/2186 2268/3450/2187 2264/3443/2188
f 2265/3444/2189 2267/3447/2190 2274/3460/2191 2270/3453/2192
f 2271/3454/2193 2273/3457/2194 2280/3470/2195 2276/3463/2196
f 2277/3464/2197 2279/3467/2198 2286/3480/2199 2282/3473/2200
f 2283/3474/2201 2285/3477/2202 2292/3490/2203 2288/3483/2204
f 2289/3484/2205 2291/3487/2206 2298/3500/2207 2294/3493/2208
f 2295/3494/2209 2297/3497/2210 2304/3510/2211 2300/3503/2212
f 2301/3504/2213 2303/3507/2214 2310/3520/2215 2306/3513/2216
f 2307/3514/2217 2309/3517/2218 2316/3530/2219 2312/3523/2220
f 2313/3524/2221 2315/3527/2222 2322/3540/2223 2318/3533/2224
f 2319/3534/2225 2321/3537/2226 2328/3550/2227 2324/3543/2228
f 2325/3544/2229 2327/3547/2230 2334/3560/2231 2330/3553/2232
f 2331/3554/2233 2333/3557/2234 2340/3570/2235 2336/3563/2236
f 2337/3564/2237 2339/3567/2238 2346/3580/2239 2342/3573/2240
f 2343/3574/2241 2345/3577/2242 2352/3590/2243 2348/3583/2244
f 2349/3584/2245 2351/3587/2246 2358/3600/2247 2354/3593/2248
f 2355/3594/2249 2357/3597/2250 2364/3610/2251 2360/3603/2252
f 2361/3604/2253 2363/3607/2254 2370/3620/2255 2366/3613/2256
f 2367/3614/2257 2369/3617/2258 2376/3630/2259 2372/3623/2260
f 2373/3624/2261 2375/3627/2262 2382/3640/2263 2378/3633/2264
f 2379/3634/2265 2381/3637/2266 2388/3650/2267 2384/3643/2268
f 2385/3644/2269 2387/3647/2270 2394/3660/2271 2390/3653/2272
f 2391/3654/2273 2393/3657/2274 2400/3670/2275 2396/3663/2276
f 2397/3664/2277 2399/3667/2278 2406/3680/2279 2402/3673/2280
f 2403/3674/2281 2405/3677/2282 2412/3690/2283 2408/3683/2284
f 2409/3684/2285 2411/3687/2286 2418/3700/2287 2414/3693/2288
f 2415/3694/2289 2417/3697/2290 2424/3710/2291 2420/3703/2292
f 2421/3704/2293 2423/3707/2294 2430/3720/2295 2426/3713/2296
f 2427/3714/2297 2429/3717/2298 2436/3730/2299 2432/3723/2300
f 2433/3724/2301 2435/3727/2302 2442/3740/2303 2438/3733/2304
f 2439/3734/2305 2441/3737/2306 2448/3750/2307 2444/3743/2308
f 2073/3124/2309 2075/3127/2310 2082/3140/2311 2078/3133/2312
f 2092/3156/2313 2086/3146/2314 2456/3758/2315 2458/3760/2316
f 2067/3112/2317 2069/3116/2318 2076/3130/2319 2072/3123/2320
f 2065/3109/2321 2066/3111/2064 2067/3113/2317
f 2068/3115/2322 2069/3117/2318 2070/3120/2063
f 2071/3121/2323 2072/3122/2320 2073/3125/2309
f 2074/3126/2324 2075/3128/2310 2076/3129/2319
f 2077/3131/2325 2078/3132/2312 2079/3135/2065
f 2080/3136/2326 2081/3138/2066 2082/3139/2311
f 2083/3141/2327 2084/3142/2068 2085/3145/2069
f 2086/3146/2314 2087/3148/2070 2088/3149/2067
f 2089/3151/2328 2090/3152/2072 2091/3155/2073
f 2092/3156/2313 2093/3158/2074 2094/3159/2071
f 2095/3161/2329 2096/3162/2076 2097/3165/2077
f 2098/3166/2330 2099/3168/2078 2100/3169/2075
f 2101/3171/2331 2102/3172/2080 2103/3175/2081
f 2104/3176/2332 2105/3178/2082 2106/3179/2079
f 2107/3181/2333 2108/3182/2084 2109/3185/2085
f 2110/3186/2334 2111/3188/2086 2112/3189/2083
f 2113/3191/2335 2114/3192/2088 2115/3195/2089
f 2116/3196/2336 2117/3198/2090 2118/3199/2087
f 2119/3201/2337 2120/3202/2092 2121/3205/2093
f 2122/3206/2338 2123/3208/2094 2124/3209/2091
f 2125/3211/2339 2126/3212/2096 2127/3215/2097
f 2128/3216/2340 2129/3218/2098 2130/3219/2095
f 2131/3221/2341 2132/3222/2100 2133/3225/2101
f 2134/3226/2342 2135/3228/2102 2136/3229/2099
f 2137/3231/2343 2138/3232/2104 2139/3235/2105
f 2140/3236/2344 2141/3238/2106 2142/3239/2103
f 2143/3241/2345 2144/3242/2108 2145/3245/2109
f 2146/3246/2346 2147/3248/2110 2148/3249/2107
f 2149/3251/2347 2150/3252/2112 2151/3255/2113
f 2152/3256/2348 2153/3258/2114 2154/3259/2111
f 2155/3261/2349 2156/3262/2116 2157/3265/2117
f 2158/3266/2350 2159/3268/2118 2160/3269/2115
f 2161/3271/2351 2162/3272/2120 2163/3275/2121
f 2164/3276/2352 2165/3278/2122 2166/3279/2119
f 2167/3281/2353 2168/3282/2124 2169/3285/2125
f 2170/3286/2354 2171/3288/2126 2172/3289/2123
f 2173/3291/2355 2174/3292/2128 2175/3295/2129
f 2176/3296/2356 2177/3298/2130 2178/3299/2127
f 2179/3301/2357 2180/3302/2132 2181/3305/2133
f 2182/3306/2358 2183/3308/2134 2184/3309/2131
f 2185/3311/2359 2186/3312/2136 2187/3315/2137
f 2188/3316/2360 2189/3318/2138 2190/3319/2135
f 2191/3321/2361 2192/3322/2140 2193/3325/2141
f 2194/3326/2362 2195/3328/2142 2196/3329/2139
f 2197/3331/2363 2198/3332/2144 2199/3335/2145
f 2200/3336/2364 2201/3338/2146 2202/3339/2143
f 2203/3341/2365 2204/3342/2148 2205/3345/2149
f 2206/3346/2366 2207/3348/2150 2208/3349/2147
f 2209/3351/2367 2210/3352/2152 2211/3355/2153
f 2212/3356/2368 2213/3358/2154 2214/3359/2151
f 2215/3361/2369 2216/3362/2156 2217/3365/2157
f 2218/3366/2370 2219/3368/2158 2220/3369/2155
f 2221/3371/2371 2222/3372/2160 2223/3375/2161
f 2224/3376/2372 2225/3378/2162 2226/3379/2159
f 2227/3381/2373 2228/3382/2164 2229/3385/2165
f 2230/3386/2374 2231/3388/2166 2232/3389/2163
f 2233/3391/2375 2234/3392/2168 2235/3395/2169
f 2236/3396/2376 2237/3398/2170 2238/3399/2167
f 2239/3401/2377 2240/3402/2172 2241/3405/2173
f 2242/3406/2378 2243/3408/2174 2244/3409/2171
f 2245/3411/2379 2246/3412/2176 2247/3415/2177
f 2248/3416/2380 2249/3418/2178 2250/3419/2175
f 2251/3421/2381 2252/3422/2180 2253/3425/2181
f 2254/3426/2382 2255/3428/2182 2256/3429/2179
f 2257/3431/2383 2258/3432/2184 2259/3435/2185
f 2260/3436/2384 2261/3438/2186 2262/3439/2183
f 2263/3441/2385 2264/3442/2188 2265/3445/2189
f 2266/3446/2386 2267/3448/2190 2268/3449/2187
f 2269/3451/2387 2270/3452/2192 2271/3455/2193
f 2272/3456/2388 2273/3458/2194 2274/3459/2191
f 2275/3461/2389 2276/3462/2196 2277/3465/2197
f 2278/3466/2390 2279/3468/2198 2280/3469/2195
f 2281/3471/2391 2282/3472/2200 2283/3475/2201
f 2284/3476/2392 2285/3478/2202 2286/3479/2199
f 2287/3481/2393 2288/3482/2204 2289/3485/2205
f 2290/3486/2394 2291/3488/2206 2292/3489/2203
f 2293/3491/2395 2294/3492/2208 2295/3495/2209
f 2296/3496/2396 2297/3498/2210 2298/3499/2207
f 2299/3501/2397 2300/3502/2212 2301/3505/2213
f 2302/3506/2398 2303/3508/2214 2304/3509/2211
f 2305/3511/2399 2306/3512/2216 2307/3515/2217
f 2308/3516/2400 2309/3518/2218 2310/3519/2215
f 2311/3521/2401 2312/3522/2220 2313/3525/2221
f 2314/3526/2402 2315/3528/2222 2316/3529/2219
f 2317/3531/2403 2318/3532/2224 2319/3535/2225
f 2320/3536/2404 2321/3538/2226 2322/3539/2223
f 2323/3541/2405 2324/3542/2228 2325/3545/2229
f 2326/3546/2406 2327/3548/2230 2328/3549/2227
f 2329/3551/2407 2330/3552/2232 2331/3555/2233
f 2332/3556/2408 2333/3558/2234 2334/3559/2231
f 2335/3561/2409 2336/3562/2236 2337/3565/2237
f 2338/3566/2410 2339/3568/2238 2340/3569/2235
f 2341/3571/2411 2342/3572/2240 2343/3575/2241
f 2344/3576/2412 2345/3578/2242 2346/3579/2239
f 2347/3581/2413 2348/3582/2244 2349/3585/2245
f 2350/3586/2414 2351/3588/2246 2352/3589/2243
f 2353/3591/2415 2354/3592/2248 2355/3595/2249
f 2356/3596/2416 2357/3598/2250 2358/3599/2247
f 2359/3601/2417 2360/3602/2252 2361/3605/2253
f 2362/3606/2418 2363/3608/2254 2364/3609/2251
f 2365/3611/2419 2366/3612/2256 2367/3615/2257
f 2368/3616/2420 2369/3618/2258 2370/3619/2255
f 2371/3621/2421 2372/3622/2260 2373/3625/2261
f 2374/3626/2422 2375/3628/2262 2376/3629/2259
f 2377/3631/2423 2378/3632/2264 2379/3635/2265
f 2380/3636/2424 2381/3638/2266 2382/3639/2263
f 2383/3641/2425 2384/3642/2268 2385/3645/2269
f 2386/3646/2426 2387/3648/2270 2388/3649/2267
f 2389/3651/2427 2390/3652/2272 2391/3655/2273
f 2392/3656/2428 2393/3658/2274 2394/3659/2271
f 2395/3661/2429 2396/3662/2276 2397/3665/2277
f 2398/3666/2430 2399/3668/2278 2400/3669/2275
f 2401/3671/2431 2402/3672/2280 2403/3675/2281
f 2404/3676/2432 2405/3678/2282 2406/3679/2279
f 2407/3681/2433 2408/3682/2284 2409/3685/2285
f 2410/3686/2434 2411/3688/2286 2412/3689/2283
f 2413/3691/2435 2414/3692/2288 2415/3695/2289
f 2416/3696/2436 2417/3698/2290 2418/3699/2287
f 2419/3701/2437 2420/3702/2292 2421/3705/2293
f 2422/3706/2438 2423/3708/2294 2424/3709/2291
f 2425/3711/2439 2426/3712/2296 2427/3715/2297
f 2428/3716/2440 2429/3718/2298 2430/3719/2295
f 2431/3721/2441 2432/3722/2300 2433/3725/2301
f 2434/3726/2442 2435/3728/2302 2436/3729/2299
f 2437/3731/2443 2438/3732/2304 2439/3735/2305
f 2440/3736/2444 2441/3738/2306 2442/3739/2303
f 2443/3741/2445 2444/3742/2308 2445/3745/2061
f 2446/3746/2446 2447/3748/2062 2448/3749/2307
f 2067/3113/2317 2072/3122/2320 2071/3121/2323 2065/3109/2321
f 2076/3129/2319 2069/3117/2318 2068/3115/2322 2074/3126/2324
f 2066/3110/2064 2070/3119/2063 2069/3118/2318 2067/3114/2317
f 2075/3127/2310 2073/3124/2309 2072/3123/2320 2076/3130/2319
f 2073/3125/2309 2078/3132/2312 2077/3131/2325 2071/3121/2323
f 2082/3139/2311 2075/3128/2310 2074/3126/2324 2080/3136/2326
f 2081/3137/2066 2079/3134/2065 2078/3133/2312 2082/3140/2311
f 2079/3135/2065 2084/3142/2068 2083/3141/2327 2077/3131/2325
f 2088/3149/2067 2081/3138/2066 2080/3136/2326 2086/3146/2314
f 2087/3147/2070 2085/3144/2069 2084/3143/2068 2088/3150/2067
f 2085/3145/2069 2090/3152/2072 2089/3151/2328 2083/3141/2327
f 2094/3159/2071 2087/3148/2070 2086/3146/2314 2092/3156/2313
f 2093/3157/2074 2091/3154/2073 2090/3153/2072 2094/3160/2071
f 2091/3155/2073 2096/3162/2076 2095/3161/2329 2089/3151/2328
f 2100/3169/2075 2093/3158/2074 2092/3156/2313 2098/3166/2330
f 2099/3167/2078 2097/3164/2077 2096/3163/2076 2100/3170/2075
f 2097/3165/2077 2102/3172/2080 2101/3171/2331 2095/3161/2329
f 2106/3179/2079 2099/3168/2078 2098/3166/2330 2104/3176/2332
f 2105/3177/2082 2103/3174/2081 2102/3173/2080 2106/3180/2079
f 2103/3175/2081 2108/3182/2084 2107/3181/2333 2101/3171/2331
f 2112/3189/2083 2105/3178/2082 2104/3176/2332 2110/3186/2334
f 2111/3187/2086 2109/3184/2085 2108/3183/2084 2112/3190/2083
f 2109/3185/2085 2114/3192/2088 2113/3191/2335 2107/3181/2333
f 2118/3199/2087 2111/3188/2086 2110/3186/2334 2116/3196/2336
f 2117/3197/2090 2115/3194/2089 2114/3193/2088 2118/3200/2087
f 2115/3195/2089 2120/3202/2092 2119/3201/2337 2113/3191/2335
f 2124/3209/2091 2117/3198/2090 2116/3196/2336 2122/3206/2338
f 2123/3207/2094 2121/3204/2093 2120/3203/2092 2124/3210/2091
f 2121/3205/2093 2126/3212/2096 2125/3211/2339 2119/3201/2337
f 2130/3219/2095 2123/3208/2094 2122/3206/2338 2128/3216/2340
f 2129/3217/2098 2127/3214/2097 2126/3213/2096 2130/3220/2095
f 2127/3215/2097 2132/3222/2100 2131/3221/2341 2125/3211/2339
f 2136/3229/2099 2129/3218/2098 2128/3216/2340 2134/3226/2342
f 2135/3227/2102 2133/3224/2101 2132/3223/2100 2136/3230/2099
f 2133/3225/2101 2138/3232/2104 2137/3231/2343 2131/3221/2341
f 2142/3239/2103 2135/3228/2102 2134/3226/2342 2140/3236/2344
f 2141/3237/2106 2139/3234/2105 2138/3233/2104 2142/3240/2103
f 2139/3235/2105 2144/3242/2108 2143/3241/2345 2137/3231/2343
f 2148/3249/2107 2141/3238/2106 2140/3236/2344 2146/3246/2346
f 2147/3247/2110 2145/3244/2109 2144/3243/2108 2148/3250/2107
f 2145/3245/2109 2150/3252/2112 2149/3251/2347 2143/3241/2345
f 2154/3259/2111 2147/3248/2110 2146/3246/2346 2152/3256/2348
f 2153/3257/2114 2151/3254/2113 2150/3253/2112 2154/3260/2111
f 2151/3255/2113 2156/3262/2116 2155/3261/2349 2149/3251/2347
f 2160/3269/2115 2153/3258/2114 2152/3256/2348 2158/3266/2350
f 2159/3267/2118 2157/3264/2117 2156/3263/2116 2160/3270/2115
f 2157/3265/2117 2162/3272/2120 2161/3271/2351 2155/3261/2349
f 2166/3279/2119 2159/3268/2118 2158/3266/2350 2164/3276/2352
f 2165/3277/2122 2163/3274/2121 2162/3273/2120 2166/3280/2119
f 2163/3275/2121 2168/3282/2124 2167/3281/2353 2161/3271/2351
f 2172/3289/2123 2165/3278/2122 2164/3276/2352 2170/3286/2354
f 2171/3287/2126 2169/3284/2125 2168/3283/2124 2172/3290/2123
f 2169/3285/2125 2174/3292/2128 2173/3291/2355 2167/3281/2353
f 2178/3299/2127 2171/3288/2126 2170/3286/2354 2176/3296/2356
f 2177/3297/2130 2175/3294/2129 2174/3293/2128 2178/3300/2127
f 2175/3295/2129 2180/3302/2132 2179/3301/2357 2173/3291/2355
f 2184/3309/2131 2177/3298/2130 2176/3296/2356 2182/3306/2358
f 2183/3307/2134 2181/3304/2133 2180/3303/2132 2184/3310/2131
f 2181/3305/2133 2186/3312/2136 2185/3311/2359 2179/3301/2357
f 2190/3319/2135 2183/3308/2134 2182/3306/2358 2188/3316/2360
f 2189/3317/2138 2187/3314/2137 2186/3313/2136 2190/3320/2135
f 2187/3315/2137 2192/3322/2140 2191/3321/2361 2185/3311/2359
f 2196/3329/2139 2189/3318/2138 2188/3316/2360 2194/3326/2362
f 2195/3327/2142 2193/3324/2141 2192/3323/2140 2196/3330/2139
f 2193/3325/2141 2198/3332/2144 2197/3331/2363 2191/3321/2361
f 2202/3339/2143 2195/3328/2142 2194/3326/2362 2200/3336/2364
f 2201/3337/2146 2199/3334/2145 2198/3333/2144 2202/3340/2143
f 2199/3335/2145 2204/3342/2148 2203/3341/2365 2197/3331/2363
f 2208/3349/2147 2201/3338/2146 2200/3336/2364 2206/3346/2366
f 2207/3347/2150 2205/3344/2149 2204/3343/2148 2208/3350/2147
f 2205/3345/2149 2210/3352/2152 2209/3351/2367 2203/3341/2365
f 2214/3359/2151 2207/3348/2150 2206/3346/2366 2212/3356/2368
f 2213/3357/2154 2211/3354/2153 2210/3353/2152 2214/3360/2151
f 2211/3355/2153 2216/3362/2156 2215/3361/2369 2209/3351/2367
f 2220/3369/2155 2213/3358/2154 2212/3356/2368 2218/3366/2370
f 2219/3367/2158 2217/3364/2157 2216/3363/2156 2220/3370/2155
f 2217/3365/2157 2222/3372/2160 2221/3371/2371 2215/3361/2369
f 2226/3379/2159 2219/3368/2158 2218/3366/2370 2224/3376/2372
f 2225/3377/2162 2223/3374/2161 2222/3373/2160 2226/3380/2159
f 2223/3375/2161 2228/3382/2164 2227/3381/2373 2221/3371/2371
f 2232/3389/2163 2225/3378/2162 2224/3376/2372 2230/3386/2374
f 2231/3387/2166 2229/3384/2165 2228/3383/2164 2232/3390/2163
f 2229/3385/2165 2234/3392/2168 2233/3391/2375 2227/3381/2373
f 2238/3399/2167 2231/3388/2166 2230/3386/2374 2236/3396/2376
f 2237/3397/2170 2235/3394/2169 2234/3393/2168 2238/3400/2167
f 2235/3395/2169 2240/3402/2172 2239/3401/2377 2233/3391/2375
f 2244/3409/2171 2237/3398/2170 2236/3396/2376 2242/3406/2378
f 2243/3407/2174 2241/3404/2173 2240/3403/2172 2244/3410/2171
f 2241/3405/2173 2246/3412/2176 2245/3411/2379 2239/3401/2377
f 2250/3419/2175 2243/3408/2174 2242/3406/2378 2248/3416/2380
f 2249/3417/2178 2247/3414/2177 2246/3413/2176 2250/3420/2175
f 2247/3415/2177 2252/3422/2180 2251/3421/2381 2245/3411/2379
f 2256/3429/2179 2249/3418/2178 2248/3416/2380 2254/3426/2382
f 2255/3427/2182 2253/3424/2181 2252/3423/2180 2256/3430/2179
f 2253/3425/2181 2258/3432/2184 2257/3431/2383 2251/3421/2381
f 2262/3439/2183 2255/3428/2182 2254/3426/2382 2260/3436/2384
f 2261/3437/2186 2259/3434/2185 2258/3433/2184 2262/3440/2183
f 2259/3435/2185 2264/3442/2188 2263/3441/2385 2257/3431/2383
f 2268/3449/2187 2261/3438/2186 2260/3436/2384 2266/3446/2386
f 2267/3447/2190 2265/3444/2189 2264/3443/2188 2268/3450/2187
f 2265/3445/2189 2270/3452/2192 2269/3451/2387 2263/3441/2385
f 2274/3459/2191 2267/3448/2190 2266/3446/2386 2272/3456/2388
f 2273/3457/2194 2271/3454/2193 2270/3453/2192 2274/3460/2191
f 2271/3455/2193 2276/3462/2196 2275/3461/2389 2269/3451/2387
f 2280/3469/2195 2273/3458/2194 2272/3456/2388 2278/3466/2390
f 2279/3467/2198 2277/3464/2197 2276/3463/2196 2280/3470/2195
f 2277/3465/2197 2282/3472/2200 2281/3471/2391 2275/3461/2389
f 2286/3479/2199 2279/3468/2198 2278/3466/2390 2284/3476/2392
f 2285/3477/2202 2283/3474/2201 2282/3473/2200 2286/3480/2199
f 2283/3475/2201 2288/3482/2204 2287/3481/2393 2281/3471/2391
f 2292/3489/2203 2285/3478/2202 2284/3476/2392 2290/3486/2394
f 2291/3487/2206 2289/3484/2205 2288/3483/2204 2292/3490/2203
f 2289/3485/2205 2294/3492/2208 2293/3491/2395 2287/3481/2393
f 2298/3499/2207 2291/3488/2206 2290/3486/2394 2296/3496/2396
f 2297/3497/2210 2295/3494/2209 2294/3493/2208 2298/3500/2207
f 2295/3495/2209 2300/3502/2212 2299/3501/2397 2293/3491/2395
f 2304/3509/2211 2297/3498/2210 2296/3496/2396 2302/3506/2398
f 2303/3507/2214 2301/3504/2213 2300/3503/2212 2304/3510/2211
f 2301/3505/2213 2306/3512/2216 2305/3511/2399 2299/3501/2397
f 2310/3519/2215 2303/3508/2214 2302/3506/2398 2308/3516/2400
f 2309/3517/2218 2307/3514/2217 2306/3513/2216 2310/3520/2215
f 2307/3515/2217 2312/3522/2220 2311/3521/2401 2305/3511/2399
f 2316/3529/2219 2309/3518/2218 2308/3516/2400 2314/3526/2402
f 2315/3527/2222 2313/3524/2221 2312/3523/2220 2316/3530/2219
f 2313/3525/2221 2318/3532/2224 2317/3531/2403 2311/3521/2401
f 2322/3539/2223 2315/3528/2222 2314/3526/2402 2320/3536/2404
f 2321/3537/2226 2319/3534/2225 2318/3533/2224 2322/3540/2223
f 2319/3535/2225 2324/3542/2228 2323/3541/2405 2317/3531/2403
f 2328/3549/2227 2321/3538/2226 2320/3536/2404 2326/3546/2406
f 2327/3547/2230 2325/3544/2229 2324/3543/2228 2328/3550/2227
f 2325/3545/2229 2330/3552/2232 2329/3551/2407 2323/3541/2405
f 2334/3559/2231 2327/3548/2230 2326/3546/2406 2332/3556/2408
f 2333/3557/2234 2331/3554/2233 2330/3553/2232 2334/3560/2231
f 2331/3555/2233 2336/3562/2236 2335/3561/2409 2329/3551/2407
f 2340/3569/2235 2333/3558/2234 2332/3556/2408 2338/3566/2410
f 2339/3567/2238 2337/3564/2237 2336/3563/2236 2340/3570/2235
f 2337/3565/2237 2342/3572/2240 2341/3571/2411 2335/3561/2409
f 2346/3579/2239 2339/3568/2238 2338/3566/2410 2344/3576/2412
f 2345/3577/2242 2343/3574/2241 2342/3573/2240 2346/3580/2239
f 2343/3575/2241 2348/3582/2244 2347/3581/2413 2341/3571/2411
f 2352/3589/2243 2345/3578/2242 2344/3576/2412 2350/3586/2414
f 2351/3587/2246 2349/3584/2245 2348/3583/2244 2352/3590/2243
f 2349/3585/2245 2354/3592/2248 2353/3591/2415 2347/3581/2413
f 2358/3599/2247 2351/3588/2246 2350/3586/2414 2356/3596/2416
f 2357/3597/2250 2355/3594/2249 2354/3593/2248 2358/3600/2247
f 2355/3595/2249 2360/3602/2252 2359/3601/2417 2353/3591/2415
f 2364/3609/2251 2357/3598/2250 2356/3596/2416 2362/3606/2418
f 2363/3607/2254 2361/3604/2253 2360/3603/2252 2364/3610/2251
f 2361/3605/2253 2366/3612/2256 2365/3611/2419 2359/3601/2417
f 2370/3619/2255 2363/3608/2254 2362/3606/2418 2368/3616/2420
f 2369/3617/2258 2367/3614/2257 2366/3613/2256 2370/3620/2255
f 2367/3615/2257 2372/3622/2260 2371/3621/2421 2365/3611/2419
f 2376/3629/2259 2369/3618/2258 2368/3616/2420 2374/3626/2422
f 2375/3627/2262 2373/3624/2261 2372/3623/2260 2376/3630/2259
f 2373/3625/2261 2378/3632/2264 2377/3631/2423 2371/3621/2421
f 2382/3639/2263 2375/3628/2262 2374/3626/2422 2380/3636/2424
f 2381/3637/2266 2379/3634/2265 2378/3633/2264 2382/3640/2263
f 2379/3635/2265 2384/3642/2268 2383/3641/2425 2377/3631/2423
f 2388/3649/2267 2381/3638/2266 2380/3636/2424 2386/3646/2426
f 2387/3647/2270 2385/3644/2269 2384/3643/2268 2388/3650/2267
f 2385/3645/2269 2390/3652/2272 2389/3651/2427 2383/3641/2425
f 2394/3659/2271 2387/3648/2270 2386/3646/2426 2392/3656/2428
f 2393/3657/2274 2391/3654/2273 2390/3653/2272 2394/3660/2271
f 2391/3655/2273 2396/3662/2276 2395/3661/2429 2389/3651/2427
f 2400/3669/2275 2393/3658/2274 2392/3656/2428 2398/3666/2430
f 2399/3667/2278 2397/3664/2277 2396/3663/2276 2400/3670/2275
f 2397/3665/2277 2402/3672/2280 2401/3671/2431 2395/3661/2429
f 2406/3679/2279 2399/3668/2278 2398/3666/2430 2404/3676/2432
f 2405/3677/2282 2403/3674/2281 2402/3673/2280 2406/3680/2279
f 2403/3675/2281 2408/3682/2284 2407/3681/2433 2401/3671/2431
f 2412/3689/2283 2405/3678/2282 2404/3676/2432 2410/3686/2434
f 2411/3687/2286 2409/3684/2285 2408/3683/2284 2412/3690/2283
f 2409/3685/2285 2414/3692/2288 2413/3691/2435 2407/3681/2433
f 2418/3699/2287 2411/3688/2286 2410/3686/2434 2416/3696/2436
f 2417/3697/2290 2415/3694/2289 2414/3693/2288 2418/3700/2287
f 2415/3695/2289 2420/3702/2292 2419/3701/2437 2413/3691/2435
f 2424/3709/2291 2417/3698/2290 2416/3696/2436 2422/3706/2438
f 2423/3707/2294 2421/3704/2293 2420/3703/2292 2424/3710/2291
f 2421/3705/2293 2426/3712/2296 2425/3711/2439 2419/3701/2437
f 2430/3719/2295 2423/3708/2294 2422/3706/2438 2428/3716/2440
f 2429/3717/2298 2427/3714/2297 2426/3713/2296 2430/3720/2295
f 2427/3715/2297 2432/3722/2300 2431/3721/2441 2425/3711/2439
f 2436/3729/2299 2429/3718/2298 2428/3716/2440 2434/3726/2442
f 2435/3727/2302 2433/3724/2301 2432/3723/2300 2436/3730/2299
f 2433/3725/2301 2438/3732/2304 2437/3731/2443 2431/3721/2441
f 2442/3739/2303 2435/3728/2302 2434/3726/2442 2440/3736/2444
f 2441/3737/2306 2439/3734/2305 2438/3733/2304 2442/3740/2303
f 2439/3735/2305 2444/3742/2308 2443/3741/2445 2437/3731/2443
f 2448/3749/2307 2441/3738/2306 2440/3736/2444 2446/3746/2446
f 2447/3747/2062 2445/3744/2061 2444/3743/2308 2448/3750/2307
f 2445/3745/2061 2066/3111/2064 2065/3109/2321 2443/3741/2445
f 2070/3120/2063 2447/3748/2062 2446/3746/2446 2068/3115/2322
f 2065/3109/2321 2071/3121/2323 2077/3131/2325 2083/3141/2327 2089/3151/2328 2095/3161/2329 2101/3171/2331 2107/3181/2333 2113/3191/2335 2119/3201/2337 2125/3211/2339 2131/3221/2341 2137/3231/2343 2143/3241/2345 2149/3251/2347 2155/3261/2349 2161/3271/2351 2167/3281/2353 2173/3291/2355 2179/3301/2357 2185/3311/2359 2191/3321/2361 2197/3331/2363 2203/3341/2365 2209/3351/2367 2215/3361/2369 2221/3371/2371 2227/3381/2373 2233/3391/2375 2239/3401/2377 2245/3411/2379 2251/3421/2381 2257/3431/2383 2263/3441/2385 2269/3451/2387 2275/3461/2389 2281/3471/2391 2287/3481/2393 2293/3491/2395 2299/3501/2397 2305/3511/2399 2311/3521/2401 2317/3531/2403 2323/3541/2405 2329/3551/2407 2335/3561/2409 2341/3571/2411 2347/3581/2413 2353/3591/2415 2359/3601/2417 2365/3611/2419 2371/3621/2421 2377/3631/2423 2383/3641/2425 2389/3651/2427 2395/3661/2429 2401/3671/2431 2407/3681/2433 2413/3691/2435 2419/3701/2437 2425/3711/2439 2431/3721/2441 2437/3731/2443 2443/3741/2445
f 2068/3115/2322 2446/3746/2446 2576/3878/2447 2449/3751/2448
f 2302/3506/2398 2296/3496/2396 2526/3828/2449 2528/3830/2450
f 2224/3376/2372 2218/3366/2370 2500/3802/2451 2502/3804/2452
f 2434/3726/2442 2428/3716/2440 2570/3872/2453 2572/3874/2454
f 2146/3246/2346 2140/3236/2344 2474/3776/2455 2476/3778/2456
f 2356/3596/2416 2350/3586/2414 2544/3846/2457 2546/3848/2458
f 2278/3466/2390 2272/3456/2388 2518/3820/2459 2520/3822/2460
f 2200/3336/2364 2194/3326/2362 2492/3794/2461 2494/3796/2462
f 2410/3686/2434 2404/3676/2432 2562/3864/2463 2564/3866/2464
f 2122/3206/2338 2116/3196/2336 2466/3768/2465 2468/3770/2466
f 2332/3556/2408 2326/3546/2406 2536/3838/2467 2538/3840/2468
f 2254/3426/2382 2248/3416/2380 2510/3812/2469 2512/3814/2470
f 2176/3296/2356 2170/3286/2354 2484/3786/2471 2486/3788/2472
f 2386/3646/2426 2380/3636/2424 2554/3856/2473 2556/3858/2474
f 2098/3166/2330 2092/3156/2313 2458/3760/2316 2460/3762/2475
f 2308/3516/2400 2302/3506/2398 2528/3830/2450 2530/3832/2476
f 2230/3386/2374 2224/3376/2372 2502/3804/2452 2504/3806/2477
f 2440/3736/2444 2434/3726/2442 2572/3874/2454 2574/3876/2478
f 2152/3256/2348 2146/3246/2346 2476/3778/2456 2478/3780/2479
f 2362/3606/2418 2356/3596/2416 2546/3848/2458 2548/3850/2480
f 2284/3476/2392 2278/3466/2390 2520/3822/2460 2522/3824/2481
f 2206/3346/2366 2200/3336/2364 2494/3796/2462 2496/3798/2482
f 2416/3696/2436 2410/3686/2434 2564/3866/2464 2566/3868/2483
f 2128/3216/2340 2122/3206/2338 2468/3770/2466 2470/3772/2484
f 2338/3566/2410 2332/3556/2408 2538/3840/2468 2540/3842/2485
f 2260/3436/2384 2254/3426/2382 2512/3814/2470 2514/3816/2486
f 2182/3306/2358 2176/3296/2356 2486/3788/2472 2488/3790/2487
f 2392/3656/2428 2386/3646/2426 2556/3858/2474 2558/3860/2488
f 2104/3176/2332 2098/3166/2330 2460/3762/2475 2462/3764/2489
f 2451/3753/2490 2450/3752/2491 2575/3877/2492 2573/3875/2493 2571/3873/2494 2569/3871/2495 2567/3869/2496 2565/3867/2497 2563/3865/2498 2561/3863/2499 2559/3861/2500 2557/3859/2501 2555/3857/2502 2553/3855/2503 2551/3853/2504 2549/3851/2505 2547/3849/2506 2545/3847/2507 2543/3845/2508 2541/3843/2509 2539/3841/2510 2537/3839/2511 2535/3837/2512 2533/3835/2513 2531/3833/2514 2529/3831/2515 2527/3829/2516 2525/3827/2517 2523/3825/2518 2521/3823/2519 2519/3821/2520 2517/3819/2521 2515/3817/2522 2513/3815/2523 2511/3813/2524 2509/3811/2525 2507/3809/2526 2505/3807/2527 2503/3805/2528 2501/3803/2529 2499/3801/2530 2497/3799/2531 2495/3797/2532 2493/3795/2533 2491/3793/2534 2489/3791/2535 2487/3789/2536 2485/3787/2537 2483/3785/2538 2481/3783/2539 2479/3781/2540 2477/3779/2541 2475/3777/2542 2473/3775/2543 2471/3773/2544 2469/3771/2545 2467/3769/2546 2465/3767/2547 2463/3765/2548 2461/3763/2549 2459/3761/2550 2457/3759/2551 2455/3757/2552 2453/3755/2553
f 2314/3526/2402 2308/3516/2400 2530/3832/2476 2532/3834/2554
f 2236/3396/2376 2230/3386/2374 2504/3806/2477 2506/3808/2555
f 2446/3746/2446 2440/3736/2444 2574/3876/2478 2576/3878/2447
f 2158/3266/2350 2152/3256/2348 2478/3780/2479 2480/3782/2556
f 2368/3616/2420 2362/3606/2418 2548/3850/2480 2550/3852/2557
f 2290/3486/2394 2284/3476/2392 2522/3824/2481 2524/3826/2558
f 2212/3356/2368 2206/3346/2366 2496/3798/2482 2498/3800/2559
f 2422/3706/2438 2416/3696/2436 2566/3868/2483 2568/3870/2560
f 2134/3226/2342 2128/3216/2340 2470/3772/2484 2472/3774/2561
f 2344/3576/2412 2338/3566/2410 2540/3842/2485 2542/3844/2562
f 2266/3446/2386 2260/3436/2384 2514/3816/2486 2516/3818/2563
f 2188/3316/2360 2182/3306/2358 2488/3790/2487 2490/3792/2564
f 2398/3666/2430 2392/3656/2428 2558/3860/2488 2560/3862/2565
f 2110/3186/2334 2104/3176/2332 2462/3764/2489 2464/3766/2566
f 2320/3536/2404 2314/3526/2402 2532/3834/2554 2534/3836/2567
f 2242/3406/2378 2236/3396/2376 2506/3808/2555 2508/3810/2568
f 2164/3276/2352 2158/3266/2350 2480/3782/2556 2482/3784/2569
f 2374/3626/2422 2368/3616/2420 2550/3852/2557 2552/3854/2570
f 2086/3146/2314 2080/3136/2326 2454/3756/2571 2456/3758/2315
f 2296/3496/2396 2290/3486/2394 2524/3826/2558 2526/3828/2449
f 2218/3366/2370 2212/3356/2368 2498/3800/2559 2500/3802/2451
f 2428/3716/2440 2422/3706/2438 2568/3870/2560 2570/3872/2453
f 2140/3236/2344 2134/3226/2342 2472/3774/2561 2474/3776/2455
f 2350/3586/2414 2344/3576/2412 2542/3844/2562 2544/3846/2457
f 2272/3456/2388 2266/3446/2386 2516/3818/2563 2518/3820/2459
f 2194/3326/2362 2188/3316/2360 2490/3792/2564 2492/3794/2461
f 2404/3676/2432 2398/3666/2430 2560/3862/2565 2562/3864/2463
f 2116/3196/2336 2110/3186/2334 2464/3766/2566 2466/3768/2465
f 2326/3546/2406 2320/3536/2404 2534/3836/2567 2536/3838/2467
f 2248/3416/2380 2242/3406/2378 2508/3810/2568 2510/3812/2469
f 2080/3136/2326 2074/3126/2324 2452/3754/2572 2454/3756/2571
f 2170/3286/2354 2164/3276/2352 2482/3784/2569 2484/3786/2471
f 2380/3636/2424 2374/3626/2422 2552/3854/2570 2554/3856/2473
f 2450/3752/2491 2451/3753/2490 2452/3754/2572 2449/3751/2448
f 2451/3753/2490 2453/3755/2553 2454/3756/2571 2452/3754/2572
f 2453/3755/2553 2455/3757/2552 2456/3758/2315 2454/3756/2571
f 2455/3757/2552 2457/3759/2551 2458/3760/2316 2456/3758/2315
f 2457/3759/2551 2459/3761/2550 2460/3762/2475 2458/3760/2316
f 2459/3761/2550 2461/3763/2549 2462/3764/2489 2460/3762/2475
f 2461/3763/2549 2463/3765/2548 2464/3766/2566 2462/3764/2489
f 2463/3765/2548 2465/3767/2547 2466/3768/2465 2464/3766/2566
f 2465/3767/2547 2467/3769/2546 2468/3770/2466 2466/3768/2465
f 2467/3769/2546 2469/3771/2545 2470/3772/2484 2468/3770/2466
f 2469/3771/2545 2471/3773/2544 2472/3774/2561 2470/3772/2484
f 2471/3773/2544 2473/3775/2543 2474/3776/2455 2472/3774/2561
f 2473/3775/2543 2475/3777/2542 2476/3778/2456 2474/3776/2455
f 2475/3777/2542 2477/3779/2541 2478/3780/2479 2476/3778/2456
f 2477/3779/2541 2479/3781/2540 2480/3782/2556 2478/3780/2479
f 2479/3781/2540 2481/3783/2539 2482/3784/2569 2480/3782/2556
f 2481/3783/2539 2483/3785/2538 2484/3786/2471 2482/3784/2569
f 2483/3785/2538 2485/3787/2537 2486/3788/2472 2484/3786/2471
f 2485/3787/2537 2487/3789/2536 2488/3790/2487 2486/3788/2472
f 2487/3789/2536 2489/3791/2535 2490/3792/2564 2488/3790/2487
f 2489/3791/2535 2491/3793/2534 2492/3794/2461 2490/3792/2564
f 2491/3793/2534 2493/3795/2533 2494/3796/2462 2492/3794/2461
f 2493/3795/2533 2495/3797/2532 2496/3798/2482 2494/3796/2462
f 2495/3797/2532 2497/3799/2531 2498/3800/2559 2496/3798/2482
f 2497/3799/2531 2499/3801/2530 2500/3802/2451 2498/3800/2559
f 2499/3801/2530 2501/3803/2529 2502/3804/2452 2500/3802/2451
f 2501/3803/2529 2503/3805/2528 2504/3806/2477 2502/3804/2452
f 2503/3805/2528 2505/3807/2527 2506/3808/2555 2504/3806/2477
f 2505/3807/2527 2507/3809/2526 2508/3810/2568 2506/3808/2555
f 2507/3809/2526 2509/3811/2525 2510/3812/2469 2508/3810/2568
f 2509/3811/2525 2511/3813/2524 2512/3814/2470 2510/3812/2469
f 2511/3813/2524 2513/3815/2523 2514/3816/2486 2512/3814/2470
f 2513/3815/2523 2515/3817/2522 2516/3818/2563 2514/3816/2486
f 2515/3817/2522 2517/3819/2521 2518/3820/2459 2516/3818/2563
f 2517/3819/2521 2519/3821/2520 2520/3822/2460 2518/3820/2459
f 2519/3821/2520 2521/3823/2519 2522/3824/2481 2520/3822/2460
f 2521/3823/2519 2523/3825/2518 2524/3826/2558 2522/3824/2481
f 2523/3825/2518 2525/3827/2517 2526/3828/2449 2524/3826/2558
f 2525/3827/2517 2527/3829/2516 2528/3830/2450 2526/3828/2449
f 2527/3829/2516 2529/3831/2515 2530/3832/2476 2528/3830/2450
f 2529/3831/2515 2531/3833/2514 2532/3834/2554 2530/3832/2476
f 2531/3833/2514 2533/3835/2513 2534/3836/2567 2532/3834/2554
f 2533/3835/2513 2535/3837/2512 2536/3838/2467 2534/3836/2567
f 2535/3837/2512 2537/3839/2511 2538/3840/2468 2536/3838/2467
f 2537/3839/2511 2539/3841/2510 2540/3842/2485 2538/3840/2468
f 2539/3841/2510 2541/3843/2509 2542/3844/2562 2540/3842/2485
f 2541/3843/2509 2543/3845/2508 2544/3846/2457 2542/3844/2562
f 2543/3845/2508 2545/3847/2507 2546/3848/2458 2544/3846/2457
f 2545/3847/2507 2547/3849/2506 2548/3850/2480 2546/3848/2458
f 2547/3849/2506 2549/3851/2505 2550/3852/2557 2548/3850/2480
f 2549/3851/2505 2551/3853/2504 2552/3854/2570 2550/3852/2557
f 2551/3853/2504 2553/3855/2503 2554/3856/2473 2552/3854/2570
f 2553/3855/2503 2555/3857/2502 2556/3858/2474 2554/3856/2473
f 2555/3857/2502 2557/3859/2501 2558/3860/2488 2556/3858/2474
f 2557/3859/2501 2559/3861/2500 2560/3862/2565 2558/3860/2488
f 2559/3861/2500 2561/3863/2499 2562/3864/2463 2560/3862/2565
f 2561/3863/2499 2563/3865/2498 2564/3866/2464 2562/3864/2463
f 2563/3865/2498 2565/3867/2497 2566/3868/2483 2564/3866/2464
f 2565/3867/2497 2567/3869/2496 2568/3870/2560 2566/3868/2483
f 2567/3869/2496 2569/3871/2495 2570/3872/2453 2568/3870/2560
f 2569/3871/2495 2571/3873/2494 2572/3874/2454 2570/3872/2453
f 2571/3873/2494 2573/3875/2493 2574/3876/2478 2572/3874/2454
f 2573/3875/2493 2575/3877/2492 2576/3878/2447 2574/3876/2478
f 2575/3877/2492 2450/3752/2491 2449/3751/2448 2576/3878/2447
f 2074/3126/2324 2068/3115/2322 2449/3751/2448 2452/3754/2572
g Tire_004
o Tire.004
v -5.600000 -0.119396 -1.060000
v -5.719109 -0.005852 -0.988449
v -5.480891 -0.005851 -0.988449
v -5.600000 -0.119396 -0.460000
v -5.480891 -0.005852 -0.531551
v -5.719109 -0.005851 -0.531551
v -5.562695 -0.121229 -1.060000
v -5.670100 0.003444 -0.988449
v -5.433030 -0.019906 -0.988449
v -5.562695 -0.121229 -0.460000
v -5.433030 -0.019906 -0.531551
v -5.670100 0.003444 -0.531551
v -5.525748 -0.126709 -1.060000
v -5.620416 0.007891 -0.988449
v -5.386776 -0.038583 -0.988449
v -5.525748 -0.126709 -0.460000
v -5.386776 -0.038583 -0.531551
v -5.620416 0.007891 -0.531551
v -5.489516 -0.135785 -1.060000
v -5.570536 0.007446 -0.988449
v -5.342577 -0.061705 -0.988449
v -5.489516 -0.135785 -0.460000
v -5.342577 -0.061705 -0.531551
v -5.570536 0.007446 -0.531551
v -5.454349 -0.148368 -1.060000
v -5.520939 0.002115 -0.988449
v -5.300856 -0.089047 -0.988449
v -5.454349 -0.148368 -0.460000
v -5.300856 -0.089047 -0.531551
v -5.520939 0.002115 -0.531551
v -5.420584 -0.164337 -1.060000
v -5.472104 -0.008052 -0.988449
v -5.262015 -0.120347 -0.988449
v -5.420584 -0.164337 -0.460000
v -5.262015 -0.120347 -0.531551
v -5.472104 -0.008052 -0.531551
v -5.388547 -0.183539 -1.060000
v -5.424501 -0.022957 -0.988449
v -5.226430 -0.155304 -0.988449
v -5.388547 -0.183539 -0.460000
v -5.226430 -0.155304 -0.531551
v -5.424501 -0.022957 -0.531551
v -5.358547 -0.205789 -1.060000
v -5.378588 -0.042456 -0.988449
v -5.194443 -0.193580 -0.988449
v -5.358547 -0.205789 -0.460000
v -5.194443 -0.193580 -0.531551
v -5.378588 -0.042456 -0.531551
v -5.330872 -0.230872 -1.060000
v -5.334806 -0.066362 -0.988449
v -5.166362 -0.234807 -0.988449
v -5.330872 -0.230872 -0.460000
v -5.166362 -0.234807 -0.531551
v -5.334806 -0.066362 -0.531551
v -5.305789 -0.258547 -1.060000
v -5.293580 -0.094443 -0.988449
v -5.142456 -0.278588 -0.988449
v -5.305789 -0.258547 -0.460000
v -5.142456 -0.278588 -0.531551
v -5.293580 -0.094443 -0.531551
v -5.283539 -0.288548 -1.060000
v -5.255303 -0.126431 -0.988449
v -5.122957 -0.324501 -0.988449
v -5.283539 -0.288548 -0.460000
v -5.122957 -0.324501 -0.531551
v -5.255303 -0.126431 -0.531551
v -5.264337 -0.320584 -1.060000
v -5.220347 -0.162016 -0.988449
v -5.108052 -0.372104 -0.988449
v -5.264337 -0.320584 -0.460000
v -5.108052 -0.372104 -0.531551
v -5.220347 -0.162016 -0.531551
v -5.248368 -0.354349 -1.060000
v -5.189047 -0.200856 -0.988449
v -5.097885 -0.420939 -0.988449
v -5.248368 -0.354349 -0.460000
v -5.097885 -0.420939 -0.531551
v -5.189047 -0.200856 -0.531551
v -5.235785 -0.389516 -1.060000
v -5.161705 -0.242577 -0.988449
v -5.092554 -0.470536 -0.988449
v -5.235785 -0.389516 -0.460000
v -5.092554 -0.470536 -0.531551
v -5.161705 -0.242577 -0.531551
v -5.226709 -0.425748 -1.060000
v -5.138583 -0.286776 -0.988449
v -5.092109 -0.520416 -0.988449
v -5.226709 -0.425748 -0.460000
v -5.092109 -0.520416 -0.531551
v -5.138583 -0.286777 -0.531551
v -5.221229 -0.462694 -1.060000
v -5.119905 -0.333030 -0.988449
v -5.096556 -0.570100 -0.988449
v -5.221229 -0.462695 -0.460000
v -5.096556 -0.570100 -0.531551
v -5.119905 -0.333030 -0.531551
v -5.219396 -0.500000 -1.060000
v -5.105851 -0.380892 -0.988449
v -5.105851 -0.619108 -0.988449
v -5.219396 -0.500000 -0.460000
v -5.105851 -0.619108 -0.531551
v -5.105851 -0.380892 -0.531551
v -5.221229 -0.537305 -1.060000
v -5.096556 -0.429900 -0.988449
v -5.119905 -0.666970 -0.988449
v -5.221229 -0.537305 -0.460000
v -5.119905 -0.666970 -0.531551
v -5.096556 -0.429900 -0.531551
v -5.226709 -0.574252 -1.060000
v -5.092109 -0.479584 -0.988449
v -5.138583 -0.713223 -0.988449
v -5.226709 -0.574252 -0.460000
v -5.138583 -0.713224 -0.531551
v -5.092109 -0.479584 -0.531551
v -5.235785 -0.610484 -1.060000
v -5.092554 -0.529464 -0.988449
v -5.161705 -0.757423 -0.988449
v -5.235785 -0.610484 -0.460000
v -5.161705 -0.757423 -0.531551
v -5.092554 -0.529464 -0.531551
v -5.248368 -0.645651 -1.060000
v -5.097885 -0.579061 -0.988449
v -5.189047 -0.799144 -0.988449
v -5.248368 -0.645651 -0.460000
v -5.189047 -0.799144 -0.531551
v -5.097885 -0.579061 -0.531551
v -5.264337 -0.679416 -1.060000
v -5.108052 -0.627896 -0.988449
v -5.220347 -0.837984 -0.988449
v -5.264337 -0.679416 -0.460000
v -5.220347 -0.837984 -0.531551
v -5.108052 -0.627896 -0.531551
v -5.283539 -0.711452 -1.060000
v -5.122957 -0.675499 -0.988449
v -5.255303 -0.873569 -0.988449
v -5.283539 -0.711452 -0.460000
v -5.255303 -0.873569 -0.531551
v -5.122957 -0.675499 -0.531551
v -5.305789 -0.741453 -1.060000
v -5.142456 -0.721412 -0.988449
v -5.293580 -0.905557 -0.988449
v -5.305789 -0.741453 -0.460000
v -5.293580 -0.905557 -0.531551
v -5.142456 -0.721412 -0.531551
v -5.330872 -0.769128 -1.060000
v -5.166362 -0.765193 -0.988449
v -5.334806 -0.933638 -0.988449
v -5.330872 -0.769128 -0.460000
v -5.334806 -0.933638 -0.531551
v -5.166362 -0.765193 -0.531551
v -5.358547 -0.794211 -1.060000
v -5.194443 -0.806420 -0.988449
v -5.378588 -0.957544 -0.988449
v -5.358547 -0.794211 -0.460000
v -5.378588 -0.957544 -0.531551
v -5.194443 -0.806420 -0.531551
v -5.388547 -0.816461 -1.060000
v -5.226430 -0.844696 -0.988449
v -5.424501 -0.977043 -0.988449
v -5.388547 -0.816461 -0.460000
v -5.424501 -0.977043 -0.531551
v -5.226430 -0.844696 -0.531551
v -5.420584 -0.835663 -1.060000
v -5.262015 -0.879653 -0.988449
v -5.472104 -0.991948 -0.988449
v -5.420584 -0.835663 -0.460000
v -5.472104 -0.991948 -0.531551
v -5.262015 -0.879653 -0.531551
v -5.454349 -0.851632 -1.060000
v -5.300856 -0.910953 -0.988449
v -5.520939 -1.002115 -0.988449
v -5.454349 -0.851632 -0.460000
v -5.520939 -1.002115 -0.531551
v -5.300856 -0.910953 -0.531551
v -5.489516 -0.864215 -1.060000
v -5.342577 -0.938295 -0.988449
v -5.570536 -1.007446 -0.988449
v -5.489516 -0.864215 -0.460000
v -5.570536 -1.007446 -0.531551
v -5.342577 -0.938295 -0.531551
v -5.525748 -0.873291 -1.060000
v -5.386776 -0.961417 -0.988449
v -5.620416 -1.007891 -0.988449
v -5.525748 -0.873291 -0.460000
v -5.620416 -1.007891 -0.531551
v -5.386776 -0.961417 -0.531551
v -5.562695 -0.878771 -1.060000
v -5.433030 -0.980094 -0.988449
v -5.670100 -1.003444 -0.988449
v -5.562695 -0.878771 -0.460000
v -5.670100 -1.003444 -0.531551
v -5.433030 -0.980094 -0.531551
v -5.600000 -0.880604 -1.060000
v -5.480891 -0.994148 -0.988449
v -5.719109 -0.994149 -0.988449
v -5.600000 -0.880604 -0.460000
v -5.719109 -0.994148 -0.531551
v -5.480891 -0.994149 -0.531551
v -5.637305 -0.878771 -1.060000
v -5.529900 -1.003444 -0.988449
v -5.766970 -0.980094 -0.988449
v -5.637305 -0.878771 -0.460000
v -5.766970 -0.980094 -0.531551
v -5.529900 -1.003444 -0.531551
v -5.674252 -0.873291 -1.060000
v -5.579584 -1.007891 -0.988449
v -5.813223 -0.961417 -0.988449
v -5.674252 -0.873291 -0.460000
v -5.813223 -0.961417 -0.531551
v -5.579584 -1.007891 -0.531551
v -5.710484 -0.864215 -1.060000
v -5.629464 -1.007446 -0.988449
v -5.857423 -0.938295 -0.988449
v -5.710484 -0.864215 -0.460000
v -5.857423 -0.938295 -0.531551
v -5.629464 -1.007446 -0.531551
v -5.745651 -0.851632 -1.060000
v -5.679060 -1.002115 -0.988449
v -5.899144 -0.910953 -0.988449
v -5.745651 -0.851632 -0.460000
v -5.899144 -0.910953 -0.531551
v -5.679060 -1.002115 -0.531551
v -5.779416 -0.835663 -1.060000
v -5.727896 -0.991948 -0.988449
v -5.937984 -0.879653 -0.988449
v -5.779416 -0.835663 -0.460000
v -5.937984 -0.879653 -0.531551
v -5.727896 -0.991948 -0.531551
v -5.811452 -0.816461 -1.060000
v -5.775499 -0.977043 -0.988449
v -5.973569 -0.844696 -0.988449
v -5.811452 -0.816461 -0.460000
v -5.973569 -0.844696 -0.531551
v -5.775499 -0.977043 -0.531551
v -5.841453 -0.794211 -1.060000
v -5.821412 -0.957544 -0.988449
v -6.005557 -0.806420 -0.988449
v -5.841453 -0.794211 -0.460000
v -6.005557 -0.806420 -0.531551
v -5.821412 -0.957544 -0.531551
v -5.869128 -0.769128 -1.060000
v -5.865193 -0.933638 -0.988449
v -6.033638 -0.765193 -0.988449
v -5.869128 -0.769128 -0.460000
v -6.033638 -0.765193 -0.531551
v -5.865193 -0.933638 -0.531551
v -5.894211 -0.741453 -1.060000
v -5.906420 -0.905557 -0.988449
v -6.057544 -0.721412 -0.988449
v -5.894211 -0.741453 -0.460000
v -6.057544 -0.721412 -0.531551
v -5.906420 -0.905557 -0.531551
v -5.916461 -0.711452 -1.060000
v -5.944696 -0.873569 -0.988449
v -6.077043 -0.675499 -0.988449
v -5.916461 -0.711452 -0.460000
v -6.077043 -0.675499 -0.531551
v -5.944696 -0.873569 -0.531551
v -5.935663 -0.679416 -1.060000
v -5.979653 -0.837984 -0.988449
v -6.091948 -0.627896 -0.988449
v -5.935663 -0.679416 -0.460000
v -6.091948 -0.627896 -0.531551
v -5.979653 -0.837984 -0.531551
v -5.951632 -0.645651 -1.060000
v -6.010953 -0.799144 -0.988449
v -6.102115 -0.579061 -0.988449
v -5.951632 -0.645651 -0.460000
v -6.102115 -0.579061 -0.531551
v -6.010953 -0.799144 -0.531551
v -5.964215 -0.610484 -1.060000
v -6.038295 -0.757423 -0.988449
v -6.107446 -0.529464 -0.988449
v -5.964215 -0.610484 -0.460000
v -6.107446 -0.529464 -0.531551
v -6.038295 -0.757423 -0.531551
v -5.973291 -0.574252 -1.060000
v -6.061417 -0.713223 -0.988449
v -6.107891 -0.479584 -0.988449
v -5.973291 -0.574252 -0.460000
v -6.107891 -0.479584 -0.531551
v -6.061417 -0.713224 -0.531551
v -5.978771 -0.537305 -1.060000
v -6.080094 -0.666970 -0.988449
v -6.103444 -0.429900 -0.988449
v -5.978771 -0.537305 -0.460000
v -6.103444 -0.429900 -0.531551
v -6.080094 -0.666970 -0.531551
v -5.980604 -0.500000 -1.060000
v -6.094149 -0.619108 -0.988449
v -6.094149 -0.380892 -0.988449
v -5.980604 -0.500000 -0.460000
v -6.094149 -0.380892 -0.531551
v -6.094149 -0.619108 -0.531551
v -5.978771 -0.462694 -1.060000
v -6.103444 -0.570100 -0.988449
v -6.080094 -0.333030 -0.988449
v -5.978771 -0.462695 -0.460000
v -6.080094 -0.333030 -0.531551
v -6.103444 -0.570100 -0.531551
v -5.973291 -0.425748 -1.060000
v -6.107891 -0.520416 -0.988449
v -6.061417 -0.286776 -0.988449
v -5.973291 -0.425748 -0.460000
v -6.061417 -0.286777 -0.531551
v -6.107891 -0.520416 -0.531551
v -5.964215 -0.389516 -1.060000
v -6.107446 -0.470536 -0.988449
v -6.038295 -0.242577 -0.988449
v -5.964215 -0.389516 -0.460000
v -6.038295 -0.242577 -0.531551
v -6.107446 -0.470536 -0.531551
v -5.951632 -0.354349 -1.060000
v -6.102115 -0.420939 -0.988449
v -6.010953 -0.200856 -0.988449
v -5.951632 -0.354349 -0.460000
v -6.010953 -0.200856 -0.531551
v -6.102115 -0.420939 -0.531551
v -5.935663 -0.320584 -1.060000
v -6.091948 -0.372104 -0.988449
v -5.979653 -0.162016 -0.988449
v -5.935663 -0.320584 -0.460000
v -5.979653 -0.162016 -0.531551
v -6.091948 -0.372104 -0.531551
v -5.916461 -0.288548 -1.060000
v -6.077043 -0.324501 -0.988449
v -5.944696 -0.126431 -0.988449
v -5.916461 -0.288548 -0.460000
v -5.944696 -0.126431 -0.531551
v -6.077043 -0.324501 -0.531551
v -5.894211 -0.258547 -1.060000
v -6.057544 -0.278588 -0.988449
v -5.906420 -0.094443 -0.988449
v -5.894211 -0.258547 -0.460000
v -5.906420 -0.094443 -0.531551
v -6.057544 -0.278588 -0.531551
v -5.869128 -0.230872 -1.060000
v -6.033638 -0.234807 -0.988449
v -5.865193 -0.066362 -0.988449
v -5.869128 -0.230872 -0.460000
v -5.865193 -0.066362 -0.531551
v -6.033638 -0.234807 -0.531551
v -5.841453 -0.205789 -1.060000
v -6.005557 -0.193580 -0.988449
v -5.821412 -0.042456 -0.988449
v -5.841453 -0.205789 -0.460000
v -5.821412 -0.042456 -0.531551
v -6.005557 -0.193580 -0.531551
v -5.811452 -0.183539 -1.060000
v -5.973569 -0.155304 -0.988449
v -5.775499 -0.022957 -0.988449
v -5.811452 -0.183539 -0.460000
v -5.775499 -0.022957 -0.531551
v -5.973569 -0.155304 -0.531551
v -5.779416 -0.164337 -1.060000
v -5.937984 -0.120347 -0.988449
v -5.727896 -0.008052 -0.988449
v -5.779416 -0.164337 -0.460000
v -5.727896 -0.008052 -0.531551
v -5.937984 -0.120347 -0.531551
v -5.745651 -0.148368 -1.060000
v -5.899144 -0.089047 -0.988449
v -5.679060 0.002115 -0.988449
v -5.745651 -0.148368 -0.460000
v -5.679060 0.002115 -0.531551
v -5.899144 -0.089047 -0.531551
v -5.710484 -0.135785 -1.060000
v -5.857423 -0.061705 -0.988449
v -5.629464 0.007446 -0.988449
v -5.710484 -0.135785 -0.460000
v -5.629464 0.007446 -0.531551
v -5.857423 -0.061705 -0.531551
v -5.674252 -0.126709 -1.060000
v -5.813223 -0.038583 -0.988449
v -5.579584 0.007891 -0.988449
v -5.674252 -0.126709 -0.460000
v -5.579584 0.007891 -0.531551
v -5.813223 -0.038583 -0.531551
v -5.637305 -0.121229 -1.060000
v -5.766970 -0.019906 -0.988449
v -5.529900 0.003444 -0.988449
v -5.637305 -0.121229 -0.460000
v -5.529900 0.003444 -0.531551
v -5.766970 -0.019906 -0.531551
v -5.600000 -0.119396 -0.511314
v -5.600000 -0.200636 -0.560000
v -5.570657 -0.202078 -0.560000
v -5.562695 -0.121229 -0.511314
v -5.541597 -0.206389 -0.560000
v -5.525748 -0.126709 -0.511314
v -5.513099 -0.213527 -0.560000
v -5.489516 -0.135785 -0.511314
v -5.485438 -0.223424 -0.560000
v -5.454349 -0.148368 -0.511314
v -5.458881 -0.235985 -0.560000
v -5.420584 -0.164337 -0.511314
v -5.433682 -0.251088 -0.560000
v -5.388547 -0.183539 -0.511314
v -5.410086 -0.268589 -0.560000
v -5.358547 -0.205789 -0.511314
v -5.388318 -0.288318 -0.560000
v -5.330872 -0.230872 -0.511314
v -5.368589 -0.310086 -0.560000
v -5.305789 -0.258547 -0.511314
v -5.351088 -0.333682 -0.560000
v -5.283539 -0.288548 -0.511314
v -5.335985 -0.358881 -0.560000
v -5.264337 -0.320584 -0.511314
v -5.323424 -0.385439 -0.560000
v -5.248368 -0.354349 -0.511314
v -5.313527 -0.413099 -0.560000
v -5.235785 -0.389516 -0.511314
v -5.306388 -0.441597 -0.560000
v -5.226709 -0.425748 -0.511314
v -5.302078 -0.470657 -0.560000
v -5.221229 -0.462695 -0.511314
v -5.300636 -0.500000 -0.560000
v -5.219396 -0.500000 -0.511314
v -5.302078 -0.529343 -0.560000
v -5.221229 -0.537305 -0.511314
v -5.306388 -0.558403 -0.560000
v -5.226709 -0.574252 -0.511314
v -5.313527 -0.586901 -0.560000
v -5.235785 -0.610484 -0.511314
v -5.323424 -0.614562 -0.560000
v -5.248368 -0.645651 -0.511314
v -5.335985 -0.641119 -0.560000
v -5.264337 -0.679416 -0.511315
v -5.351089 -0.666318 -0.560000
v -5.283539 -0.711452 -0.511315
v -5.368588 -0.689914 -0.560000
v -5.305789 -0.741453 -0.511315
v -5.388318 -0.711682 -0.560000
v -5.330872 -0.769128 -0.511315
v -5.410086 -0.731411 -0.560000
v -5.358547 -0.794211 -0.511315
v -5.433682 -0.748912 -0.560000
v -5.388547 -0.816461 -0.511315
v -5.458881 -0.764015 -0.560000
v -5.420584 -0.835663 -0.511315
v -5.485438 -0.776576 -0.560000
v -5.454349 -0.851632 -0.511315
v -5.513099 -0.786473 -0.560000
v -5.489516 -0.864215 -0.511315
v -5.541597 -0.793611 -0.560000
v -5.525748 -0.873291 -0.511315
v -5.570657 -0.797922 -0.560000
v -5.562695 -0.878771 -0.511315
v -5.600000 -0.799364 -0.560000
v -5.600000 -0.880604 -0.511315
v -5.629343 -0.797922 -0.560000
v -5.637305 -0.878771 -0.511315
v -5.658403 -0.793611 -0.560000
v -5.674252 -0.873291 -0.511315
v -5.686901 -0.786473 -0.560000
v -5.710484 -0.864215 -0.511315
v -5.714561 -0.776576 -0.560000
v -5.745651 -0.851632 -0.511315
v -5.741119 -0.764015 -0.560000
v -5.779416 -0.835663 -0.511315
v -5.766318 -0.748912 -0.560000
v -5.811452 -0.816461 -0.511315
v -5.789914 -0.731411 -0.560000
v -5.841453 -0.794211 -0.511315
v -5.811682 -0.711682 -0.560000
v -5.869128 -0.769128 -0.511315
v -5.831411 -0.689914 -0.560000
v -5.894211 -0.741453 -0.511315
v -5.848912 -0.666318 -0.560000
v -5.916461 -0.711452 -0.511315
v -5.864015 -0.641119 -0.560000
v -5.935663 -0.679416 -0.511315
v -5.876576 -0.614562 -0.560000
v -5.951632 -0.645651 -0.511314
v -5.886473 -0.586901 -0.560000
v -5.964215 -0.610484 -0.511314
v -5.893611 -0.558403 -0.560000
v -5.973291 -0.574252 -0.511314
v -5.897922 -0.529343 -0.560000
v -5.978771 -0.537305 -0.511314
v -5.899364 -0.500000 -0.560000
v -5.980604 -0.500000 -0.511314
v -5.897922 -0.470657 -0.560000
v -5.978771 -0.462695 -0.511314
v -5.893611 -0.441597 -0.560000
v -5.973291 -0.425748 -0.511314
v -5.886473 -0.413099 -0.560000
v -5.964215 -0.389516 -0.511314
v -5.876576 -0.385439 -0.560000
v -5.951632 -0.354349 -0.511314
v -5.864015 -0.358881 -0.560000
v -5.935663 -0.320584 -0.511314
v -5.848911 -0.333682 -0.560000
v -5.916461 -0.288548 -0.511314
v -5.831411 -0.310086 -0.560000
v -5.894211 -0.258547 -0.511314
v -5.811682 -0.288318 -0.560000
v -5.869128 -0.230872 -0.511314
v -5.789914 -0.268589 -0.560000
v -5.841453 -0.205789 -0.511314
v -5.766318 -0.251088 -0.560000
v -5.811452 -0.183539 -0.511314
v -5.741119 -0.235985 -0.560000
v -5.779416 -0.164337 -0.511314
v -5.714561 -0.223424 -0.560000
v -5.745651 -0.148368 -0.511314
v -5.686901 -0.213527 -0.560000
v -5.710484 -0.135785 -0.511314
v -5.658403 -0.206389 -0.560000
v -5.674252 -0.126709 -0.511314
v -5.629343 -0.202078 -0.560000
v -5.637305 -0.121229 -0.511314
vn -0.8439 -0.1244 0.5220
vn -0.8439 -0.1244 -0.5220
vn 0.8520 -0.0410 -0.5220
vn 0.8520 -0.0410 0.5220
vn -0.8436 0.1260 0.5220
vn -0.8436 0.1260 -0.5220
vn 0.8034 -0.2866 -0.5220
vn 0.8034 -0.2866 0.5220
vn -0.8272 0.2080 0.5220
vn -0.8272 0.2080 -0.5220
vn 0.7714 -0.3640 -0.5220
vn 0.7714 -0.3640 0.5220
vn -0.8028 0.2881 0.5220
vn -0.8028 0.2881 -0.5220
vn 0.7320 -0.4378 -0.5220
vn 0.7320 -0.4378 0.5220
vn -0.7707 0.3654 0.5220
vn -0.7707 0.3654 -0.5220
vn 0.6856 -0.5075 -0.5220
vn 0.6856 -0.5075 0.5220
vn -0.7312 0.4392 0.5220
vn -0.7312 0.4392 -0.5220
vn 0.6325 -0.5722 -0.5220
vn 0.6325 -0.5722 0.5220
vn -0.6846 0.5088 0.5220
vn -0.6846 0.5088 -0.5220
vn 0.5734 -0.6315 -0.5220
vn 0.5734 -0.6315 0.5220
vn -0.6315 0.5734 0.5220
vn -0.6315 0.5734 -0.5220
vn 0.5088 -0.6846 -0.5220
vn 0.5088 -0.6846 0.5220
vn -0.5722 0.6325 0.5220
vn -0.5722 0.6325 -0.5220
vn 0.4392 -0.7312 -0.5220
vn 0.4392 -0.7312 0.5220
vn -0.5075 0.6856 0.5220
vn -0.5075 0.6856 -0.5220
vn 0.3654 -0.7707 -0.5220
vn 0.3654 -0.7707 0.5220
vn -0.4378 0.7320 0.5220
vn -0.4378 0.7320 -0.5220
vn 0.2881 -0.8028 -0.5220
vn 0.2881 -0.8028 0.5220
vn -0.3640 0.7714 0.5220
vn -0.3640 0.7714 -0.5220
vn 0.2080 -0.8272 -0.5220
vn 0.2080 -0.8272 0.5220
vn -0.2866 0.8034 0.5220
vn -0.2866 0.8034 -0.5220
vn 0.1260 -0.8436 -0.5220
vn 0.1260 -0.8436 0.5220
vn -0.2065 0.8276 0.5220
vn -0.2065 0.8276 -0.5220
vn 0.0427 -0.8519 -0.5220
vn 0.0427 -0.8519 0.5220
vn -0.1244 0.8438 0.5220
vn -0.1244 0.8439 -0.5220
vn -0.0410 -0.8520 -0.5220
vn -0.0410 -0.8520 0.5220
vn -0.0410 0.8520 0.5220
vn -0.0410 0.8520 -0.5220
vn -0.1244 -0.8438 -0.5220
vn -0.1244 -0.8439 0.5220
vn 0.0427 0.8519 0.5220
vn 0.0427 0.8519 -0.5220
vn -0.2065 -0.8276 -0.5220
vn -0.2065 -0.8276 0.5220
vn 0.1260 0.8436 0.5220
vn 0.1260 0.8436 -0.5220
vn -0.2866 -0.8034 -0.5220
vn -0.2866 -0.8034 0.5220
vn 0.2080 0.8272 0.5220
vn 0.2080 0.8272 -0.5220
vn -0.3640 -0.7714 -0.5220
vn -0.3640 -0.7714 0.5220
vn 0.2881 0.8028 0.5220
vn 0.2881 0.8028 -0.5220
vn -0.4378 -0.7320 -0.5220
vn -0.4378 -0.7320 0.5220
vn 0.3654 0.7707 0.5220
vn 0.3654 0.7707 -0.5220
vn -0.5075 -0.6856 -0.5220
vn -0.5075 -0.6856 0.5220
vn 0.4392 0.7312 0.5220
vn 0.4392 0.7312 -0.5220
vn -0.5722 -0.6325 -0.5220
vn -0.5722 -0.6325 0.5220
vn 0.5088 0.6846 0.5220
vn 0.5088 0.6846 -0.5220
vn -0.6315 -0.5734 -0.5220
vn -0.6315 -0.5734 0.5220
vn 0.5734 0.6315 0.5220
vn 0.5734 0.6315 -0.5220
vn -0.6846 -0.5088 -0.5220
vn -0.6846 -0.5088 0.5220
vn 0.6325 0.5722 0.5220
vn 0.6325 0.5722 -0.5220
vn -0.7312 -0.4392 -0.5220
vn -0.7312 -0.4392 0.5220
vn 0.6856 0.5075 0.5220
vn 0.6856 0.5075 -0.5220
vn -0.7707 -0.3654 -0.5220
vn -0.7707 -0.3654 0.5220
vn 0.7320 0.4378 0.5220
vn 0.7320 0.4378 -0.5220
vn -0.8028 -0.2881 -0.5220
vn -0.8028 -0.2881 0.5220
vn 0.7714 0.3640 0.5220
vn 0.7714 0.3640 -0.5220
vn -0.8272 -0.2080 -0.5220
vn -0.8272 -0.2080 0.5220
vn 0.8034 0.2866 0.5220
vn 0.8034 0.2866 -0.5220
vn -0.8436 -0.1260 -0.5220
vn -0.8436 -0.1260 0.5220
vn 0.8276 0.2065 0.5220
vn 0.8276 0.2065 -0.5220
vn -0.8519 -0.0427 -0.5220
vn -0.8519 -0.0427 0.5220
vn 0.8439 0.1244 0.5220
vn 0.8439 0.1244 -0.5220
vn -0.8520 0.0410 -0.5220
vn -0.8520 0.0410 0.5220
vn 0.8520 0.0410 0.5220
vn 0.8520 0.0410 -0.5220
vn -0.8439 0.1244 -0.5220
vn -0.8439 0.1244 0.5220
vn 0.8519 -0.0427 0.5220
vn 0.8519 -0.0427 -0.5220
vn -0.8276 0.2065 -0.5220
vn -0.8276 0.2065 0.5220
vn 0.8436 -0.1260 0.5220
vn 0.8436 -0.1260 -0.5220
vn -0.8034 0.2866 -0.5220
vn -0.8034 0.2866 0.5220
vn 0.8272 -0.2080 0.5220
vn 0.8272 -0.2080 -0.5220
vn -0.7714 0.3640 -0.5220
vn -0.7714 0.3640 0.5220
vn 0.8028 -0.2881 0.5220
vn 0.8028 -0.2881 -0.5220
vn -0.7320 0.4378 -0.5220
vn -0.7320 0.4378 0.5220
vn 0.7707 -0.3654 0.5220
vn 0.7707 -0.3654 -0.5220
vn -0.6856 0.5075 -0.5220
vn -0.6856 0.5075 0.5220
vn 0.7312 -0.4392 0.5220
vn 0.7312 -0.4392 -0.5220
vn -0.6325 0.5722 -0.5220
vn -0.6325 0.5722 0.5220
vn 0.6846 -0.5088 0.5220
vn 0.6846 -0.5088 -0.5220
vn -0.5734 0.6315 -0.5220
vn -0.5734 0.6315 0.5220
vn 0.6315 -0.5734 0.5220
vn 0.6315 -0.5734 -0.5220
vn -0.5088 0.6846 -0.5220
vn -0.5088 0.6846 0.5220
vn 0.5722 -0.6325 0.5220
vn 0.5722 -0.6325 -0.5220
vn -0.4392 0.7312 -0.5220
vn -0.4392 0.7312 0.5220
vn 0.5075 -0.6856 0.5220
vn 0.5075 -0.6856 -0.5220
vn -0.3654 0.7707 -0.5220
vn -0.3654 0.7707 0.5220
vn 0.4378 -0.7320 0.5220
vn 0.4378 -0.7320 -0.5220
vn -0.2881 0.8028 -0.5220
vn -0.2881 0.8028 0.5220
vn 0.3640 -0.7714 0.5220
vn 0.3640 -0.7714 -0.5220
vn -0.2080 0.8272 -0.5220
vn -0.2080 0.8272 0.5220
vn 0.2866 -0.8034 0.5220
vn 0.2866 -0.8034 -0.5220
vn -0.1260 0.8436 -0.5220
vn -0.1260 0.8436 0.5220
vn 0.2065 -0.8276 0.5220
vn 0.2065 -0.8276 -0.5220
vn -0.0427 0.8519 -0.5220
vn -0.0427 0.8519 0.5220
vn 0.1244 -0.8438 0.5220
vn 0.1244 -0.8439 -0.5220
vn 0.0410 0.8520 -0.5220
vn 0.0410 0.8520 0.5220
vn 0.0410 -0.8520 0.5220
vn 0.0410 -0.8520 -0.5220
vn 0.1244 0.8438 -0.5220
vn 0.1244 0.8439 0.5220
vn -0.0427 -0.8519 0.5220
vn -0.0427 -0.8519 -0.5220
vn 0.2065 0.8276 -0.5220
vn 0.2065 0.8276 0.5220
vn -0.1260 -0.8436 0.5220
vn -0.1260 -0.8436 -0.5220
vn 0.2866 0.8034 -0.5220
vn 0.2866 0.8034 0.5220
vn -0.2080 -0.8272 0.5220
vn -0.2080 -0.8272 -0.5220
vn 0.3640 0.7714 -0.5220
vn 0.3640 0.7714 0.5220
vn -0.2881 -0.8028 0.5220
vn -0.2881 -0.8028 -0.5220
vn 0.4378 0.7320 -0.5220
vn 0.4378 0.7320 0.5220
vn -0.3654 -0.7707 0.5220
vn -0.3654 -0.7707 -0.5220
vn 0.5075 0.6856 -0.5220
vn 0.5075 0.6856 0.5220
vn -0.4392 -0.7312 0.5220
vn -0.4392 -0.7312 -0.5220
vn 0.5722 0.6325 -0.5220
vn 0.5722 0.6325 0.5220
vn -0.5088 -0.6846 0.5220
vn -0.5088 -0.6846 -0.5220
vn 0.6315 0.5734 -0.5220
vn 0.6315 0.5734 0.5220
vn -0.5734 -0.6315 0.5220
vn -0.5734 -0.6315 -0.5220
vn 0.6846 0.5088 -0.5220
vn 0.6846 0.5088 0.5220
vn -0.6325 -0.5722 0.5220
vn -0.6325 -0.5722 -0.5220
vn 0.7312 0.4392 -0.5220
vn 0.7312 0.4392 0.5220
vn -0.6856 -0.5075 0.5220
vn -0.6856 -0.5075 -0.5220
vn 0.7707 0.3654 -0.5220
vn 0.7707 0.3654 0.5220
vn -0.7320 -0.4378 0.5220
vn -0.7320 -0.4378 -0.5220
vn 0.8028 0.2881 -0.5220
vn 0.8028 0.2881 0.5220
vn -0.7714 -0.3640 0.5220
vn -0.7714 -0.3640 -0.5220
vn 0.8272 0.2080 -0.5220
vn 0.8272 0.2080 0.5220
vn -0.8034 -0.2866 0.5220
vn -0.8034 -0.2866 -0.5220
vn 0.8436 0.1260 -0.5220
vn 0.8436 0.1260 0.5220
vn -0.8276 -0.2065 0.5220
vn -0.8276 -0.2065 -0.5220
vn 0.8519 0.0427 -0.5220
vn 0.8519 0.0427 0.5220
vn -0.8519 0.0427 0.5220
vn -0.8519 0.0427 -0.5220
vn 0.8276 -0.2065 -0.5220
vn 0.8276 -0.2065 0.5220
vn -0.3721 -0.8983 -0.2335
vn -0.2823 -0.9305 -0.2335
vn -0.2398 -0.7905 0.5635
vn -0.3161 -0.7632 0.5635
vn -0.8520 -0.0410 0.5220
vn -0.8520 -0.0410 -0.5220
vn 0.8439 -0.1244 -0.5220
vn 0.8439 -0.1244 0.5220
vn -0.0000 -0.1124 -0.9937
vn -0.0000 -0.9724 -0.2335
vn -0.0110 -0.1119 -0.9937
vn -0.0953 -0.9677 -0.2335
vn -0.0219 -0.1102 -0.9937
vn -0.1897 -0.9537 -0.2335
vn -0.0326 -0.1076 -0.9937
vn -0.0430 -0.1038 -0.9937
vn -0.0530 -0.0991 -0.9937
vn -0.4584 -0.8575 -0.2335
vn -0.0624 -0.0935 -0.9937
vn -0.5402 -0.8085 -0.2335
vn -0.0713 -0.0869 -0.9937
vn -0.6169 -0.7516 -0.2335
vn -0.0795 -0.0795 -0.9937
vn -0.6876 -0.6876 -0.2335
vn -0.0869 -0.0713 -0.9937
vn -0.7516 -0.6169 -0.2335
vn -0.0935 -0.0624 -0.9937
vn -0.8085 -0.5402 -0.2335
vn -0.0991 -0.0530 -0.9937
vn -0.8575 -0.4584 -0.2335
vn -0.1038 -0.0430 -0.9937
vn -0.8983 -0.3721 -0.2335
vn -0.1076 -0.0326 -0.9937
vn -0.9305 -0.2823 -0.2335
vn -0.1102 -0.0219 -0.9937
vn -0.9537 -0.1897 -0.2335
vn -0.1119 -0.0110 -0.9937
vn -0.9677 -0.0953 -0.2335
vn -0.1124 -0.0000 -0.9937
vn -0.9724 -0.0000 -0.2335
vn -0.1119 0.0110 -0.9937
vn -0.9677 0.0953 -0.2335
vn -0.1102 0.0219 -0.9937
vn -0.9537 0.1897 -0.2335
vn -0.1076 0.0326 -0.9937
vn -0.9305 0.2823 -0.2335
vn -0.1038 0.0430 -0.9937
vn -0.8983 0.3721 -0.2335
vn -0.0991 0.0530 -0.9937
vn -0.8575 0.4584 -0.2335
vn -0.0935 0.0624 -0.9937
vn -0.8085 0.5402 -0.2335
vn -0.0869 0.0713 -0.9937
vn -0.7516 0.6169 -0.2335
vn -0.0795 0.0795 -0.9937
vn -0.6876 0.6876 -0.2335
vn -0.0713 0.0869 -0.9937
vn -0.6169 0.7516 -0.2335
vn -0.0624 0.0935 -0.9937
vn -0.5402 0.8085 -0.2335
vn -0.0530 0.0991 -0.9937
vn -0.4584 0.8575 -0.2335
vn -0.0430 0.1038 -0.9937
vn -0.3721 0.8983 -0.2335
vn -0.0326 0.1076 -0.9937
vn -0.2823 0.9305 -0.2335
vn -0.0219 0.1102 -0.9937
vn -0.1897 0.9537 -0.2335
vn -0.0110 0.1119 -0.9937
vn -0.0953 0.9677 -0.2335
vn -0.0000 0.1124 -0.9937
vn -0.0000 0.9724 -0.2335
vn 0.0110 0.1119 -0.9937
vn 0.0953 0.9677 -0.2335
vn 0.0219 0.1102 -0.9937
vn 0.1897 0.9537 -0.2335
vn 0.0326 0.1076 -0.9937
vn 0.2823 0.9305 -0.2335
vn 0.0430 0.1038 -0.9937
vn 0.3721 0.8983 -0.2335
vn 0.0530 0.0991 -0.9937
vn 0.4584 0.8575 -0.2335
vn 0.0624 0.0935 -0.9937
vn 0.5402 0.8085 -0.2335
vn 0.0713 0.0869 -0.9937
vn 0.6169 0.7516 -0.2335
vn 0.0795 0.0795 -0.9937
vn 0.6876 0.6876 -0.2335
vn 0.0869 0.0713 -0.9937
vn 0.7516 0.6169 -0.2335
vn 0.0935 0.0624 -0.9937
vn 0.8085 0.5402 -0.2335
vn 0.0991 0.0530 -0.9937
vn 0.8575 0.4584 -0.2335
vn 0.1038 0.0430 -0.9937
vn 0.8983 0.3721 -0.2335
vn 0.1076 0.0326 -0.9937
vn 0.9305 0.2823 -0.2335
vn 0.1102 0.0219 -0.9937
vn 0.9537 0.1897 -0.2335
vn 0.1119 0.0110 -0.9937
vn 0.9677 0.0953 -0.2335
vn 0.1124 -0.0000 -0.9937
vn 0.9724 -0.0000 -0.2335
vn 0.1119 -0.0110 -0.9937
vn 0.9677 -0.0953 -0.2335
vn 0.1102 -0.0219 -0.9937
vn 0.9537 -0.1897 -0.2335
vn 0.1076 -0.0326 -0.9937
vn 0.9305 -0.2823 -0.2335
vn 0.1038 -0.0430 -0.9937
vn 0.8983 -0.3721 -0.2335
vn 0.0991 -0.0530 -0.9937
vn 0.8575 -0.4584 -0.2335
vn 0.0935 -0.0624 -0.9937
vn 0.8085 -0.5402 -0.2335
vn 0.0869 -0.0713 -0.9937
vn 0.7516 -0.6169 -0.2335
vn 0.0795 -0.0795 -0.9937
vn 0.6876 -0.6876 -0.2335
vn 0.0713 -0.0869 -0.9937
vn 0.6169 -0.7516 -0.2335
vn 0.0624 -0.0935 -0.9937
vn 0.5402 -0.8085 -0.2335
vn 0.0530 -0.0991 -0.9937
vn 0.4584 -0.8575 -0.2335
vn 0.0430 -0.1038 -0.9937
vn 0.3721 -0.8983 -0.2335
vn 0.0326 -0.1076 -0.9937
vn 0.2823 -0.9305 -0.2335
vn 0.0219 -0.1102 -0.9937
vn 0.1897 -0.9537 -0.2335
vn 0.0110 -0.1119 -0.9937
vn 0.0953 -0.9677 -0.2335
vn 0.0810 -0.8221 0.5635
vn -0.0000 -0.8261 0.5635
vn 0.4590 0.6869 0.5635
vn 0.5241 0.6386 0.5635
vn -0.5241 0.6386 0.5635
vn -0.4590 0.6869 0.5635
vn 0.3161 -0.7632 0.5635
vn 0.2398 -0.7905 0.5635
vn -0.7632 -0.3161 0.5635
vn -0.7905 -0.2398 0.5635
vn 0.8221 0.0810 0.5635
vn 0.8261 -0.0000 0.5635
vn 0.1612 0.8102 0.5635
vn 0.2398 0.7905 0.5635
vn -0.7286 0.3894 0.5635
vn -0.6869 0.4590 0.5635
vn 0.5841 -0.5841 0.5635
vn 0.5241 -0.6386 0.5635
vn -0.5841 -0.5841 0.5635
vn -0.6386 -0.5241 0.5635
vn 0.7286 0.3894 0.5635
vn 0.7632 0.3161 0.5635
vn -0.1612 0.8102 0.5635
vn -0.0810 0.8221 0.5635
vn -0.8221 0.0810 0.5635
vn -0.8102 0.1612 0.5635
vn 0.7632 -0.3161 0.5635
vn 0.7286 -0.3894 0.5635
vn -0.3894 -0.7286 0.5635
vn 0.5841 0.5841 0.5635
vn -0.3894 0.7286 0.5635
vn 0.1612 -0.8102 0.5635
vn -0.8102 -0.1612 0.5635
vn 0.8221 -0.0810 0.5635
vn 0.3161 0.7632 0.5635
vn -0.6386 0.5241 0.5635
vn 0.4590 -0.6869 0.5635
vn -0.6869 -0.4590 0.5635
vn 0.7905 0.2398 0.5635
vn -0.0000 0.8261 0.5635
vn -0.7905 0.2398 0.5635
vn 0.6869 -0.4590 0.5635
vn -0.4590 -0.6869 0.5635
vn -0.0243 -0.2469 0.9687
vn -0.0000 -0.2481 0.9687
vn 0.0243 -0.2469 0.9687
vn 0.0484 -0.2433 0.9687
vn 0.0720 -0.2374 0.9687
vn 0.0949 -0.2292 0.9687
vn 0.1169 -0.2188 0.9687
vn 0.1378 -0.2063 0.9687
vn 0.1574 -0.1917 0.9687
vn 0.1754 -0.1754 0.9687
vn 0.1917 -0.1574 0.9687
vn 0.2063 -0.1378 0.9687
vn 0.2188 -0.1169 0.9687
vn 0.2292 -0.0949 0.9687
vn 0.2374 -0.0720 0.9687
vn 0.2433 -0.0484 0.9687
vn 0.2469 -0.0243 0.9687
vn 0.2481 -0.0000 0.9687
vn 0.2469 0.0243 0.9687
vn 0.2433 0.0484 0.9687
vn 0.2374 0.0720 0.9687
vn 0.2292 0.0949 0.9687
vn 0.2188 0.1169 0.9687
vn 0.2063 0.1378 0.9687
vn 0.1917 0.1574 0.9687
vn 0.1754 0.1754 0.9687
vn 0.1574 0.1917 0.9687
vn 0.1378 0.2063 0.9687
vn 0.1169 0.2188 0.9687
vn 0.0949 0.2292 0.9687
vn 0.0720 0.2374 0.9687
vn 0.0484 0.2433 0.9687
vn 0.0243 0.2469 0.9687
vn -0.0000 0.2481 0.9687
vn -0.0243 0.2469 0.9687
vn -0.0484 0.2433 0.9687
vn -0.0720 0.2374 0.9687
vn -0.0949 0.2292 0.9687
vn -0.1169 0.2188 0.9687
vn -0.1378 0.2063 0.9687
vn -0.1574 0.1917 0.9687
vn -0.1754 0.1754 0.9687
vn -0.1917 0.1574 0.9687
vn -0.2063 0.1378 0.9687
vn -0.2188 0.1169 0.9687
vn -0.2292 0.0949 0.9687
vn -0.2374 0.0720 0.9687
vn -0.2433 0.0484 0.9687
vn -0.2469 0.0243 0.9687
vn -0.2481 -0.0000 0.9687
vn -0.2469 -0.0243 0.9687
vn -0.2433 -0.0484 0.9687
vn -0.2374 -0.0720 0.9687
vn -0.2292 -0.0949 0.9687
vn -0.2188 -0.1169 0.9687
vn -0.2063 -0.1378 0.9687
vn -0.1917 -0.1574 0.9687
vn -0.1754 -0.1754 0.9687
vn -0.1574 -0.1917 0.9687
vn -0.1378 -0.2063 0.9687
vn -0.1169 -0.2188 0.9687
vn -0.0949 -0.2292 0.9687
vn -0.0720 -0.2374 0.9687
vn -0.0484 -0.2433 0.9687
vn 0.6386 0.5241 0.5635
vn -0.3161 0.7632 0.5635
vn -0.8221 -0.0810 0.5635
vn 0.8102 -0.1612 0.5635
vn 0.3894 0.7286 0.5635
vn -0.5841 0.5841 0.5635
vn 0.3894 -0.7286 0.5635
vn -0.7286 -0.3894 0.5635
vn 0.8102 0.1612 0.5635
vn 0.0810 0.8221 0.5635
vn -0.7632 0.3161 0.5635
vn 0.6386 -0.5241 0.5635
vn -0.5241 -0.6386 0.5635
vn 0.6869 0.4590 0.5635
vn -0.2398 0.7905 0.5635
vn -0.8261 -0.0000 0.5635
vn 0.7905 -0.2398 0.5635
vn -0.1612 -0.8102 0.5635
vn -0.0810 -0.8221 0.5635
vt 0.750000 0.432690
vt 0.037974 0.559626
vt 0.726476 0.488844
vt 0.962026 0.559626
vt 0.773524 0.488844
vt 0.000000 0.559626
vt 0.250000 0.432690
vt 0.962025 0.940374
vt 0.273524 0.488844
vt 0.000000 0.940374
vt 0.037974 0.940374
vt 0.226476 0.488844
vt 0.767906 0.431810
vt 0.750000 0.490000
vt 1.022349 0.559626
vt 0.946401 0.559626
vt 0.796822 0.485388
vt 0.267907 0.431810
vt 0.946401 0.940374
vt 0.296822 0.485388
vt 0.250000 0.490000
vt 1.022349 0.940374
vt 0.785641 0.429179
vt 0.773524 0.488844
vt 1.006724 0.559626
vt 0.930776 0.559626
vt 0.819668 0.479666
vt 0.285641 0.429180
vt 0.930776 0.940374
vt 0.319668 0.479666
vt 0.273524 0.488844
vt 1.006724 0.940374
vt 0.803032 0.424823
vt 0.796822 0.485388
vt 0.991099 0.559626
vt 0.915151 0.559626
vt 0.841844 0.471731
vt 0.303032 0.424823
vt 0.915151 0.940374
vt 0.341844 0.471731
vt 0.296822 0.485388
vt 0.991099 0.940374
vt 0.819912 0.418783
vt 0.819668 0.479666
vt 0.975474 0.559626
vt 0.899526 0.559626
vt 0.863135 0.461661
vt 0.319912 0.418784
vt 0.899526 0.940374
vt 0.363135 0.461661
vt 0.319668 0.479666
vt 0.975474 0.940374
vt 0.836120 0.411118
vt 0.841844 0.471731
vt 0.959849 0.559626
vt 0.883901 0.559626
vt 0.883337 0.449553
vt 0.336119 0.411118
vt 0.883901 0.940374
vt 0.383337 0.449553
vt 0.341844 0.471731
vt 0.959849 0.940374
vt 0.851497 0.401901
vt 0.863135 0.461661
vt 0.944224 0.559626
vt 0.868276 0.559626
vt 0.902254 0.435522
vt 0.351497 0.401901
vt 0.868276 0.940374
vt 0.402254 0.435522
vt 0.363135 0.461661
vt 0.944224 0.940374
vt 0.865897 0.391221
vt 0.883337 0.449553
vt 0.928599 0.559626
vt 0.852651 0.559626
vt 0.919706 0.419706
vt 0.365897 0.391221
vt 0.852651 0.940374
vt 0.419706 0.419706
vt 0.383337 0.449553
vt 0.928599 0.940374
vt 0.879181 0.379181
vt 0.902254 0.435522
vt 0.912974 0.559626
vt 0.837026 0.559626
vt 0.935522 0.402254
vt 0.379181 0.379181
vt 0.837026 0.940374
vt 0.435522 0.402254
vt 0.402254 0.435522
vt 0.912974 0.940374
vt 0.891221 0.365897
vt 0.919706 0.419706
vt 0.897349 0.559626
vt 0.821401 0.559626
vt 0.949553 0.383337
vt 0.391221 0.365897
vt 0.821401 0.940374
vt 0.449553 0.383337
vt 0.419706 0.419706
vt 0.897350 0.940374
vt 0.901901 0.351497
vt 0.935522 0.402254
vt 0.881724 0.559626
vt 0.805776 0.559626
vt 0.961661 0.363135
vt 0.401901 0.351497
vt 0.805776 0.940374
vt 0.461661 0.363135
vt 0.435522 0.402254
vt 0.881724 0.940374
vt 0.911118 0.336120
vt 0.949553 0.383337
vt 0.866099 0.559626
vt 0.790151 0.559626
vt 0.971731 0.341844
vt 0.411118 0.336120
vt 0.790151 0.940374
vt 0.471731 0.341844
vt 0.449553 0.383337
vt 0.866099 0.940374
vt 0.918783 0.319912
vt 0.961661 0.363135
vt 0.850474 0.559626
vt 0.774526 0.559626
vt 0.979666 0.319668
vt 0.418784 0.319912
vt 0.774526 0.940374
vt 0.479666 0.319668
vt 0.461661 0.363135
vt 0.850474 0.940374
vt 0.924823 0.303032
vt 0.971731 0.341844
vt 0.834849 0.559626
vt 0.758901 0.559626
vt 0.985388 0.296822
vt 0.424823 0.303032
vt 0.758901 0.940374
vt 0.485388 0.296822
vt 0.471731 0.341844
vt 0.834849 0.940374
vt 0.929180 0.285641
vt 0.979666 0.319668
vt 0.819224 0.559626
vt 0.743276 0.559626
vt 0.988844 0.273524
vt 0.429180 0.285641
vt 0.743276 0.940374
vt 0.488844 0.273524
vt 0.479666 0.319668
vt 0.819224 0.940374
vt 0.931810 0.267907
vt 0.985388 0.296822
vt 0.803599 0.559626
vt 0.727651 0.559626
vt 0.990000 0.250000
vt 0.431810 0.267907
vt 0.727651 0.940374
vt 0.490000 0.250000
vt 0.485388 0.296822
vt 0.803599 0.940374
vt 0.932690 0.250000
vt 0.988844 0.273524
vt 0.787974 0.559626
vt 0.712026 0.559626
vt 0.988844 0.226476
vt 0.432690 0.250000
vt 0.712026 0.940374
vt 0.488844 0.226476
vt 0.488844 0.273524
vt 0.787975 0.940374
vt 0.931810 0.232093
vt 0.990000 0.250000
vt 0.772349 0.559626
vt 0.696401 0.559626
vt 0.985388 0.203178
vt 0.431810 0.232093
vt 0.696401 0.940374
vt 0.485388 0.203178
vt 0.490000 0.250000
vt 0.772349 0.940374
vt 0.929180 0.214359
vt 0.988844 0.226476
vt 0.756724 0.559626
vt 0.680776 0.559626
vt 0.979666 0.180332
vt 0.429180 0.214359
vt 0.680776 0.940374
vt 0.479666 0.180332
vt 0.488844 0.226476
vt 0.756724 0.940374
vt 0.924823 0.196968
vt 0.985388 0.203178
vt 0.741099 0.559626
vt 0.665151 0.559626
vt 0.971731 0.158156
vt 0.424823 0.196968
vt 0.665151 0.940374
vt 0.471731 0.158156
vt 0.485388 0.203178
vt 0.741099 0.940374
vt 0.918783 0.180088
vt 0.979666 0.180332
vt 0.725474 0.559626
vt 0.649526 0.559626
vt 0.961661 0.136865
vt 0.418784 0.180088
vt 0.649526 0.940374
vt 0.461661 0.136865
vt 0.479666 0.180332
vt 0.725474 0.940374
vt 0.911118 0.163880
vt 0.971731 0.158156
vt 0.709849 0.559626
vt 0.633901 0.559626
vt 0.949553 0.116663
vt 0.411118 0.163881
vt 0.633901 0.940374
vt 0.449553 0.116663
vt 0.471731 0.158156
vt 0.709849 0.940374
vt 0.901901 0.148503
vt 0.961661 0.136865
vt 0.694224 0.559626
vt 0.618276 0.559626
vt 0.935522 0.097746
vt 0.401901 0.148503
vt 0.618276 0.940374
vt 0.435522 0.097746
vt 0.461661 0.136865
vt 0.694224 0.940374
vt 0.891221 0.134103
vt 0.949553 0.116663
vt 0.678599 0.559626
vt 0.602651 0.559626
vt 0.919706 0.080294
vt 0.391221 0.134103
vt 0.602651 0.940374
vt 0.419706 0.080294
vt 0.449553 0.116663
vt 0.678599 0.940374
vt 0.879181 0.120819
vt 0.935522 0.097746
vt 0.662974 0.559626
vt 0.587026 0.559626
vt 0.902254 0.064478
vt 0.379181 0.120819
vt 0.587026 0.940374
vt 0.402254 0.064478
vt 0.435522 0.097746
vt 0.662974 0.940374
vt 0.865897 0.108779
vt 0.919706 0.080294
vt 0.647349 0.559626
vt 0.571401 0.559626
vt 0.883337 0.050447
vt 0.365897 0.108779
vt 0.571401 0.940374
vt 0.383337 0.050447
vt 0.419706 0.080294
vt 0.647349 0.940374
vt 0.851497 0.098099
vt 0.902254 0.064478
vt 0.631724 0.559626
vt 0.555776 0.559626
vt 0.863135 0.038339
vt 0.351497 0.098099
vt 0.555776 0.940374
vt 0.363135 0.038339
vt 0.402254 0.064478
vt 0.631724 0.940374
vt 0.836120 0.088882
vt 0.883337 0.050447
vt 0.616099 0.559626
vt 0.540151 0.559626
vt 0.841844 0.028269
vt 0.336120 0.088882
vt 0.540151 0.940374
vt 0.341844 0.028269
vt 0.383337 0.050447
vt 0.616099 0.940374
vt 0.819913 0.081217
vt 0.863135 0.038339
vt 0.600474 0.559626
vt 0.524526 0.559626
vt 0.819668 0.020334
vt 0.319912 0.081217
vt 0.524526 0.940374
vt 0.319668 0.020334
vt 0.363135 0.038339
vt 0.600474 0.940374
vt 0.803032 0.075177
vt 0.841844 0.028269
vt 0.584849 0.559626
vt 0.508901 0.559626
vt 0.796822 0.014612
vt 0.303032 0.075177
vt 0.508901 0.940374
vt 0.296822 0.014612
vt 0.341844 0.028269
vt 0.584849 0.940374
vt 0.785641 0.070820
vt 0.819668 0.020334
vt 0.569224 0.559626
vt 0.493276 0.559626
vt 0.773524 0.011156
vt 0.285641 0.070820
vt 0.493276 0.940374
vt 0.273524 0.011156
vt 0.319668 0.020334
vt 0.569224 0.940374
vt 0.767907 0.068190
vt 0.796822 0.014612
vt 0.553599 0.559626
vt 0.477651 0.559626
vt 0.750000 0.010000
vt 0.267907 0.068190
vt 0.477651 0.940374
vt 0.250000 0.010000
vt 0.296822 0.014612
vt 0.553599 0.940374
vt 0.750000 0.067310
vt 0.773524 0.011156
vt 0.537974 0.559626
vt 0.462026 0.559626
vt 0.726476 0.011156
vt 0.250000 0.067310
vt 0.462026 0.940374
vt 0.226476 0.011156
vt 0.273524 0.011156
vt 0.537974 0.940374
vt 0.732093 0.068190
vt 0.750000 0.010000
vt 0.522349 0.559626
vt 0.446401 0.559626
vt 0.703178 0.014612
vt 0.232093 0.068190
vt 0.446401 0.940374
vt 0.203178 0.014612
vt 0.250000 0.010000
vt 0.522349 0.940374
vt 0.714359 0.070820
vt 0.726476 0.011156
vt 0.506724 0.559626
vt 0.430776 0.559626
vt 0.680332 0.020334
vt 0.214359 0.070820
vt 0.430776 0.940374
vt 0.180332 0.020334
vt 0.226476 0.011156
vt 0.506724 0.940374
vt 0.696968 0.075177
vt 0.703178 0.014612
vt 0.491099 0.559626
vt 0.415151 0.559626
vt 0.658156 0.028269
vt 0.196968 0.075177
vt 0.415151 0.940374
vt 0.158156 0.028269
vt 0.203178 0.014612
vt 0.491099 0.940374
vt 0.680088 0.081217
vt 0.680332 0.020334
vt 0.475474 0.559626
vt 0.399526 0.559626
vt 0.636865 0.038339
vt 0.180088 0.081217
vt 0.399526 0.940374
vt 0.136865 0.038339
vt 0.180332 0.020334
vt 0.475474 0.940374
vt 0.663880 0.088882
vt 0.658156 0.028269
vt 0.459849 0.559626
vt 0.383901 0.559626
vt 0.616663 0.050447
vt 0.163880 0.088882
vt 0.383901 0.940374
vt 0.116663 0.050447
vt 0.158156 0.028269
vt 0.459849 0.940374
vt 0.648503 0.098099
vt 0.636865 0.038339
vt 0.444224 0.559626
vt 0.368276 0.559626
vt 0.597746 0.064478
vt 0.148503 0.098099
vt 0.368276 0.940374
vt 0.097746 0.064478
vt 0.136865 0.038339
vt 0.444224 0.940374
vt 0.634103 0.108779
vt 0.616663 0.050447
vt 0.428599 0.559626
vt 0.352651 0.559626
vt 0.580294 0.080294
vt 0.134103 0.108779
vt 0.352651 0.940374
vt 0.080294 0.080294
vt 0.116663 0.050447
vt 0.428599 0.940374
vt 0.620819 0.120819
vt 0.597746 0.064478
vt 0.412974 0.559626
vt 0.337026 0.559626
vt 0.564478 0.097746
vt 0.120819 0.120819
vt 0.337026 0.940374
vt 0.064478 0.097746
vt 0.097746 0.064478
vt 0.412974 0.940374
vt 0.608779 0.134103
vt 0.580294 0.080294
vt 0.397349 0.559626
vt 0.321401 0.559626
vt 0.550447 0.116663
vt 0.108779 0.134103
vt 0.321401 0.940374
vt 0.050447 0.116663
vt 0.080294 0.080294
vt 0.397349 0.940374
vt 0.598099 0.148503
vt 0.564478 0.097746
vt 0.381724 0.559626
vt 0.305776 0.559626
vt 0.538339 0.136865
vt 0.098099 0.148503
vt 0.305776 0.940374
vt 0.038339 0.136865
vt 0.064478 0.097746
vt 0.381724 0.940374
vt 0.588882 0.163881
vt 0.550447 0.116663
vt 0.366099 0.559626
vt 0.290151 0.559626
vt 0.528269 0.158156
vt 0.088882 0.163880
vt 0.290151 0.940374
vt 0.028269 0.158156
vt 0.050447 0.116663
vt 0.366099 0.940374
vt 0.581216 0.180088
vt 0.538339 0.136865
vt 0.350474 0.559626
vt 0.274526 0.559626
vt 0.520334 0.180332
vt 0.081217 0.180088
vt 0.274526 0.940374
vt 0.020334 0.180332
vt 0.038339 0.136865
vt 0.350474 0.940374
vt 0.575177 0.196968
vt 0.528269 0.158156
vt 0.334849 0.559626
vt 0.258901 0.559626
vt 0.514612 0.203178
vt 0.075177 0.196968
vt 0.258901 0.940374
vt 0.014612 0.203178
vt 0.028269 0.158156
vt 0.334849 0.940374
vt 0.570820 0.214359
vt 0.520334 0.180332
vt 0.319224 0.559626
vt 0.243276 0.559626
vt 0.511156 0.226476
vt 0.070820 0.214359
vt 0.243276 0.940374
vt 0.011156 0.226476
vt 0.020334 0.180332
vt 0.319224 0.940374
vt 0.568190 0.232093
vt 0.514612 0.203178
vt 0.303599 0.559626
vt 0.227651 0.559626
vt 0.510000 0.250000
vt 0.068190 0.232093
vt 0.227651 0.940374
vt 0.010000 0.250000
vt 0.014612 0.203178
vt 0.303599 0.940374
vt 0.567310 0.250000
vt 0.511156 0.226476
vt 0.287974 0.559626
vt 0.212026 0.559626
vt 0.511156 0.273524
vt 0.067310 0.250000
vt 0.212026 0.940374
vt 0.011156 0.273524
vt 0.011156 0.226476
vt 0.287974 0.940374
vt 0.568190 0.267907
vt 0.510000 0.250000
vt 0.272349 0.559626
vt 0.196401 0.559626
vt 0.514612 0.296822
vt 0.068190 0.267907
vt 0.196401 0.940374
vt 0.014612 0.296822
vt 0.010000 0.250000
vt 0.272349 0.940374
vt 0.570821 0.285641
vt 0.511156 0.273524
vt 0.256724 0.559626
vt 0.180776 0.559626
vt 0.520334 0.319668
vt 0.070820 0.285641
vt 0.180776 0.940374
vt 0.020334 0.319668
vt 0.011156 0.273524
vt 0.256724 0.940374
vt 0.575177 0.303032
vt 0.514612 0.296822
vt 0.241099 0.559626
vt 0.165151 0.559626
vt 0.528269 0.341844
vt 0.075177 0.303032
vt 0.165151 0.940374
vt 0.028269 0.341844
vt 0.014612 0.296822
vt 0.241099 0.940374
vt 0.581216 0.319912
vt 0.520334 0.319668
vt 0.225474 0.559626
vt 0.149526 0.559626
vt 0.538339 0.363135
vt 0.081217 0.319912
vt 0.149526 0.940374
vt 0.038339 0.363135
vt 0.020334 0.319668
vt 0.225474 0.940374
vt 0.588882 0.336120
vt 0.528269 0.341844
vt 0.209849 0.559626
vt 0.133901 0.559626
vt 0.550447 0.383337
vt 0.088882 0.336120
vt 0.133901 0.940374
vt 0.050447 0.383337
vt 0.028269 0.341844
vt 0.209849 0.940374
vt 0.598099 0.351497
vt 0.538339 0.363135
vt 0.194224 0.559626
vt 0.118276 0.559626
vt 0.564478 0.402254
vt 0.098099 0.351497
vt 0.118276 0.940374
vt 0.064478 0.402254
vt 0.038339 0.363135
vt 0.194224 0.940374
vt 0.608779 0.365897
vt 0.550447 0.383337
vt 0.178599 0.559626
vt 0.102651 0.559626
vt 0.580294 0.419706
vt 0.108779 0.365897
vt 0.102651 0.940374
vt 0.080294 0.419706
vt 0.050447 0.383337
vt 0.178599 0.940374
vt 0.620819 0.379181
vt 0.564478 0.402254
vt 0.162974 0.559626
vt 0.087026 0.559626
vt 0.597746 0.435522
vt 0.120819 0.379181
vt 0.087026 0.940374
vt 0.097746 0.435522
vt 0.064478 0.402254
vt 0.162974 0.940374
vt 0.634103 0.391221
vt 0.580294 0.419706
vt 0.147349 0.559626
vt 0.071401 0.559626
vt 0.616663 0.449553
vt 0.134103 0.391221
vt 0.071401 0.940374
vt 0.116663 0.449553
vt 0.080294 0.419706
vt 0.147349 0.940374
vt 0.648503 0.401901
vt 0.597746 0.435522
vt 0.131724 0.559626
vt 0.055776 0.559626
vt 0.636865 0.461661
vt 0.148503 0.401901
vt 0.055776 0.940374
vt 0.136865 0.461661
vt 0.097746 0.435522
vt 0.131724 0.940374
vt 0.663880 0.411118
vt 0.616663 0.449553
vt 0.116099 0.559626
vt 0.040151 0.559626
vt 0.658156 0.471731
vt 0.163880 0.411118
vt 0.040151 0.940374
vt 0.158156 0.471731
vt 0.116663 0.449553
vt 0.116099 0.940374
vt 0.680088 0.418783
vt 0.636865 0.461661
vt 0.100474 0.559626
vt 0.024526 0.559626
vt 0.680332 0.479666
vt 0.180088 0.418783
vt 0.024526 0.940374
vt 0.180332 0.479666
vt 0.136865 0.461661
vt 0.100474 0.940374
vt 0.696968 0.424823
vt 0.658156 0.471731
vt 0.084849 0.559626
vt 0.008901 0.559626
vt 0.703178 0.485388
vt 0.196968 0.424823
vt 0.008901 0.940374
vt 0.203178 0.485388
vt 0.158156 0.471731
vt 0.084849 0.940374
vt 0.714359 0.429180
vt 0.680332 0.479666
vt 0.069224 0.559626
vt -0.006724 0.559626
vt 0.726476 0.488844
vt 0.214359 0.429180
vt -0.006724 0.940374
vt 0.226476 0.488844
vt 0.180332 0.479666
vt 0.069224 0.940374
vt 0.732094 0.431810
vt 0.703178 0.485388
vt 0.053599 0.559626
vt -0.022349 0.559626
vt 0.750000 0.490000
vt 0.232093 0.431810
vt -0.022349 0.940374
vt 0.250000 0.490000
vt 0.203178 0.485388
vt 0.053599 0.940374
vt 0.250000 0.432690
vt 0.250000 0.393695
vt 0.264084 0.393003
vt 0.267907 0.431810
vt 0.278033 0.390934
vt 0.285641 0.429180
vt 0.291712 0.387507
vt 0.303032 0.424823
vt 0.304990 0.382757
vt 0.319912 0.418784
vt 0.317737 0.376727
vt 0.336119 0.411118
vt 0.329833 0.369478
vt 0.351497 0.401901
vt 0.341159 0.361077
vt 0.365897 0.391221
vt 0.351607 0.351607
vt 0.379181 0.379181
vt 0.361077 0.341159
vt 0.391221 0.365897
vt 0.369478 0.329833
vt 0.401901 0.351497
vt 0.376727 0.317737
vt 0.411118 0.336120
vt 0.382757 0.304990
vt 0.418784 0.319912
vt 0.387507 0.291712
vt 0.424823 0.303032
vt 0.390934 0.278033
vt 0.429180 0.285641
vt 0.393003 0.264084
vt 0.431810 0.267907
vt 0.393694 0.250000
vt 0.432690 0.250000
vt 0.393003 0.235916
vt 0.431810 0.232093
vt 0.390934 0.221967
vt 0.429180 0.214359
vt 0.387507 0.208288
vt 0.424823 0.196968
vt 0.382756 0.195010
vt 0.418784 0.180088
vt 0.376727 0.182263
vt 0.411118 0.163881
vt 0.369478 0.170167
vt 0.401901 0.148503
vt 0.361077 0.158841
vt 0.391221 0.134103
vt 0.351607 0.148393
vt 0.379181 0.120819
vt 0.341159 0.138923
vt 0.365897 0.108779
vt 0.329833 0.130522
vt 0.351497 0.098099
vt 0.317737 0.123273
vt 0.336120 0.088882
vt 0.304990 0.117244
vt 0.319912 0.081217
vt 0.291712 0.112493
vt 0.303032 0.075177
vt 0.278033 0.109067
vt 0.285641 0.070820
vt 0.264084 0.106997
vt 0.267907 0.068190
vt 0.250000 0.106305
vt 0.250000 0.067310
vt 0.235916 0.106997
vt 0.232093 0.068190
vt 0.221967 0.109067
vt 0.214359 0.070820
vt 0.208288 0.112493
vt 0.196968 0.075177
vt 0.195010 0.117244
vt 0.180088 0.081217
vt 0.182263 0.123273
vt 0.163880 0.088882
vt 0.170167 0.130522
vt 0.148503 0.098099
vt 0.158841 0.138923
vt 0.134103 0.108779
vt 0.148393 0.148393
vt 0.120819 0.120819
vt 0.138923 0.158841
vt 0.108779 0.134103
vt 0.130522 0.170168
vt 0.098099 0.148503
vt 0.123273 0.182263
vt 0.088882 0.163880
vt 0.117244 0.195010
vt 0.081217 0.180088
vt 0.112493 0.208288
vt 0.075177 0.196968
vt 0.109067 0.221967
vt 0.070820 0.214359
vt 0.106997 0.235916
vt 0.068190 0.232093
vt 0.106305 0.250000
vt 0.067310 0.250000
vt 0.106997 0.264085
vt 0.068190 0.267907
vt 0.109067 0.278033
vt 0.070820 0.285641
vt 0.112493 0.291713
vt 0.075177 0.303032
vt 0.117244 0.304990
vt 0.081217 0.319912
vt 0.123273 0.317737
vt 0.088882 0.336120
vt 0.130522 0.329833
vt 0.098099 0.351497
vt 0.138923 0.341159
vt 0.108779 0.365897
vt 0.148393 0.351607
vt 0.120819 0.379181
vt 0.158841 0.361077
vt 0.134103 0.391221
vt 0.170167 0.369478
vt 0.148503 0.401901
vt 0.182263 0.376727
vt 0.163880 0.411118
vt 0.195010 0.382756
vt 0.180088 0.418783
vt 0.208288 0.387507
vt 0.196968 0.424823
vt 0.221967 0.390934
vt 0.214359 0.429180
vt 0.235916 0.393003
vt 0.232093 0.431810
s 1
f 2957/4514/2573 2959/4517/2574 2582/3889/2575 2578/3880/2576
f 2591/3904/2577 2593/3907/2578 2600/3920/2579 2596/3913/2580
f 2597/3914/2581 2599/3917/2582 2606/3930/2583 2602/3923/2584
f 2603/3924/2585 2605/3927/2586 2612/3940/2587 2608/3933/2588
f 2609/3934/2589 2611/3937/2590 2618/3950/2591 2614/3943/2592
f 2615/3944/2593 2617/3947/2594 2624/3960/2595 2620/3953/2596
f 2621/3954/2597 2623/3957/2598 2630/3970/2599 2626/3963/2600
f 2627/3964/2601 2629/3967/2602 2636/3980/2603 2632/3973/2604
f 2633/3974/2605 2635/3977/2606 2642/3990/2607 2638/3983/2608
f 2639/3984/2609 2641/3987/2610 2648/4000/2611 2644/3993/2612
f 2645/3994/2613 2647/3997/2614 2654/4010/2615 2650/4003/2616
f 2651/4004/2617 2653/4007/2618 2660/4020/2619 2656/4013/2620
f 2657/4014/2621 2659/4017/2622 2666/4030/2623 2662/4023/2624
f 2663/4024/2625 2665/4027/2626 2672/4040/2627 2668/4033/2628
f 2669/4034/2629 2671/4037/2630 2678/4050/2631 2674/4043/2632
f 2675/4044/2633 2677/4047/2634 2684/4060/2635 2680/4053/2636
f 2681/4054/2637 2683/4057/2638 2690/4070/2639 2686/4063/2640
f 2687/4064/2641 2689/4067/2642 2696/4080/2643 2692/4073/2644
f 2693/4074/2645 2695/4077/2646 2702/4090/2647 2698/4083/2648
f 2699/4084/2649 2701/4087/2650 2708/4100/2651 2704/4093/2652
f 2705/4094/2653 2707/4097/2654 2714/4110/2655 2710/4103/2656
f 2711/4104/2657 2713/4107/2658 2720/4120/2659 2716/4113/2660
f 2717/4114/2661 2719/4117/2662 2726/4130/2663 2722/4123/2664
f 2723/4124/2665 2725/4127/2666 2732/4140/2667 2728/4133/2668
f 2729/4134/2669 2731/4137/2670 2738/4150/2671 2734/4143/2672
f 2735/4144/2673 2737/4147/2674 2744/4160/2675 2740/4153/2676
f 2741/4154/2677 2743/4157/2678 2750/4170/2679 2746/4163/2680
f 2747/4164/2681 2749/4167/2682 2756/4180/2683 2752/4173/2684
f 2753/4174/2685 2755/4177/2686 2762/4190/2687 2758/4183/2688
f 2759/4184/2689 2761/4187/2690 2768/4200/2691 2764/4193/2692
f 2765/4194/2693 2767/4197/2694 2774/4210/2695 2770/4203/2696
f 2771/4204/2697 2773/4207/2698 2780/4220/2699 2776/4213/2700
f 2777/4214/2701 2779/4217/2702 2786/4230/2703 2782/4223/2704
f 2783/4224/2705 2785/4227/2706 2792/4240/2707 2788/4233/2708
f 2789/4234/2709 2791/4237/2710 2798/4250/2711 2794/4243/2712
f 2795/4244/2713 2797/4247/2714 2804/4260/2715 2800/4253/2716
f 2801/4254/2717 2803/4257/2718 2810/4270/2719 2806/4263/2720
f 2807/4264/2721 2809/4267/2722 2816/4280/2723 2812/4273/2724
f 2813/4274/2725 2815/4277/2726 2822/4290/2727 2818/4283/2728
f 2819/4284/2729 2821/4287/2730 2828/4300/2731 2824/4293/2732
f 2825/4294/2733 2827/4297/2734 2834/4310/2735 2830/4303/2736
f 2831/4304/2737 2833/4307/2738 2840/4320/2739 2836/4313/2740
f 2837/4314/2741 2839/4317/2742 2846/4330/2743 2842/4323/2744
f 2843/4324/2745 2845/4327/2746 2852/4340/2747 2848/4333/2748
f 2849/4334/2749 2851/4337/2750 2858/4350/2751 2854/4343/2752
f 2855/4344/2753 2857/4347/2754 2864/4360/2755 2860/4353/2756
f 2861/4354/2757 2863/4357/2758 2870/4370/2759 2866/4363/2760
f 2867/4364/2761 2869/4367/2762 2876/4380/2763 2872/4373/2764
f 2873/4374/2765 2875/4377/2766 2882/4390/2767 2878/4383/2768
f 2879/4384/2769 2881/4387/2770 2888/4400/2771 2884/4393/2772
f 2885/4394/2773 2887/4397/2774 2894/4410/2775 2890/4403/2776
f 2891/4404/2777 2893/4407/2778 2900/4420/2779 2896/4413/2780
f 2897/4414/2781 2899/4417/2782 2906/4430/2783 2902/4423/2784
f 2903/4424/2785 2905/4427/2786 2912/4440/2787 2908/4433/2788
f 2909/4434/2789 2911/4437/2790 2918/4450/2791 2914/4443/2792
f 2915/4444/2793 2917/4447/2794 2924/4460/2795 2920/4453/2796
f 2921/4454/2797 2923/4457/2798 2930/4470/2799 2926/4463/2800
f 2927/4464/2801 2929/4467/2802 2936/4480/2803 2932/4473/2804
f 2933/4474/2805 2935/4477/2806 2942/4490/2807 2938/4483/2808
f 2939/4484/2809 2941/4487/2810 2948/4500/2811 2944/4493/2812
f 2945/4494/2813 2947/4497/2814 2954/4510/2815 2950/4503/2816
f 2951/4504/2817 2953/4507/2818 2960/4520/2819 2956/4513/2820
f 2585/3894/2821 2587/3897/2822 2594/3910/2823 2590/3903/2824
f 2604/3926/2825 2598/3916/2826 2968/4528/2827 2970/4530/2828
f 2579/3882/2829 2581/3886/2830 2588/3900/2831 2584/3893/2832
f 2577/3879/2833 2578/3881/2576 2579/3883/2829
f 2580/3885/2834 2581/3887/2830 2582/3890/2575
f 2583/3891/2835 2584/3892/2832 2585/3895/2821
f 2586/3896/2836 2587/3898/2822 2588/3899/2831
f 2589/3901/2837 2590/3902/2824 2591/3905/2577
f 2592/3906/2838 2593/3908/2578 2594/3909/2823
f 2595/3911/2839 2596/3912/2580 2597/3915/2581
f 2598/3916/2826 2599/3918/2582 2600/3919/2579
f 2601/3921/2840 2602/3922/2584 2603/3925/2585
f 2604/3926/2825 2605/3928/2586 2606/3929/2583
f 2607/3931/2841 2608/3932/2588 2609/3935/2589
f 2610/3936/2842 2611/3938/2590 2612/3939/2587
f 2613/3941/2843 2614/3942/2592 2615/3945/2593
f 2616/3946/2844 2617/3948/2594 2618/3949/2591
f 2619/3951/2845 2620/3952/2596 2621/3955/2597
f 2622/3956/2846 2623/3958/2598 2624/3959/2595
f 2625/3961/2847 2626/3962/2600 2627/3965/2601
f 2628/3966/2848 2629/3968/2602 2630/3969/2599
f 2631/3971/2849 2632/3972/2604 2633/3975/2605
f 2634/3976/2850 2635/3978/2606 2636/3979/2603
f 2637/3981/2851 2638/3982/2608 2639/3985/2609
f 2640/3986/2852 2641/3988/2610 2642/3989/2607
f 2643/3991/2853 2644/3992/2612 2645/3995/2613
f 2646/3996/2854 2647/3998/2614 2648/3999/2611
f 2649/4001/2855 2650/4002/2616 2651/4005/2617
f 2652/4006/2856 2653/4008/2618 2654/4009/2615
f 2655/4011/2857 2656/4012/2620 2657/4015/2621
f 2658/4016/2858 2659/4018/2622 2660/4019/2619
f 2661/4021/2859 2662/4022/2624 2663/4025/2625
f 2664/4026/2860 2665/4028/2626 2666/4029/2623
f 2667/4031/2861 2668/4032/2628 2669/4035/2629
f 2670/4036/2862 2671/4038/2630 2672/4039/2627
f 2673/4041/2863 2674/4042/2632 2675/4045/2633
f 2676/4046/2864 2677/4048/2634 2678/4049/2631
f 2679/4051/2865 2680/4052/2636 2681/4055/2637
f 2682/4056/2866 2683/4058/2638 2684/4059/2635
f 2685/4061/2867 2686/4062/2640 2687/4065/2641
f 2688/4066/2868 2689/4068/2642 2690/4069/2639
f 2691/4071/2869 2692/4072/2644 2693/4075/2645
f 2694/4076/2870 2695/4078/2646 2696/4079/2643
f 2697/4081/2871 2698/4082/2648 2699/4085/2649
f 2700/4086/2872 2701/4088/2650 2702/4089/2647
f 2703/4091/2873 2704/4092/2652 2705/4095/2653
f 2706/4096/2874 2707/4098/2654 2708/4099/2651
f 2709/4101/2875 2710/4102/2656 2711/4105/2657
f 2712/4106/2876 2713/4108/2658 2714/4109/2655
f 2715/4111/2877 2716/4112/2660 2717/4115/2661
f 2718/4116/2878 2719/4118/2662 2720/4119/2659
f 2721/4121/2879 2722/4122/2664 2723/4125/2665
f 2724/4126/2880 2725/4128/2666 2726/4129/2663
f 2727/4131/2881 2728/4132/2668 2729/4135/2669
f 2730/4136/2882 2731/4138/2670 2732/4139/2667
f 2733/4141/2883 2734/4142/2672 2735/4145/2673
f 2736/4146/2884 2737/4148/2674 2738/4149/2671
f 2739/4151/2885 2740/4152/2676 2741/4155/2677
f 2742/4156/2886 2743/4158/2678 2744/4159/2675
f 2745/4161/2887 2746/4162/2680 2747/4165/2681
f 2748/4166/2888 2749/4168/2682 2750/4169/2679
f 2751/4171/2889 2752/4172/2684 2753/4175/2685
f 2754/4176/2890 2755/4178/2686 2756/4179/2683
f 2757/4181/2891 2758/4182/2688 2759/4185/2689
f 2760/4186/2892 2761/4188/2690 2762/4189/2687
f 2763/4191/2893 2764/4192/2692 2765/4195/2693
f 2766/4196/2894 2767/4198/2694 2768/4199/2691
f 2769/4201/2895 2770/4202/2696 2771/4205/2697
f 2772/4206/2896 2773/4208/2698 2774/4209/2695
f 2775/4211/2897 2776/4212/2700 2777/4215/2701
f 2778/4216/2898 2779/4218/2702 2780/4219/2699
f 2781/4221/2899 2782/4222/2704 2783/4225/2705
f 2784/4226/2900 2785/4228/2706 2786/4229/2703
f 2787/4231/2901 2788/4232/2708 2789/4235/2709
f 2790/4236/2902 2791/4238/2710 2792/4239/2707
f 2793/4241/2903 2794/4242/2712 2795/4245/2713
f 2796/4246/2904 2797/4248/2714 2798/4249/2711
f 2799/4251/2905 2800/4252/2716 2801/4255/2717
f 2802/4256/2906 2803/4258/2718 2804/4259/2715
f 2805/4261/2907 2806/4262/2720 2807/4265/2721
f 2808/4266/2908 2809/4268/2722 2810/4269/2719
f 2811/4271/2909 2812/4272/2724 2813/4275/2725
f 2814/4276/2910 2815/4278/2726 2816/4279/2723
f 2817/4281/2911 2818/4282/2728 2819/4285/2729
f 2820/4286/2912 2821/4288/2730 2822/4289/2727
f 2823/4291/2913 2824/4292/2732 2825/4295/2733
f 2826/4296/2914 2827/4298/2734 2828/4299/2731
f 2829/4301/2915 2830/4302/2736 2831/4305/2737
f 2832/4306/2916 2833/4308/2738 2834/4309/2735
f 2835/4311/2917 2836/4312/2740 2837/4315/2741
f 2838/4316/2918 2839/4318/2742 2840/4319/2739
f 2841/4321/2919 2842/4322/2744 2843/4325/2745
f 2844/4326/2920 2845/4328/2746 2846/4329/2743
f 2847/4331/2921 2848/4332/2748 2849/4335/2749
f 2850/4336/2922 2851/4338/2750 2852/4339/2747
f 2853/4341/2923 2854/4342/2752 2855/4345/2753
f 2856/4346/2924 2857/4348/2754 2858/4349/2751
f 2859/4351/2925 2860/4352/2756 2861/4355/2757
f 2862/4356/2926 2863/4358/2758 2864/4359/2755
f 2865/4361/2927 2866/4362/2760 2867/4365/2761
f 2868/4366/2928 2869/4368/2762 2870/4369/2759
f 2871/4371/2929 2872/4372/2764 2873/4375/2765
f 2874/4376/2930 2875/4378/2766 2876/4379/2763
f 2877/4381/2931 2878/4382/2768 2879/4385/2769
f 2880/4386/2932 2881/4388/2770 2882/4389/2767
f 2883/4391/2933 2884/4392/2772 2885/4395/2773
f 2886/4396/2934 2887/4398/2774 2888/4399/2771
f 2889/4401/2935 2890/4402/2776 2891/4405/2777
f 2892/4406/2936 2893/4408/2778 2894/4409/2775
f 2895/4411/2937 2896/4412/2780 2897/4415/2781
f 2898/4416/2938 2899/4418/2782 2900/4419/2779
f 2901/4421/2939 2902/4422/2784 2903/4425/2785
f 2904/4426/2940 2905/4428/2786 2906/4429/2783
f 2907/4431/2941 2908/4432/2788 2909/4435/2789
f 2910/4436/2942 2911/4438/2790 2912/4439/2787
f 2913/4441/2943 2914/4442/2792 2915/4445/2793
f 2916/4446/2944 2917/4448/2794 2918/4449/2791
f 2919/4451/2945 2920/4452/2796 2921/4455/2797
f 2922/4456/2946 2923/4458/2798 2924/4459/2795
f 2925/4461/2947 2926/4462/2800 2927/4465/2801
f 2928/4466/2948 2929/4468/2802 2930/4469/2799
f 2931/4471/2949 2932/4472/2804 2933/4475/2805
f 2934/4476/2950 2935/4478/2806 2936/4479/2803
f 2937/4481/2951 2938/4482/2808 2939/4485/2809
f 2940/4486/2952 2941/4488/2810 2942/4489/2807
f 2943/4491/2953 2944/4492/2812 2945/4495/2813
f 2946/4496/2954 2947/4498/2814 2948/4499/2811
f 2949/4501/2955 2950/4502/2816 2951/4505/2817
f 2952/4506/2956 2953/4508/2818 2954/4509/2815
f 2955/4511/2957 2956/4512/2820 2957/4515/2573
f 2958/4516/2958 2959/4518/2574 2960/4519/2819
f 2579/3883/2829 2584/3892/2832 2583/3891/2835 2577/3879/2833
f 2588/3899/2831 2581/3887/2830 2580/3885/2834 2586/3896/2836
f 2578/3880/2576 2582/3889/2575 2581/3888/2830 2579/3884/2829
f 2587/3897/2822 2585/3894/2821 2584/3893/2832 2588/3900/2831
f 2585/3895/2821 2590/3902/2824 2589/3901/2837 2583/3891/2835
f 2594/3909/2823 2587/3898/2822 2586/3896/2836 2592/3906/2838
f 2593/3907/2578 2591/3904/2577 2590/3903/2824 2594/3910/2823
f 2591/3905/2577 2596/3912/2580 2595/3911/2839 2589/3901/2837
f 2600/3919/2579 2593/3908/2578 2592/3906/2838 2598/3916/2826
f 2599/3917/2582 2597/3914/2581 2596/3913/2580 2600/3920/2579
f 2597/3915/2581 2602/3922/2584 2601/3921/2840 2595/3911/2839
f 2606/3929/2583 2599/3918/2582 2598/3916/2826 2604/3926/2825
f 2605/3927/2586 2603/3924/2585 2602/3923/2584 2606/3930/2583
f 2603/3925/2585 2608/3932/2588 2607/3931/2841 2601/3921/2840
f 2612/3939/2587 2605/3928/2586 2604/3926/2825 2610/3936/2842
f 2611/3937/2590 2609/3934/2589 2608/3933/2588 2612/3940/2587
f 2609/3935/2589 2614/3942/2592 2613/3941/2843 2607/3931/2841
f 2618/3949/2591 2611/3938/2590 2610/3936/2842 2616/3946/2844
f 2617/3947/2594 2615/3944/2593 2614/3943/2592 2618/3950/2591
f 2615/3945/2593 2620/3952/2596 2619/3951/2845 2613/3941/2843
f 2624/3959/2595 2617/3948/2594 2616/3946/2844 2622/3956/2846
f 2623/3957/2598 2621/3954/2597 2620/3953/2596 2624/3960/2595
f 2621/3955/2597 2626/3962/2600 2625/3961/2847 2619/3951/2845
f 2630/3969/2599 2623/3958/2598 2622/3956/2846 2628/3966/2848
f 2629/3967/2602 2627/3964/2601 2626/3963/2600 2630/3970/2599
f 2627/3965/2601 2632/3972/2604 2631/3971/2849 2625/3961/2847
f 2636/3979/2603 2629/3968/2602 2628/3966/2848 2634/3976/2850
f 2635/3977/2606 2633/3974/2605 2632/3973/2604 2636/3980/2603
f 2633/3975/2605 2638/3982/2608 2637/3981/2851 2631/3971/2849
f 2642/3989/2607 2635/3978/2606 2634/3976/2850 2640/3986/2852
f 2641/3987/2610 2639/3984/2609 2638/3983/2608 2642/3990/2607
f 2639/3985/2609 2644/3992/2612 2643/3991/2853 2637/3981/2851
f 2648/3999/2611 2641/3988/2610 2640/3986/2852 2646/3996/2854
f 2647/3997/2614 2645/3994/2613 2644/3993/2612 2648/4000/2611
f 2645/3995/2613 2650/4002/2616 2649/4001/2855 2643/3991/2853
f 2654/4009/2615 2647/3998/2614 2646/3996/2854 2652/4006/2856
f 2653/4007/2618 2651/4004/2617 2650/4003/2616 2654/4010/2615
f 2651/4005/2617 2656/4012/2620 2655/4011/2857 2649/4001/2855
f 2660/4019/2619 2653/4008/2618 2652/4006/2856 2658/4016/2858
f 2659/4017/2622 2657/4014/2621 2656/4013/2620 2660/4020/2619
f 2657/4015/2621 2662/4022/2624 2661/4021/2859 2655/4011/2857
f 2666/4029/2623 2659/4018/2622 2658/4016/2858 2664/4026/2860
f 2665/4027/2626 2663/4024/2625 2662/4023/2624 2666/4030/2623
f 2663/4025/2625 2668/4032/2628 2667/4031/2861 2661/4021/2859
f 2672/4039/2627 2665/4028/2626 2664/4026/2860 2670/4036/2862
f 2671/4037/2630 2669/4034/2629 2668/4033/2628 2672/4040/2627
f 2669/4035/2629 2674/4042/2632 2673/4041/2863 2667/4031/2861
f 2678/4049/2631 2671/4038/2630 2670/4036/2862 2676/4046/2864
f 2677/4047/2634 2675/4044/2633 2674/4043/2632 2678/4050/2631
f 2675/4045/2633 2680/4052/2636 2679/4051/2865 2673/4041/2863
f 2684/4059/2635 2677/4048/2634 2676/4046/2864 2682/4056/2866
f 2683/4057/2638 2681/4054/2637 2680/4053/2636 2684/4060/2635
f 2681/4055/2637 2686/4062/2640 2685/4061/2867 2679/4051/2865
f 2690/4069/2639 2683/4058/2638 2682/4056/2866 2688/4066/2868
f 2689/4067/2642 2687/4064/2641 2686/4063/2640 2690/4070/2639
f 2687/4065/2641 2692/4072/2644 2691/4071/2869 2685/4061/2867
f 2696/4079/2643 2689/4068/2642 2688/4066/2868 2694/4076/2870
f 2695/4077/2646 2693/4074/2645 2692/4073/2644 2696/4080/2643
f 2693/4075/2645 2698/4082/2648 2697/4081/2871 2691/4071/2869
f 2702/4089/2647 2695/4078/2646 2694/4076/2870 2700/4086/2872
f 2701/4087/2650 2699/4084/2649 2698/4083/2648 2702/4090/2647
f 2699/4085/2649 2704/4092/2652 2703/4091/2873 2697/4081/2871
f 2708/4099/2651 2701/4088/2650 2700/4086/2872 2706/4096/2874
f 2707/4097/2654 2705/4094/2653 2704/4093/2652 2708/4100/2651
f 2705/4095/2653 2710/4102/2656 2709/4101/2875 2703/4091/2873
f 2714/4109/2655 2707/4098/2654 2706/4096/2874 2712/4106/2876
f 2713/4107/2658 2711/4104/2657 2710/4103/2656 2714/4110/2655
f 2711/4105/2657 2716/4112/2660 2715/4111/2877 2709/4101/2875
f 2720/4119/2659 2713/4108/2658 2712/4106/2876 2718/4116/2878
f 2719/4117/2662 2717/4114/2661 2716/4113/2660 2720/4120/2659
f 2717/4115/2661 2722/4122/2664 2721/4121/2879 2715/4111/2877
f 2726/4129/2663 2719/4118/2662 2718/4116/2878 2724/4126/2880
f 2725/4127/2666 2723/4124/2665 2722/4123/2664 2726/4130/2663
f 2723/4125/2665 2728/4132/2668 2727/4131/2881 2721/4121/2879
f 2732/4139/2667 2725/4128/2666 2724/4126/2880 2730/4136/2882
f 2731/4137/2670 2729/4134/2669 2728/4133/2668 2732/4140/2667
f 2729/4135/2669 2734/4142/2672 2733/4141/2883 2727/4131/2881
f 2738/4149/2671 2731/4138/2670 2730/4136/2882 2736/4146/2884
f 2737/4147/2674 2735/4144/2673 2734/4143/2672 2738/4150/2671
f 2735/4145/2673 2740/4152/2676 2739/4151/2885 2733/4141/2883
f 2744/4159/2675 2737/4148/2674 2736/4146/2884 2742/4156/2886
f 2743/4157/2678 2741/4154/2677 2740/4153/2676 2744/4160/2675
f 2741/4155/2677 2746/4162/2680 2745/4161/2887 2739/4151/2885
f 2750/4169/2679 2743/4158/2678 2742/4156/2886 2748/4166/2888
f 2749/4167/2682 2747/4164/2681 2746/4163/2680 2750/4170/2679
f 2747/4165/2681 2752/4172/2684 2751/4171/2889 2745/4161/2887
f 2756/4179/2683 2749/4168/2682 2748/4166/2888 2754/4176/2890
f 2755/4177/2686 2753/4174/2685 2752/4173/2684 2756/4180/2683
f 2753/4175/2685 2758/4182/2688 2757/4181/2891 2751/4171/2889
f 2762/4189/2687 2755/4178/2686 2754/4176/2890 2760/4186/2892
f 2761/4187/2690 2759/4184/2689 2758/4183/2688 2762/4190/2687
f 2759/4185/2689 2764/4192/2692 2763/4191/2893 2757/4181/2891
f 2768/4199/2691 2761/4188/2690 2760/4186/2892 2766/4196/2894
f 2767/4197/2694 2765/4194/2693 2764/4193/2692 2768/4200/2691
f 2765/4195/2693 2770/4202/2696 2769/4201/2895 2763/4191/2893
f 2774/4209/2695 2767/4198/2694 2766/4196/2894 2772/4206/2896
f 2773/4207/2698 2771/4204/2697 2770/4203/2696 2774/4210/2695
f 2771/4205/2697 2776/4212/2700 2775/4211/2897 2769/4201/2895
f 2780/4219/2699 2773/4208/2698 2772/4206/2896 2778/4216/2898
f 2779/4217/2702 2777/4214/2701 2776/4213/2700 2780/4220/2699
f 2777/4215/2701 2782/4222/2704 2781/4221/2899 2775/4211/2897
f 2786/4229/2703 2779/4218/2702 2778/4216/2898 2784/4226/2900
f 2785/4227/2706 2783/4224/2705 2782/4223/2704 2786/4230/2703
f 2783/4225/2705 2788/4232/2708 2787/4231/2901 2781/4221/2899
f 2792/4239/2707 2785/4228/2706 2784/4226/2900 2790/4236/2902
f 2791/4237/2710 2789/4234/2709 2788/4233/2708 2792/4240/2707
f 2789/4235/2709 2794/4242/2712 2793/4241/2903 2787/4231/2901
f 2798/4249/2711 2791/4238/2710 2790/4236/2902 2796/4246/2904
f 2797/4247/2714 2795/4244/2713 2794/4243/2712 2798/4250/2711
f 2795/4245/2713 2800/4252/2716 2799/4251/2905 2793/4241/2903
f 2804/4259/2715 2797/4248/2714 2796/4246/2904 2802/4256/2906
f 2803/4257/2718 2801/4254/2717 2800/4253/2716 2804/4260/2715
f 2801/4255/2717 2806/4262/2720 2805/4261/2907 2799/4251/2905
f 2810/4269/2719 2803/4258/2718 2802/4256/2906 2808/4266/2908
f 2809/4267/2722 2807/4264/2721 2806/4263/2720 2810/4270/2719
f 2807/4265/2721 2812/4272/2724 2811/4271/2909 2805/4261/2907
f 2816/4279/2723 2809/4268/2722 2808/4266/2908 2814/4276/2910
f 2815/4277/2726 2813/4274/2725 2812/4273/2724 2816/4280/2723
f 2813/4275/2725 2818/4282/2728 2817/4281/2911 2811/4271/2909
f 2822/4289/2727 2815/4278/2726 2814/4276/2910 2820/4286/2912
f 2821/4287/2730 2819/4284/2729 2818/4283/2728 2822/4290/2727
f 2819/4285/2729 2824/4292/2732 2823/4291/2913 2817/4281/2911
f 2828/4299/2731 2821/4288/2730 2820/4286/2912 2826/4296/2914
f 2827/4297/2734 2825/4294/2733 2824/4293/2732 2828/4300/2731
f 2825/4295/2733 2830/4302/2736 2829/4301/2915 2823/4291/2913
f 2834/4309/2735 2827/4298/2734 2826/4296/2914 2832/4306/2916
f 2833/4307/2738 2831/4304/2737 2830/4303/2736 2834/4310/2735
f 2831/4305/2737 2836/4312/2740 2835/4311/2917 2829/4301/2915
f 2840/4319/2739 2833/4308/2738 2832/4306/2916 2838/4316/2918
f 2839/4317/2742 2837/4314/2741 2836/4313/2740 2840/4320/2739
f 2837/4315/2741 2842/4322/2744 2841/4321/2919 2835/4311/2917
f 2846/4329/2743 2839/4318/2742 2838/4316/2918 2844/4326/2920
f 2845/4327/2746 2843/4324/2745 2842/4323/2744 2846/4330/2743
f 2843/4325/2745 2848/4332/2748 2847/4331/2921 2841/4321/2919
f 2852/4339/2747 2845/4328/2746 2844/4326/2920 2850/4336/2922
f 2851/4337/2750 2849/4334/2749 2848/4333/2748 2852/4340/2747
f 2849/4335/2749 2854/4342/2752 2853/4341/2923 2847/4331/2921
f 2858/4349/2751 2851/4338/2750 2850/4336/2922 2856/4346/2924
f 2857/4347/2754 2855/4344/2753 2854/4343/2752 2858/4350/2751
f 2855/4345/2753 2860/4352/2756 2859/4351/2925 2853/4341/2923
f 2864/4359/2755 2857/4348/2754 2856/4346/2924 2862/4356/2926
f 2863/4357/2758 2861/4354/2757 2860/4353/2756 2864/4360/2755
f 2861/4355/2757 2866/4362/2760 2865/4361/2927 2859/4351/2925
f 2870/4369/2759 2863/4358/2758 2862/4356/2926 2868/4366/2928
f 2869/4367/2762 2867/4364/2761 2866/4363/2760 2870/4370/2759
f 2867/4365/2761 2872/4372/2764 2871/4371/2929 2865/4361/2927
f 2876/4379/2763 2869/4368/2762 2868/4366/2928 2874/4376/2930
f 2875/4377/2766 2873/4374/2765 2872/4373/2764 2876/4380/2763
f 2873/4375/2765 2878/4382/2768 2877/4381/2931 2871/4371/2929
f 2882/4389/2767 2875/4378/2766 2874/4376/2930 2880/4386/2932
f 2881/4387/2770 2879/4384/2769 2878/4383/2768 2882/4390/2767
f 2879/4385/2769 2884/4392/2772 2883/4391/2933 2877/4381/2931
f 2888/4399/2771 2881/4388/2770 2880/4386/2932 2886/4396/2934
f 2887/4397/2774 2885/4394/2773 2884/4393/2772 2888/4400/2771
f 2885/4395/2773 2890/4402/2776 2889/4401/2935 2883/4391/2933
f 2894/4409/2775 2887/4398/2774 2886/4396/2934 2892/4406/2936
f 2893/4407/2778 2891/4404/2777 2890/4403/2776 2894/4410/2775
f 2891/4405/2777 2896/4412/2780 2895/4411/2937 2889/4401/2935
f 2900/4419/2779 2893/4408/2778 2892/4406/2936 2898/4416/2938
f 2899/4417/2782 2897/4414/2781 2896/4413/2780 2900/4420/2779
f 2897/4415/2781 2902/4422/2784 2901/4421/2939 2895/4411/2937
f 2906/4429/2783 2899/4418/2782 2898/4416/2938 2904/4426/2940
f 2905/4427/2786 2903/4424/2785 2902/4423/2784 2906/4430/2783
f 2903/4425/2785 2908/4432/2788 2907/4431/2941 2901/4421/2939
f 2912/4439/2787 2905/4428/2786 2904/4426/2940 2910/4436/2942
f 2911/4437/2790 2909/4434/2789 2908/4433/2788 2912/4440/2787
f 2909/4435/2789 2914/4442/2792 2913/4441/2943 2907/4431/2941
f 2918/4449/2791 2911/4438/2790 2910/4436/2942 2916/4446/2944
f 2917/4447/2794 2915/4444/2793 2914/4443/2792 2918/4450/2791
f 2915/4445/2793 2920/4452/2796 2919/4451/2945 2913/4441/2943
f 2924/4459/2795 2917/4448/2794 2916/4446/2944 2922/4456/2946
f 2923/4457/2798 2921/4454/2797 2920/4453/2796 2924/4460/2795
f 2921/4455/2797 2926/4462/2800 2925/4461/2947 2919/4451/2945
f 2930/4469/2799 2923/4458/2798 2922/4456/2946 2928/4466/2948
f 2929/4467/2802 2927/4464/2801 2926/4463/2800 2930/4470/2799
f 2927/4465/2801 2932/4472/2804 2931/4471/2949 2925/4461/2947
f 2936/4479/2803 2929/4468/2802 2928/4466/2948 2934/4476/2950
f 2935/4477/2806 2933/4474/2805 2932/4473/2804 2936/4480/2803
f 2933/4475/2805 2938/4482/2808 2937/4481/2951 2931/4471/2949
f 2942/4489/2807 2935/4478/2806 2934/4476/2950 2940/4486/2952
f 2941/4487/2810 2939/4484/2809 2938/4483/2808 2942/4490/2807
f 2939/4485/2809 2944/4492/2812 2943/4491/2953 2937/4481/2951
f 2948/4499/2811 2941/4488/2810 2940/4486/2952 2946/4496/2954
f 2947/4497/2814 2945/4494/2813 2944/4493/2812 2948/4500/2811
f 2945/4495/2813 2950/4502/2816 2949/4501/2955 2943/4491/2953
f 2954/4509/2815 2947/4498/2814 2946/4496/2954 2952/4506/2956
f 2953/4507/2818 2951/4504/2817 2950/4503/2816 2954/4510/2815
f 2951/4505/2817 2956/4512/2820 2955/4511/2957 2949/4501/2955
f 2960/4519/2819 2953/4508/2818 2952/4506/2956 2958/4516/2958
f 2959/4517/2574 2957/4514/2573 2956/4513/2820 2960/4520/2819
f 2957/4515/2573 2578/3881/2576 2577/3879/2833 2955/4511/2957
f 2582/3890/2575 2959/4518/2574 2958/4516/2958 2580/3885/2834
f 2577/3879/2833 2583/3891/2835 2589/3901/2837 2595/3911/2839 2601/3921/2840 2607/3931/2841 2613/3941/2843 2619/3951/2845 2625/3961/2847 2631/3971/2849 2637/3981/2851 2643/3991/2853 2649/4001/2855 2655/4011/2857 2661/4021/2859 2667/4031/2861 2673/4041/2863 2679/4051/2865 2685/4061/2867 2691/4071/2869 2697/4081/2871 2703/4091/2873 2709/4101/2875 2715/4111/2877 2721/4121/2879 2727/4131/2881 2733/4141/2883 2739/4151/2885 2745/4161/2887 2751/4171/2889 2757/4181/2891 2763/4191/2893 2769/4201/2895 2775/4211/2897 2781/4221/2899 2787/4231/2901 2793/4241/2903 2799/4251/2905 2805/4261/2907 2811/4271/2909 2817/4281/2911 2823/4291/2913 2829/4301/2915 2835/4311/2917 2841/4321/2919 2847/4331/2921 2853/4341/2923 2859/4351/2925 2865/4361/2927 2871/4371/2929 2877/4381/2931 2883/4391/2933 2889/4401/2935 2895/4411/2937 2901/4421/2939 2907/4431/2941 2913/4441/2943 2919/4451/2945 2925/4461/2947 2931/4471/2949 2937/4481/2951 2943/4491/2953 2949/4501/2955 2955/4511/2957
f 2580/3885/2834 2958/4516/2958 3088/4648/2959 2961/4521/2960
f 2814/4276/2910 2808/4266/2908 3038/4598/2961 3040/4600/2962
f 2736/4146/2884 2730/4136/2882 3012/4572/2963 3014/4574/2964
f 2946/4496/2954 2940/4486/2952 3082/4642/2965 3084/4644/2966
f 2658/4016/2858 2652/4006/2856 2986/4546/2967 2988/4548/2968
f 2868/4366/2928 2862/4356/2926 3056/4616/2969 3058/4618/2970
f 2790/4236/2902 2784/4226/2900 3030/4590/2971 3032/4592/2972
f 2712/4106/2876 2706/4096/2874 3004/4564/2973 3006/4566/2974
f 2922/4456/2946 2916/4446/2944 3074/4634/2975 3076/4636/2976
f 2634/3976/2850 2628/3966/2848 2978/4538/2977 2980/4540/2978
f 2844/4326/2920 2838/4316/2918 3048/4608/2979 3050/4610/2980
f 2766/4196/2894 2760/4186/2892 3022/4582/2981 3024/4584/2982
f 2688/4066/2868 2682/4056/2866 2996/4556/2983 2998/4558/2984
f 2898/4416/2938 2892/4406/2936 3066/4626/2985 3068/4628/2986
f 2610/3936/2842 2604/3926/2825 2970/4530/2828 2972/4532/2987
f 2820/4286/2912 2814/4276/2910 3040/4600/2962 3042/4602/2988
f 2742/4156/2886 2736/4146/2884 3014/4574/2964 3016/4576/2989
f 2952/4506/2956 2946/4496/2954 3084/4644/2966 3086/4646/2990
f 2664/4026/2860 2658/4016/2858 2988/4548/2968 2990/4550/2991
f 2874/4376/2930 2868/4366/2928 3058/4618/2970 3060/4620/2992
f 2796/4246/2904 2790/4236/2902 3032/4592/2972 3034/4594/2993
f 2718/4116/2878 2712/4106/2876 3006/4566/2974 3008/4568/2994
f 2928/4466/2948 2922/4456/2946 3076/4636/2976 3078/4638/2995
f 2640/3986/2852 2634/3976/2850 2980/4540/2978 2982/4542/2996
f 2850/4336/2922 2844/4326/2920 3050/4610/2980 3052/4612/2997
f 2772/4206/2896 2766/4196/2894 3024/4584/2982 3026/4586/2998
f 2694/4076/2870 2688/4066/2868 2998/4558/2984 3000/4560/2999
f 2904/4426/2940 2898/4416/2938 3068/4628/2986 3070/4630/3000
f 2616/3946/2844 2610/3936/2842 2972/4532/2987 2974/4534/3001
f 2963/4523/3002 2962/4522/3003 3087/4647/3004 3085/4645/3005 3083/4643/3006 3081/4641/3007 3079/4639/3008 3077/4637/3009 3075/4635/3010 3073/4633/3011 3071/4631/3012 3069/4629/3013 3067/4627/3014 3065/4625/3015 3063/4623/3016 3061/4621/3017 3059/4619/3018 3057/4617/3019 3055/4615/3020 3053/4613/3021 3051/4611/3022 3049/4609/3023 3047/4607/3024 3045/4605/3025 3043/4603/3026 3041/4601/3027 3039/4599/3028 3037/4597/3029 3035/4595/3030 3033/4593/3031 3031/4591/3032 3029/4589/3033 3027/4587/3034 3025/4585/3035 3023/4583/3036 3021/4581/3037 3019/4579/3038 3017/4577/3039 3015/4575/3040 3013/4573/3041 3011/4571/3042 3009/4569/3043 3007/4567/3044 3005/4565/3045 3003/4563/3046 3001/4561/3047 2999/4559/3048 2997/4557/3049 2995/4555/3050 2993/4553/3051 2991/4551/3052 2989/4549/3053 2987/4547/3054 2985/4545/3055 2983/4543/3056 2981/4541/3057 2979/4539/3058 2977/4537/3059 2975/4535/3060 2973/4533/3061 2971/4531/3062 2969/4529/3063 2967/4527/3064 2965/4525/3065
f 2826/4296/2914 2820/4286/2912 3042/4602/2988 3044/4604/3066
f 2748/4166/2888 2742/4156/2886 3016/4576/2989 3018/4578/3067
f 2958/4516/2958 2952/4506/2956 3086/4646/2990 3088/4648/2959
f 2670/4036/2862 2664/4026/2860 2990/4550/2991 2992/4552/3068
f 2880/4386/2932 2874/4376/2930 3060/4620/2992 3062/4622/3069
f 2802/4256/2906 2796/4246/2904 3034/4594/2993 3036/4596/3070
f 2724/4126/2880 2718/4116/2878 3008/4568/2994 3010/4570/3071
f 2934/4476/2950 2928/4466/2948 3078/4638/2995 3080/4640/3072
f 2646/3996/2854 2640/3986/2852 2982/4542/2996 2984/4544/3073
f 2856/4346/2924 2850/4336/2922 3052/4612/2997 3054/4614/3074
f 2778/4216/2898 2772/4206/2896 3026/4586/2998 3028/4588/3075
f 2700/4086/2872 2694/4076/2870 3000/4560/2999 3002/4562/3076
f 2910/4436/2942 2904/4426/2940 3070/4630/3000 3072/4632/3077
f 2622/3956/2846 2616/3946/2844 2974/4534/3001 2976/4536/3078
f 2832/4306/2916 2826/4296/2914 3044/4604/3066 3046/4606/3079
f 2754/4176/2890 2748/4166/2888 3018/4578/3067 3020/4580/3080
f 2676/4046/2864 2670/4036/2862 2992/4552/3068 2994/4554/3081
f 2886/4396/2934 2880/4386/2932 3062/4622/3069 3064/4624/3082
f 2598/3916/2826 2592/3906/2838 2966/4526/3083 2968/4528/2827
f 2808/4266/2908 2802/4256/2906 3036/4596/3070 3038/4598/2961
f 2730/4136/2882 2724/4126/2880 3010/4570/3071 3012/4572/2963
f 2940/4486/2952 2934/4476/2950 3080/4640/3072 3082/4642/2965
f 2652/4006/2856 2646/3996/2854 2984/4544/3073 2986/4546/2967
f 2862/4356/2926 2856/4346/2924 3054/4614/3074 3056/4616/2969
f 2784/4226/2900 2778/4216/2898 3028/4588/3075 3030/4590/2971
f 2706/4096/2874 2700/4086/2872 3002/4562/3076 3004/4564/2973
f 2916/4446/2944 2910/4436/2942 3072/4632/3077 3074/4634/2975
f 2628/3966/2848 2622/3956/2846 2976/4536/3078 2978/4538/2977
f 2838/4316/2918 2832/4306/2916 3046/4606/3079 3048/4608/2979
f 2760/4186/2892 2754/4176/2890 3020/4580/3080 3022/4582/2981
f 2592/3906/2838 2586/3896/2836 2964/4524/3084 2966/4526/3083
f 2682/4056/2866 2676/4046/2864 2994/4554/3081 2996/4556/2983
f 2892/4406/2936 2886/4396/2934 3064/4624/3082 3066/4626/2985
f 2962/4522/3003 2963/4523/3002 2964/4524/3084 2961/4521/2960
f 2963/4523/3002 2965/4525/3065 2966/4526/3083 2964/4524/3084
f 2965/4525/3065 2967/4527/3064 2968/4528/2827 2966/4526/3083
f 2967/4527/3064 2969/4529/3063 2970/4530/2828 2968/4528/2827
f 2969/4529/3063 2971/4531/3062 2972/4532/2987 2970/4530/2828
f 2971/4531/3062 2973/4533/3061 2974/4534/3001 2972/4532/2987
f 2973/4533/3061 2975/4535/3060 2976/4536/3078 2974/4534/3001
f 2975/4535/3060 2977/4537/3059 2978/4538/2977 2976/4536/3078
f 2977/4537/3059 2979/4539/3058 2980/4540/2978 2978/4538/2977
f 2979/4539/3058 2981/4541/3057 2982/4542/2996 2980/4540/2978
f 2981/4541/3057 2983/4543/3056 2984/4544/3073 2982/4542/2996
f 2983/4543/3056 2985/4545/3055 2986/4546/2967 2984/4544/3073
f 2985/4545/3055 2987/4547/3054 2988/4548/2968 2986/4546/2967
f 2987/4547/3054 2989/4549/3053 2990/4550/2991 2988/4548/2968
f 2989/4549/3053 2991/4551/3052 2992/4552/3068 2990/4550/2991
f 2991/4551/3052 2993/4553/3051 2994/4554/3081 2992/4552/3068
f 2993/4553/3051 2995/4555/3050 2996/4556/2983 2994/4554/3081
f 2995/4555/3050 2997/4557/3049 2998/4558/2984 2996/4556/2983
f 2997/4557/3049 2999/4559/3048 3000/4560/2999 2998/4558/2984
f 2999/4559/3048 3001/4561/3047 3002/4562/3076 3000/4560/2999
f 3001/4561/3047 3003/4563/3046 3004/4564/2973 3002/4562/3076
f 3003/4563/3046 3005/4565/3045 3006/4566/2974 3004/4564/2973
f 3005/4565/3045 3007/4567/3044 3008/4568/2994 3006/4566/2974
f 3007/4567/3044 3009/4569/3043 3010/4570/3071 3008/4568/2994
f 3009/4569/3043 3011/4571/3042 3012/4572/2963 3010/4570/3071
f 3011/4571/3042 3013/4573/3041 3014/4574/2964 3012/4572/2963
f 3013/4573/3041 3015/4575/3040 3016/4576/2989 3014/4574/2964
f 3015/4575/3040 3017/4577/3039 3018/4578/3067 3016/4576/2989
f 3017/4577/3039 3019/4579/3038 3020/4580/3080 3018/4578/3067
f 3019/4579/3038 3021/4581/3037 3022/4582/2981 3020/4580/3080
f 3021/4581/3037 3023/4583/3036 3024/4584/2982 3022/4582/2981
f 3023/4583/3036 3025/4585/3035 3026/4586/2998 3024/4584/2982
f 3025/4585/3035 3027/4587/3034 3028/4588/3075 3026/4586/2998
f 3027/4587/3034 3029/4589/3033 3030/4590/2971 3028/4588/3075
f 3029/4589/3033 3031/4591/3032 3032/4592/2972 3030/4590/2971
f 3031/4591/3032 3033/4593/3031 3034/4594/2993 3032/4592/2972
f 3033/4593/3031 3035/4595/3030 3036/4596/3070 3034/4594/2993
f 3035/4595/3030 3037/4597/3029 3038/4598/2961 3036/4596/3070
f 3037/4597/3029 3039/4599/3028 3040/4600/2962 3038/4598/2961
f 3039/4599/3028 3041/4601/3027 3042/4602/2988 3040/4600/2962
f 3041/4601/3027 3043/4603/3026 3044/4604/3066 3042/4602/2988
f 3043/4603/3026 3045/4605/3025 3046/4606/3079 3044/4604/3066
f 3045/4605/3025 3047/4607/3024 3048/4608/2979 3046/4606/3079
f 3047/4607/3024 3049/4609/3023 3050/4610/2980 3048/4608/2979
f 3049/4609/3023 3051/4611/3022 3052/4612/2997 3050/4610/2980
f 3051/4611/3022 3053/4613/3021 3054/4614/3074 3052/4612/2997
f 3053/4613/3021 3055/4615/3020 3056/4616/2969 3054/4614/3074
f 3055/4615/3020 3057/4617/3019 3058/4618/2970 3056/4616/2969
f 3057/4617/3019 3059/4619/3018 3060/4620/2992 3058/4618/2970
f 3059/4619/3018 3061/4621/3017 3062/4622/3069 3060/4620/2992
f 3061/4621/3017 3063/4623/3016 3064/4624/3082 3062/4622/3069
f 3063/4623/3016 3065/4625/3015 3066/4626/2985 3064/4624/3082
f 3065/4625/3015 3067/4627/3014 3068/4628/2986 3066/4626/2985
f 3067/4627/3014 3069/4629/3013 3070/4630/3000 3068/4628/2986
f 3069/4629/3013 3071/4631/3012 3072/4632/3077 3070/4630/3000
f 3071/4631/3012 3073/4633/3011 3074/4634/2975 3072/4632/3077
f 3073/4633/3011 3075/4635/3010 3076/4636/2976 3074/4634/2975
f 3075/4635/3010 3077/4637/3009 3078/4638/2995 3076/4636/2976
f 3077/4637/3009 3079/4639/3008 3080/4640/3072 3078/4638/2995
f 3079/4639/3008 3081/4641/3007 3082/4642/2965 3080/4640/3072
f 3081/4641/3007 3083/4643/3006 3084/4644/2966 3082/4642/2965
f 3083/4643/3006 3085/4645/3005 3086/4646/2990 3084/4644/2966
f 3085/4645/3005 3087/4647/3004 3088/4648/2959 3086/4646/2990
f 3087/4647/3004 2962/4522/3003 2961/4521/2960 3088/4648/2959
f 2586/3896/2836 2580/3885/2834 2961/4521/2960 2964/4524/3084
